{
"type": "FeatureCollection",
"name": "slope_mask",
"crs": { "type": "name", "properties": { "name": "urn:ogc:def:crs:EPSG::4269" } },
"features": [
{ "type": "Feature", "properties": { "slope_class": 1, "label": "> 45 degrees", "min_deg": 45 }, "geometry": { "type": "Polygon", "coordinates": [ [ [ -115.058333332211035, 48.930277777265751 ], [ -115.058333332211035, 48.931944443934213 ], [ -115.05824073961827, 48.931944443934213 ], [ -115.05824073961827, 48.965740740266867 ], [ -115.058148147025491, 48.965740740266867 ], [ -115.058148147025491, 48.970925925457628 ], [ -115.05824073961827, 48.970925925457628 ], [ -115.05824073961827, 48.976944443982624 ], [ -115.058333332211035, 48.976944443982624 ], [ -115.058333332211035, 48.982037036580692 ], [ -115.05824073961827, 48.982037036580692 ], [ -115.05824073961827, 48.983055555100307 ], [ -115.058148147025491, 48.983055555100307 ], [ -115.058148147025491, 48.984074073619922 ], [ -115.058055554432713, 48.984074073619922 ], [ -115.058055554432713, 48.985185184732231 ], [ -115.057962961839934, 48.985185184732231 ], [ -115.057962961839934, 48.986203703251846 ], [ -115.057870369247169, 48.986203703251846 ], [ -115.057870369247169, 48.987222221771454 ], [ -115.05777777665439, 48.987222221771454 ], [ -115.05777777665439, 48.988333332883762 ], [ -115.057685184061611, 48.988333332883762 ], [ -115.057685184061611, 48.989074073625304 ], [ -115.057592591468833, 48.989074073625304 ], [ -115.057592591468833, 48.989722221774144 ], [ -115.057499998876068, 48.989722221774144 ], [ -115.057499998876068, 48.990277777330299 ], [ -115.057407406283289, 48.990277777330299 ], [ -115.057407406283289, 48.990925925479146 ], [ -115.05731481369051, 48.990925925479146 ], [ -115.05731481369051, 48.991574073627987 ], [ -115.057222221097732, 48.991574073627987 ], [ -115.057222221097732, 48.992129629184141 ], [ -115.057129628504967, 48.992129629184141 ], [ -115.057129628504967, 48.992777777332989 ], [ -115.057037035912188, 48.992777777332989 ], [ -115.057037035912188, 48.993425925481837 ], [ -115.056944443319409, 48.993425925481837 ], [ -115.056944443319409, 48.993981481037984 ], [ -115.05685185072663, 48.993981481037984 ], [ -115.05685185072663, 48.994629629186832 ], [ -115.056759258133866, 48.994629629186832 ], [ -115.056759258133866, 48.99527777733568 ], [ -115.056666665541087, 48.99527777733568 ], [ -115.056666665541087, 48.995833332891834 ], [ -115.056574072948308, 48.995833332891834 ], [ -115.056574072948308, 48.996481481040675 ], [ -115.056481480355529, 48.996481481040675 ], [ -115.056481480355529, 48.997129629189523 ], [ -115.056388887762765, 48.997129629189523 ], [ -115.056388887762765, 48.997685184745677 ], [ -115.056296295169986, 48.997685184745677 ], [ -115.056296295169986, 48.998333332894518 ], [ -115.056203702577207, 48.998333332894518 ], [ -115.056203702577207, 48.998981481043366 ], [ -115.056111109984428, 48.998981481043366 ], [ -115.056111109984428, 48.999444444006826 ], [ -115.005462961736299, 48.999444444006826 ], [ -115.005462961736299, 48.99953703659952 ], [ -114.988703702443956, 48.99953703659952 ], [ -114.988703702443956, 48.999629629192214 ], [ -114.972592591301037, 48.999629629192214 ], [ -114.972592591301037, 48.999722221784907 ], [ -114.958981480163061, 48.999722221784907 ], [ -114.958981480163061, 48.999814814377594 ], [ -114.928611109732728, 48.999814814377594 ], [ -114.928611109732728, 48.999907406970287 ], [ -114.928518517139963, 48.999907406970287 ], [ -114.928518517139963, 48.999953756061274 ], [ -114.919294085318, 48.999962855709597 ], [ -114.877572931483996, 48.9999706657525 ], [ -114.875776813854003, 48.999971041167399 ], [ -114.835851580021995, 48.999972311212701 ], [ -114.825648146566508, 48.9999537978779 ], [ -114.825648146566508, 48.999907406970287 ], [ -114.825555553973743, 48.999907406970287 ], [ -114.825555553973743, 48.999814814377594 ], [ -114.729537035265665, 48.999814814377594 ], [ -114.729537035265665, 48.99953703659952 ], [ -114.729722220451222, 48.99953703659952 ], [ -114.729722220451222, 48.999444444006826 ], [ -114.729814813044001, 48.999444444006826 ], [ -114.729814813044001, 48.999351851414133 ], [ -114.729999998229545, 48.999351851414133 ], [ -114.729999998229545, 48.999259258821446 ], [ -114.730185183415102, 48.999259258821446 ], [ -114.730185183415102, 48.999166666228753 ], [ -114.730370368600646, 48.999166666228753 ], [ -114.730370368600646, 48.999074073636059 ], [ -114.730555553786203, 48.999074073636059 ], [ -114.730555553786203, 48.998981481043366 ], [ -114.730648146378968, 48.998981481043366 ], [ -114.730648146378968, 48.998888888450672 ], [ -114.730925924157305, 48.998888888450672 ], [ -114.730925924157305, 48.998796295857979 ], [ -114.731203701935627, 48.998796295857979 ], [ -114.731203701935627, 48.998703703265292 ], [ -114.73138888712117, 48.998703703265292 ], [ -114.73138888712117, 48.998611110672599 ], [ -114.731666664899507, 48.998611110672599 ], [ -114.731666664899507, 48.998518518079905 ], [ -114.73185185008505, 48.998518518079905 ], [ -114.73185185008505, 48.998425925487211 ], [ -114.732037035270608, 48.998425925487211 ], [ -114.732037035270608, 48.998333332894518 ], [ -114.732129627863372, 48.998333332894518 ], [ -114.732129627863372, 48.998240740301831 ], [ -114.732222220456151, 48.998240740301831 ], [ -114.732222220456151, 48.998148147709138 ], [ -114.73231481304893, 48.998148147709138 ], [ -114.73231481304893, 48.998055555116444 ], [ -114.732499998234488, 48.998055555116444 ], [ -114.732499998234488, 48.997962962523751 ], [ -114.732685183420031, 48.997962962523751 ], [ -114.732685183420031, 48.997870369931057 ], [ -114.732870368605589, 48.997870369931057 ], [ -114.732870368605589, 48.997777777338371 ], [ -114.733055553791132, 48.997777777338371 ], [ -114.733055553791132, 48.997685184745677 ], [ -114.73324073897669, 48.997685184745677 ], [ -114.73324073897669, 48.997592592152984 ], [ -114.733425924162233, 48.997592592152984 ], [ -114.733425924162233, 48.99749999956029 ], [ -114.733518516755012, 48.99749999956029 ], [ -114.733518516755012, 48.997407406967596 ], [ -114.733703701940556, 48.997407406967596 ], [ -114.733703701940556, 48.99731481437491 ], [ -114.733796294533335, 48.99731481437491 ], [ -114.733796294533335, 48.997222221782216 ], [ -114.733888887126113, 48.997222221782216 ], [ -114.733888887126113, 48.997129629189523 ], [ -114.734074072311657, 48.997129629189523 ], [ -114.734074072311657, 48.997037036596829 ], [ -114.734166664904436, 48.997037036596829 ], [ -114.734166664904436, 48.996944444004136 ], [ -114.734259257497214, 48.996944444004136 ], [ -114.734259257497214, 48.996851851411449 ], [ -114.734351850089993, 48.996851851411449 ], [ -114.734351850089993, 48.996759258818756 ], [ -114.734537035275537, 48.996759258818756 ], [ -114.734537035275537, 48.996666666226062 ], [ -114.734629627868316, 48.996666666226062 ], [ -114.734629627868316, 48.996574073633369 ], [ -114.734722220461094, 48.996574073633369 ], [ -114.734722220461094, 48.996481481040675 ], [ -114.734814813053859, 48.996481481040675 ], [ -114.734814813053859, 48.996388888447981 ], [ -114.734907405646638, 48.996388888447981 ], [ -114.734907405646638, 48.996296295855295 ], [ -114.734999998239417, 48.996296295855295 ], [ -114.734999998239417, 48.996203703262601 ], [ -114.735092590832195, 48.996203703262601 ], [ -114.735092590832195, 48.996111110669908 ], [ -114.73518518342496, 48.996111110669908 ], [ -114.73518518342496, 48.996018518077214 ], [ -114.735277776017739, 48.996018518077214 ], [ -114.735277776017739, 48.995833332891834 ], [ -114.735370368610518, 48.995833332891834 ], [ -114.735370368610518, 48.995740740299141 ], [ -114.735462961203297, 48.995740740299141 ], [ -114.735462961203297, 48.995555555113754 ], [ -114.735555553796075, 48.995555555113754 ], [ -114.735555553796075, 48.99546296252106 ], [ -114.73564814638884, 48.99546296252106 ], [ -114.73564814638884, 48.995370369928374 ], [ -114.735740738981619, 48.995370369928374 ], [ -114.735740738981619, 48.995185184742986 ], [ -114.735833331574398, 48.995185184742986 ], [ -114.735833331574398, 48.995092592150293 ], [ -114.735925924167177, 48.995092592150293 ], [ -114.735925924167177, 48.994907406964913 ], [ -114.736018516759941, 48.994907406964913 ], [ -114.736018516759941, 48.994722221779526 ], [ -114.73611110935272, 48.994722221779526 ], [ -114.73611110935272, 48.994537036594139 ], [ -114.736203701945499, 48.994537036594139 ], [ -114.736203701945499, 48.994351851408759 ], [ -114.736296294538278, 48.994351851408759 ], [ -114.736296294538278, 48.994166666223371 ], [ -114.736388887131042, 48.994166666223371 ], [ -114.736388887131042, 48.993981481037984 ], [ -114.736481479723821, 48.993981481037984 ], [ -114.736481479723821, 48.993796295852604 ], [ -114.7365740723166, 48.993796295852604 ], [ -114.7365740723166, 48.993518518074524 ], [ -114.736666664909379, 48.993518518074524 ], [ -114.736666664909379, 48.993333332889144 ], [ -114.736759257502143, 48.993333332889144 ], [ -114.736759257502143, 48.993055555111063 ], [ -114.736851850094922, 48.993055555111063 ], [ -114.736851850094922, 48.992962962518376 ], [ -114.736944442687701, 48.992962962518376 ], [ -114.736944442687701, 48.992777777332989 ], [ -114.73703703528048, 48.992777777332989 ], [ -114.73703703528048, 48.992685184740296 ], [ -114.737129627873244, 48.992685184740296 ], [ -114.737129627873244, 48.992499999554916 ], [ -114.737314813058802, 48.992499999554916 ], [ -114.737314813058802, 48.992407406962222 ], [ -114.737407405651581, 48.992407406962222 ], [ -114.737407405651581, 48.992314814369529 ], [ -114.737592590837124, 48.992314814369529 ], [ -114.737592590837124, 48.992222221776835 ], [ -114.737685183429903, 48.992222221776835 ], [ -114.737685183429903, 48.992129629184141 ], [ -114.737870368615447, 48.992129629184141 ], [ -114.737870368615447, 48.992037036591448 ], [ -114.738148146393783, 48.992037036591448 ], [ -114.738148146393783, 48.991944443998761 ], [ -114.738333331579327, 48.991944443998761 ], [ -114.738333331579327, 48.991851851406068 ], [ -114.738611109357663, 48.991851851406068 ], [ -114.738611109357663, 48.991759258813374 ], [ -114.738796294543206, 48.991759258813374 ], [ -114.738796294543206, 48.991666666220681 ], [ -114.738888887135985, 48.991666666220681 ], [ -114.738888887135985, 48.991574073627987 ], [ -114.738981479728764, 48.991574073627987 ], [ -114.738981479728764, 48.991388888442607 ], [ -114.739074072321529, 48.991388888442607 ], [ -114.739074072321529, 48.991296295849914 ], [ -114.739166664914308, 48.991296295849914 ], [ -114.739166664914308, 48.991111110664527 ], [ -114.739259257507086, 48.991111110664527 ], [ -114.739259257507086, 48.99101851807184 ], [ -114.739166664914308, 48.99101851807184 ], [ -114.739166664914308, 48.990740740293759 ], [ -114.739074072321529, 48.990740740293759 ], [ -114.739074072321529, 48.990555555108379 ], [ -114.738981479728764, 48.990555555108379 ], [ -114.738981479728764, 48.990370369922992 ], [ -114.738888887135985, 48.990370369922992 ], [ -114.738888887135985, 48.990277777330299 ], [ -114.738796294543206, 48.990277777330299 ], [ -114.738796294543206, 48.990092592144919 ], [ -114.738703701950428, 48.990092592144919 ], [ -114.738703701950428, 48.989999999552225 ], [ -114.738611109357663, 48.989999999552225 ], [ -114.738611109357663, 48.989907406959531 ], [ -114.738518516764884, 48.989907406959531 ], [ -114.738518516764884, 48.989722221774144 ], [ -114.738425924172105, 48.989722221774144 ], [ -114.738425924172105, 48.989629629181451 ], [ -114.738333331579327, 48.989629629181451 ], [ -114.738333331579327, 48.989444443996071 ], [ -114.738240738986548, 48.989444443996071 ], [ -114.738240738986548, 48.989351851403377 ], [ -114.738148146393783, 48.989351851403377 ], [ -114.738148146393783, 48.989259258810684 ], [ -114.738055553801004, 48.989259258810684 ], [ -114.738055553801004, 48.98916666621799 ], [ -114.737962961208225, 48.98916666621799 ], [ -114.737962961208225, 48.989074073625304 ], [ -114.737870368615447, 48.989074073625304 ], [ -114.737870368615447, 48.98898148103261 ], [ -114.737685183429903, 48.98898148103261 ], [ -114.737685183429903, 48.988888888439917 ], [ -114.737592590837124, 48.988888888439917 ], [ -114.737592590837124, 48.988796295847223 ], [ -114.737499998244346, 48.988796295847223 ], [ -114.737499998244346, 48.988703703254529 ], [ -114.737407405651581, 48.988703703254529 ], [ -114.737407405651581, 48.988611110661843 ], [ -114.737314813058802, 48.988611110661843 ], [ -114.737314813058802, 48.988518518069149 ], [ -114.737222220466023, 48.988518518069149 ], [ -114.737222220466023, 48.988425925476456 ], [ -114.737129627873244, 48.988425925476456 ], [ -114.737129627873244, 48.988333332883762 ], [ -114.73703703528048, 48.988333332883762 ], [ -114.73703703528048, 48.988240740291069 ], [ -114.736944442687701, 48.988240740291069 ], [ -114.736944442687701, 48.988148147698382 ], [ -114.736759257502143, 48.988148147698382 ], [ -114.736759257502143, 48.988055555105689 ], [ -114.736666664909379, 48.988055555105689 ], [ -114.736666664909379, 48.987962962512995 ], [ -114.7365740723166, 48.987962962512995 ], [ -114.7365740723166, 48.987870369920302 ], [ -114.736481479723821, 48.987870369920302 ], [ -114.736481479723821, 48.987777777327608 ], [ -114.736296294538278, 48.987777777327608 ], [ -114.736296294538278, 48.987685184734914 ], [ -114.736203701945499, 48.987685184734914 ], [ -114.736203701945499, 48.987592592142228 ], [ -114.73611110935272, 48.987592592142228 ], [ -114.73611110935272, 48.987499999549534 ], [ -114.735925924167177, 48.987499999549534 ], [ -114.735925924167177, 48.987407406956841 ], [ -114.735833331574398, 48.987407406956841 ], [ -114.735833331574398, 48.987314814364147 ], [ -114.735740738981619, 48.987314814364147 ], [ -114.735740738981619, 48.987222221771454 ], [ -114.73564814638884, 48.987222221771454 ], [ -114.73564814638884, 48.987037036586074 ], [ -114.735555553796075, 48.987037036586074 ], [ -114.735555553796075, 48.986759258807993 ], [ -114.735462961203297, 48.986759258807993 ], [ -114.735462961203297, 48.986481481029919 ], [ -114.735370368610518, 48.986481481029919 ], [ -114.735370368610518, 48.986296295844532 ], [ -114.735277776017739, 48.986296295844532 ], [ -114.735277776017739, 48.986018518066459 ], [ -114.73518518342496, 48.986018518066459 ], [ -114.73518518342496, 48.985833332881072 ], [ -114.735092590832195, 48.985833332881072 ], [ -114.735092590832195, 48.985555555102998 ], [ -114.734999998239417, 48.985555555102998 ], [ -114.734999998239417, 48.98490740695415 ], [ -114.734907405646638, 48.98490740695415 ], [ -114.734907405646638, 48.983148147693001 ], [ -114.734814813053859, 48.983148147693001 ], [ -114.734814813053859, 48.98287036991492 ], [ -114.734722220461094, 48.98287036991492 ], [ -114.734722220461094, 48.98268518472954 ], [ -114.734629627868316, 48.98268518472954 ], [ -114.734629627868316, 48.982592592136847 ], [ -114.734537035275537, 48.982592592136847 ], [ -114.734537035275537, 48.982499999544153 ], [ -114.734444442682758, 48.982499999544153 ], [ -114.734444442682758, 48.982407406951459 ], [ -114.734259257497214, 48.982407406951459 ], [ -114.734259257497214, 48.982314814358773 ], [ -114.734166664904436, 48.982314814358773 ], [ -114.734166664904436, 48.982222221766079 ], [ -114.733148146383911, 48.982222221766079 ], [ -114.733148146383911, 48.982314814358773 ], [ -114.732129627863372, 48.982314814358773 ], [ -114.732129627863372, 48.982222221766079 ], [ -114.731944442677829, 48.982222221766079 ], [ -114.731944442677829, 48.982129629173386 ], [ -114.73185185008505, 48.982129629173386 ], [ -114.73185185008505, 48.982037036580692 ], [ -114.731666664899507, 48.982037036580692 ], [ -114.731666664899507, 48.981944443987999 ], [ -114.731574072306728, 48.981944443987999 ], [ -114.731574072306728, 48.981851851395312 ], [ -114.731296294528406, 48.981851851395312 ], [ -114.731296294528406, 48.981759258802619 ], [ -114.731111109342848, 48.981759258802619 ], [ -114.731111109342848, 48.981666666209925 ], [ -114.730092590822323, 48.981666666209925 ], [ -114.730092590822323, 48.981759258802619 ], [ -114.728888887116241, 48.981759258802619 ], [ -114.728888887116241, 48.981851851395312 ], [ -114.727870368595717, 48.981851851395312 ], [ -114.727870368595717, 48.981759258802619 ], [ -114.727777776002938, 48.981759258802619 ], [ -114.727777776002938, 48.981666666209925 ], [ -114.727685183410159, 48.981666666209925 ], [ -114.727685183410159, 48.981574073617232 ], [ -114.727499998224616, 48.981574073617232 ], [ -114.727499998224616, 48.981481481024538 ], [ -114.727407405631837, 48.981481481024538 ], [ -114.727407405631837, 48.981388888431852 ], [ -114.727314813039058, 48.981388888431852 ], [ -114.727314813039058, 48.981296295839158 ], [ -114.727129627853515, 48.981296295839158 ], [ -114.727129627853515, 48.981203703246464 ], [ -114.727037035260736, 48.981203703246464 ], [ -114.727037035260736, 48.981111110653771 ], [ -114.726851850075178, 48.981111110653771 ], [ -114.726851850075178, 48.981018518061077 ], [ -114.726759257482414, 48.981018518061077 ], [ -114.726759257482414, 48.980925925468384 ], [ -114.726574072296856, 48.980925925468384 ], [ -114.726574072296856, 48.980833332875697 ], [ -114.726481479704077, 48.980833332875697 ], [ -114.726481479704077, 48.980740740283004 ], [ -114.726296294518534, 48.980740740283004 ], [ -114.726296294518534, 48.98064814769031 ], [ -114.726111109332976, 48.98064814769031 ], [ -114.726111109332976, 48.980555555097617 ], [ -114.725925924147433, 48.980555555097617 ], [ -114.725925924147433, 48.980462962504923 ], [ -114.725833331554654, 48.980462962504923 ], [ -114.725833331554654, 48.980370369912237 ], [ -114.725648146369096, 48.980370369912237 ], [ -114.725648146369096, 48.980277777319543 ], [ -114.725462961183553, 48.980277777319543 ], [ -114.725462961183553, 48.980185184726849 ], [ -114.725277775997995, 48.980185184726849 ], [ -114.725277775997995, 48.980092592134156 ], [ -114.725092590812451, 48.980092592134156 ], [ -114.725092590812451, 48.979999999541462 ], [ -114.724907405626894, 48.979999999541462 ], [ -114.724907405626894, 48.979907406948776 ], [ -114.72472222044135, 48.979907406948776 ], [ -114.72472222044135, 48.979814814356082 ], [ -114.724444442663028, 48.979814814356082 ], [ -114.724444442663028, 48.979722221763389 ], [ -114.724166664884692, 48.979722221763389 ], [ -114.724166664884692, 48.979629629170695 ], [ -114.724074072291927, 48.979629629170695 ], [ -114.724074072291927, 48.979722221763389 ], [ -114.721111109323104, 48.979722221763389 ], [ -114.721111109323104, 48.979814814356082 ], [ -114.7196296278387, 48.979814814356082 ], [ -114.7196296278387, 48.979907406948776 ], [ -114.718425924132617, 48.979907406948776 ], [ -114.718425924132617, 48.979814814356082 ], [ -114.717685183390415, 48.979814814356082 ], [ -114.717685183390415, 48.979722221763389 ], [ -114.717407405612093, 48.979722221763389 ], [ -114.717407405612093, 48.979629629170695 ], [ -114.717037035240992, 48.979629629170695 ], [ -114.717037035240992, 48.979537036578002 ], [ -114.716203701906011, 48.979537036578002 ], [ -114.716203701906011, 48.979444443985315 ], [ -114.716018516720467, 48.979444443985315 ], [ -114.716018516720467, 48.979537036578002 ], [ -114.715555553756587, 48.979537036578002 ], [ -114.715555553756587, 48.979629629170695 ], [ -114.715092590792707, 48.979629629170695 ], [ -114.715092590792707, 48.979722221763389 ], [ -114.714351850050505, 48.979722221763389 ], [ -114.714351850050505, 48.979814814356082 ], [ -114.712870368566101, 48.979814814356082 ], [ -114.712870368566101, 48.979722221763389 ], [ -114.712314813009442, 48.979722221763389 ], [ -114.712314813009442, 48.979629629170695 ], [ -114.711203701896139, 48.979629629170695 ], [ -114.711203701896139, 48.979722221763389 ], [ -114.710370368561172, 48.979722221763389 ], [ -114.710370368561172, 48.979814814356082 ], [ -114.709814813004513, 48.979814814356082 ], [ -114.709814813004513, 48.979907406948776 ], [ -114.709259257447854, 48.979907406948776 ], [ -114.709259257447854, 48.979814814356082 ], [ -114.708611109298431, 48.979814814356082 ], [ -114.708611109298431, 48.979722221763389 ], [ -114.706574072257368, 48.979722221763389 ], [ -114.706574072257368, 48.979814814356082 ], [ -114.705555553736843, 48.979814814356082 ], [ -114.705555553736843, 48.979907406948776 ], [ -114.699999998170327, 48.979907406948776 ], [ -114.699999998170327, 48.979999999541462 ], [ -114.696574072237638, 48.979999999541462 ], [ -114.696574072237638, 48.979907406948776 ], [ -114.696481479644859, 48.979907406948776 ], [ -114.696481479644859, 48.979814814356082 ], [ -114.696296294459302, 48.979814814356082 ], [ -114.696296294459302, 48.979722221763389 ], [ -114.696203701866537, 48.979722221763389 ], [ -114.696203701866537, 48.979629629170695 ], [ -114.696111109273758, 48.979629629170695 ], [ -114.696111109273758, 48.979537036578002 ], [ -114.696018516680979, 48.979537036578002 ], [ -114.696018516680979, 48.979444443985315 ], [ -114.695925924088201, 48.979444443985315 ], [ -114.695925924088201, 48.979351851392622 ], [ -114.695833331495436, 48.979351851392622 ], [ -114.695833331495436, 48.979259258799928 ], [ -114.695740738902657, 48.979259258799928 ], [ -114.695740738902657, 48.979166666207234 ], [ -114.695648146309878, 48.979166666207234 ], [ -114.695648146309878, 48.979074073614541 ], [ -114.695555553717099, 48.979074073614541 ], [ -114.695555553717099, 48.978981481021854 ], [ -114.695462961124335, 48.978981481021854 ], [ -114.695462961124335, 48.978888888429161 ], [ -114.695370368531556, 48.978888888429161 ], [ -114.695370368531556, 48.978796295836467 ], [ -114.695277775938777, 48.978796295836467 ], [ -114.695277775938777, 48.978703703243774 ], [ -114.695185183345998, 48.978703703243774 ], [ -114.695185183345998, 48.97861111065108 ], [ -114.695092590753234, 48.97861111065108 ], [ -114.695092590753234, 48.978518518058387 ], [ -114.694999998160455, 48.978518518058387 ], [ -114.694999998160455, 48.9784259254657 ], [ -114.694907405567676, 48.9784259254657 ], [ -114.694907405567676, 48.978333332873007 ], [ -114.694814812974897, 48.978333332873007 ], [ -114.694814812974897, 48.978240740280313 ], [ -114.694722220382133, 48.978240740280313 ], [ -114.694722220382133, 48.978148147687619 ], [ -114.694629627789354, 48.978148147687619 ], [ -114.694629627789354, 48.978055555094926 ], [ -114.694537035196575, 48.978055555094926 ], [ -114.694537035196575, 48.977962962502239 ], [ -114.694444442603796, 48.977962962502239 ], [ -114.694444442603796, 48.977870369909546 ], [ -114.694351850011032, 48.977870369909546 ], [ -114.694351850011032, 48.977777777316852 ], [ -114.694166664825474, 48.977777777316852 ], [ -114.694166664825474, 48.977685184724159 ], [ -114.694074072232695, 48.977685184724159 ], [ -114.694074072232695, 48.977592592131465 ], [ -114.693888887047152, 48.977592592131465 ], [ -114.693888887047152, 48.977499999538779 ], [ -114.693796294454373, 48.977499999538779 ], [ -114.693796294454373, 48.977407406946085 ], [ -114.693611109268815, 48.977407406946085 ], [ -114.693611109268815, 48.977314814353392 ], [ -114.69351851667605, 48.977314814353392 ], [ -114.69351851667605, 48.977222221760698 ], [ -114.693333331490493, 48.977222221760698 ], [ -114.693333331490493, 48.977129629168004 ], [ -114.693148146304949, 48.977129629168004 ], [ -114.693148146304949, 48.977037036575318 ], [ -114.693055553712171, 48.977037036575318 ], [ -114.693055553712171, 48.976944443982624 ], [ -114.692870368526613, 48.976944443982624 ], [ -114.692870368526613, 48.976851851389931 ], [ -114.692777775933848, 48.976851851389931 ], [ -114.692777775933848, 48.976759258797237 ], [ -114.692499998155512, 48.976759258797237 ], [ -114.692499998155512, 48.976666666204544 ], [ -114.692037035191646, 48.976666666204544 ], [ -114.692037035191646, 48.97657407361185 ], [ -114.691574072227766, 48.97657407361185 ], [ -114.691574072227766, 48.976481481019164 ], [ -114.690925924078329, 48.976481481019164 ], [ -114.690925924078329, 48.97638888842647 ], [ -114.689722220372261, 48.97638888842647 ], [ -114.689722220372261, 48.976296295833777 ], [ -114.689537035186703, 48.976296295833777 ], [ -114.689537035186703, 48.976203703241083 ], [ -114.689444442593924, 48.976203703241083 ], [ -114.689444442593924, 48.97611111064839 ], [ -114.68935185000116, 48.97611111064839 ], [ -114.68935185000116, 48.975925925463009 ], [ -114.689259257408381, 48.975925925463009 ], [ -114.689259257408381, 48.975833332870316 ], [ -114.689166664815602, 48.975833332870316 ], [ -114.689166664815602, 48.975648147684929 ], [ -114.689074072222823, 48.975648147684929 ], [ -114.689074072222823, 48.975555555092242 ], [ -114.688981479630058, 48.975555555092242 ], [ -114.688981479630058, 48.975462962499549 ], [ -114.68888888703728, 48.975462962499549 ], [ -114.68888888703728, 48.975370369906855 ], [ -114.688796294444501, 48.975370369906855 ], [ -114.688796294444501, 48.975277777314162 ], [ -114.688703701851722, 48.975277777314162 ], [ -114.688703701851722, 48.975185184721468 ], [ -114.688611109258957, 48.975185184721468 ], [ -114.688611109258957, 48.974999999536088 ], [ -114.688518516666178, 48.974999999536088 ], [ -114.688518516666178, 48.974907406943395 ], [ -114.6884259240734, 48.974907406943395 ], [ -114.6884259240734, 48.974814814350701 ], [ -114.688333331480621, 48.974814814350701 ], [ -114.688333331480621, 48.974722221758007 ], [ -114.688240738887856, 48.974722221758007 ], [ -114.688240738887856, 48.974629629165321 ], [ -114.688148146295077, 48.974629629165321 ], [ -114.688148146295077, 48.974537036572627 ], [ -114.688055553702299, 48.974537036572627 ], [ -114.688055553702299, 48.974444443979934 ], [ -114.68796296110952, 48.974444443979934 ], [ -114.68796296110952, 48.97435185138724 ], [ -114.687870368516741, 48.97435185138724 ], [ -114.687870368516741, 48.974259258794547 ], [ -114.687777775923976, 48.974259258794547 ], [ -114.687777775923976, 48.974166666201853 ], [ -114.687685183331197, 48.974166666201853 ], [ -114.687685183331197, 48.974074073609167 ], [ -114.68749999814564, 48.974074073609167 ], [ -114.68749999814564, 48.973981481016473 ], [ -114.687407405552875, 48.973981481016473 ], [ -114.687407405552875, 48.97388888842378 ], [ -114.687222220367318, 48.97388888842378 ], [ -114.687222220367318, 48.973796295831086 ], [ -114.687037035181774, 48.973796295831086 ], [ -114.687037035181774, 48.973703703238392 ], [ -114.686944442588995, 48.973703703238392 ], [ -114.686944442588995, 48.973611110645706 ], [ -114.686851849996216, 48.973611110645706 ], [ -114.686851849996216, 48.973518518053012 ], [ -114.686666664810673, 48.973518518053012 ], [ -114.686666664810673, 48.973425925460319 ], [ -114.686388887032336, 48.973425925460319 ], [ -114.686388887032336, 48.973333332867625 ], [ -114.685370368511812, 48.973333332867625 ], [ -114.685370368511812, 48.973240740274932 ], [ -114.68462962776961, 48.973240740274932 ], [ -114.68462962776961, 48.973148147682245 ], [ -114.684537035176831, 48.973148147682245 ], [ -114.684537035176831, 48.972962962496858 ], [ -114.68462962776961, 48.972962962496858 ], [ -114.68462962776961, 48.972222221755317 ], [ -114.684722220362389, 48.972222221755317 ], [ -114.684722220362389, 48.971944443977243 ], [ -114.684814812955167, 48.971944443977243 ], [ -114.684814812955167, 48.971296295828395 ], [ -114.684907405547932, 48.971296295828395 ], [ -114.684907405547932, 48.970833332864935 ], [ -114.684999998140711, 48.970833332864935 ], [ -114.684999998140711, 48.970555555086861 ], [ -114.68509259073349, 48.970555555086861 ], [ -114.68509259073349, 48.970370369901474 ], [ -114.685185183326269, 48.970370369901474 ], [ -114.685185183326269, 48.970185184716094 ], [ -114.685277775919033, 48.970185184716094 ], [ -114.685277775919033, 48.969999999530707 ], [ -114.685370368511812, 48.969999999530707 ], [ -114.685370368511812, 48.969722221752633 ], [ -114.685462961104591, 48.969722221752633 ], [ -114.685462961104591, 48.969537036567246 ], [ -114.68555555369737, 48.969537036567246 ], [ -114.68555555369737, 48.969351851381859 ], [ -114.685648146290134, 48.969351851381859 ], [ -114.685648146290134, 48.969166666196479 ], [ -114.685740738882913, 48.969166666196479 ], [ -114.685740738882913, 48.968888888418398 ], [ -114.685833331475692, 48.968888888418398 ], [ -114.685833331475692, 48.968518518047631 ], [ -114.685740738882913, 48.968518518047631 ], [ -114.685740738882913, 48.967407406935322 ], [ -114.685833331475692, 48.967407406935322 ], [ -114.685833331475692, 48.967037036564555 ], [ -114.685925924068471, 48.967037036564555 ], [ -114.685925924068471, 48.966759258786482 ], [ -114.686018516661235, 48.966759258786482 ], [ -114.686018516661235, 48.966574073601095 ], [ -114.686111109254014, 48.966574073601095 ], [ -114.686111109254014, 48.966481481008401 ], [ -114.686203701846793, 48.966481481008401 ], [ -114.686203701846793, 48.966296295823021 ], [ -114.686296294439572, 48.966296295823021 ], [ -114.686296294439572, 48.966111110637634 ], [ -114.686388887032336, 48.966111110637634 ], [ -114.686388887032336, 48.96601851804494 ], [ -114.686481479625115, 48.96601851804494 ], [ -114.686481479625115, 48.965925925452254 ], [ -114.686574072217894, 48.965925925452254 ], [ -114.686574072217894, 48.96583333285956 ], [ -114.686851849996216, 48.96583333285956 ], [ -114.686851849996216, 48.965740740266867 ], [ -114.687129627774539, 48.965740740266867 ], [ -114.687129627774539, 48.965648147674173 ], [ -114.687314812960096, 48.965648147674173 ], [ -114.687314812960096, 48.96555555508148 ], [ -114.68749999814564, 48.96555555508148 ], [ -114.68749999814564, 48.965462962488786 ], [ -114.688148146295077, 48.965462962488786 ], [ -114.688148146295077, 48.9653703698961 ], [ -114.688703701851722, 48.9653703698961 ], [ -114.688703701851722, 48.965277777303406 ], [ -114.688981479630058, 48.965277777303406 ], [ -114.688981479630058, 48.965185184710712 ], [ -114.689259257408381, 48.965185184710712 ], [ -114.689259257408381, 48.965092592118019 ], [ -114.689537035186703, 48.965092592118019 ], [ -114.689537035186703, 48.964999999525325 ], [ -114.689722220372261, 48.964999999525325 ], [ -114.689722220372261, 48.964907406932639 ], [ -114.690370368521684, 48.964907406932639 ], [ -114.690370368521684, 48.964814814339945 ], [ -114.690648146300006, 48.964814814339945 ], [ -114.690648146300006, 48.964722221747252 ], [ -114.690833331485564, 48.964722221747252 ], [ -114.690833331485564, 48.964629629154558 ], [ -114.690925924078329, 48.964629629154558 ], [ -114.690925924078329, 48.964537036561865 ], [ -114.691018516671107, 48.964537036561865 ], [ -114.691018516671107, 48.964444443969178 ], [ -114.691203701856665, 48.964444443969178 ], [ -114.691203701856665, 48.964351851376485 ], [ -114.691296294449444, 48.964351851376485 ], [ -114.691296294449444, 48.964166666191097 ], [ -114.691388887042208, 48.964166666191097 ], [ -114.691388887042208, 48.963981481005717 ], [ -114.691481479634987, 48.963981481005717 ], [ -114.691481479634987, 48.963703703227637 ], [ -114.691574072227766, 48.963703703227637 ], [ -114.691574072227766, 48.963425925449563 ], [ -114.691666664820545, 48.963425925449563 ], [ -114.691666664820545, 48.963240740264176 ], [ -114.69175925741331, 48.963240740264176 ], [ -114.69175925741331, 48.963055555078789 ], [ -114.691851850006088, 48.963055555078789 ], [ -114.691851850006088, 48.962870369893409 ], [ -114.691944442598867, 48.962870369893409 ], [ -114.691944442598867, 48.962592592115328 ], [ -114.692037035191646, 48.962592592115328 ], [ -114.692037035191646, 48.962407406929948 ], [ -114.692129627784411, 48.962407406929948 ], [ -114.692129627784411, 48.962314814337255 ], [ -114.69222222037719, 48.962314814337255 ], [ -114.69222222037719, 48.962222221744561 ], [ -114.692314812969968, 48.962222221744561 ], [ -114.692314812969968, 48.962037036559181 ], [ -114.692407405562747, 48.962037036559181 ], [ -114.692407405562747, 48.961851851373794 ], [ -114.692499998155512, 48.961851851373794 ], [ -114.692499998155512, 48.961481481003027 ], [ -114.692592590748291, 48.961481481003027 ], [ -114.692592590748291, 48.96129629581764 ], [ -114.692685183341069, 48.96129629581764 ], [ -114.692685183341069, 48.961018518039566 ], [ -114.692777775933848, 48.961018518039566 ], [ -114.692777775933848, 48.960740740261485 ], [ -114.692870368526613, 48.960740740261485 ], [ -114.692870368526613, 48.959999999519951 ], [ -114.692777775933848, 48.959999999519951 ], [ -114.692777775933848, 48.95972222174187 ], [ -114.692685183341069, 48.95972222174187 ], [ -114.692685183341069, 48.959166666185723 ], [ -114.692777775933848, 48.959166666185723 ], [ -114.692777775933848, 48.958888888407643 ], [ -114.692870368526613, 48.958888888407643 ], [ -114.692870368526613, 48.958796295814949 ], [ -114.692962961119392, 48.958796295814949 ], [ -114.692962961119392, 48.958703703222255 ], [ -114.693055553712171, 48.958703703222255 ], [ -114.693055553712171, 48.958611110629569 ], [ -114.693148146304949, 48.958611110629569 ], [ -114.693148146304949, 48.958425925444182 ], [ -114.693240738897714, 48.958425925444182 ], [ -114.693240738897714, 48.958333332851488 ], [ -114.693333331490493, 48.958333332851488 ], [ -114.693333331490493, 48.958240740258795 ], [ -114.693425924083272, 48.958240740258795 ], [ -114.693425924083272, 48.958148147666108 ], [ -114.693611109268815, 48.958148147666108 ], [ -114.693611109268815, 48.958055555073415 ], [ -114.693703701861594, 48.958055555073415 ], [ -114.693703701861594, 48.957962962480721 ], [ -114.693888887047152, 48.957962962480721 ], [ -114.693888887047152, 48.957870369888028 ], [ -114.694074072232695, 48.957870369888028 ], [ -114.694074072232695, 48.957777777295334 ], [ -114.694259257418253, 48.957777777295334 ], [ -114.694259257418253, 48.957685184702648 ], [ -114.694444442603796, 48.957685184702648 ], [ -114.694444442603796, 48.957592592109954 ], [ -114.694537035196575, 48.957592592109954 ], [ -114.694537035196575, 48.95749999951726 ], [ -114.694722220382133, 48.95749999951726 ], [ -114.694722220382133, 48.957407406924567 ], [ -114.694814812974897, 48.957407406924567 ], [ -114.694814812974897, 48.957314814331873 ], [ -114.694999998160455, 48.957314814331873 ], [ -114.694999998160455, 48.957222221739187 ], [ -114.695185183345998, 48.957222221739187 ], [ -114.695185183345998, 48.957129629146493 ], [ -114.695277775938777, 48.957129629146493 ], [ -114.695277775938777, 48.9570370365538 ], [ -114.695462961124335, 48.9570370365538 ], [ -114.695462961124335, 48.956944443961106 ], [ -114.695648146309878, 48.956944443961106 ], [ -114.695648146309878, 48.956851851368413 ], [ -114.695833331495436, 48.956851851368413 ], [ -114.695833331495436, 48.956759258775719 ], [ -114.696018516680979, 48.956759258775719 ], [ -114.696018516680979, 48.956666666183033 ], [ -114.696203701866537, 48.956666666183033 ], [ -114.696203701866537, 48.956574073590339 ], [ -114.69638888705208, 48.956574073590339 ], [ -114.69638888705208, 48.956481480997645 ], [ -114.696574072237638, 48.956481480997645 ], [ -114.696574072237638, 48.956388888404952 ], [ -114.696666664830403, 48.956388888404952 ], [ -114.696666664830403, 48.956296295812258 ], [ -114.69685185001596, 48.956296295812258 ], [ -114.69685185001596, 48.956203703219572 ], [ -114.696944442608739, 48.956203703219572 ], [ -114.696944442608739, 48.956111110626878 ], [ -114.697037035201504, 48.956111110626878 ], [ -114.697037035201504, 48.956018518034185 ], [ -114.697222220387061, 48.956018518034185 ], [ -114.697222220387061, 48.955925925441491 ], [ -114.69731481297984, 48.955925925441491 ], [ -114.69731481297984, 48.955833332848798 ], [ -114.697499998165384, 48.955833332848798 ], [ -114.697499998165384, 48.955740740256111 ], [ -114.697592590758163, 48.955740740256111 ], [ -114.697592590758163, 48.955648147663418 ], [ -114.697685183350941, 48.955648147663418 ], [ -114.697685183350941, 48.955185184699957 ], [ -114.697592590758163, 48.955185184699957 ], [ -114.697592590758163, 48.954907406921876 ], [ -114.697499998165384, 48.954907406921876 ], [ -114.697499998165384, 48.954722221736496 ], [ -114.697407405572619, 48.954722221736496 ], [ -114.697407405572619, 48.954629629143803 ], [ -114.69731481297984, 48.954629629143803 ], [ -114.69731481297984, 48.954537036551109 ], [ -114.697222220387061, 48.954537036551109 ], [ -114.697222220387061, 48.954444443958415 ], [ -114.697129627794283, 48.954444443958415 ], [ -114.697129627794283, 48.954351851365722 ], [ -114.697037035201504, 48.954351851365722 ], [ -114.697037035201504, 48.954166666180342 ], [ -114.696944442608739, 48.954166666180342 ], [ -114.696944442608739, 48.953796295809575 ], [ -114.697037035201504, 48.953796295809575 ], [ -114.697037035201504, 48.953703703216881 ], [ -114.697129627794283, 48.953703703216881 ], [ -114.697129627794283, 48.953611110624188 ], [ -114.69731481297984, 48.953611110624188 ], [ -114.69731481297984, 48.953518518031494 ], [ -114.697499998165384, 48.953518518031494 ], [ -114.697499998165384, 48.9534259254388 ], [ -114.69777777594372, 48.9534259254388 ], [ -114.69777777594372, 48.953333332846114 ], [ -114.697962961129264, 48.953333332846114 ], [ -114.697962961129264, 48.95324074025342 ], [ -114.698240738907586, 48.95324074025342 ], [ -114.698240738907586, 48.953148147660727 ], [ -114.698518516685922, 48.953148147660727 ], [ -114.698518516685922, 48.953055555068033 ], [ -114.698703701871466, 48.953055555068033 ], [ -114.698703701871466, 48.95296296247534 ], [ -114.698981479649788, 48.95296296247534 ], [ -114.698981479649788, 48.952870369882653 ], [ -114.699166664835346, 48.952870369882653 ], [ -114.699166664835346, 48.95277777728996 ], [ -114.699351850020889, 48.95277777728996 ], [ -114.699351850020889, 48.952685184697266 ], [ -114.699629627799226, 48.952685184697266 ], [ -114.699629627799226, 48.952592592104573 ], [ -114.700092590763091, 48.952592592104573 ], [ -114.700092590763091, 48.952499999511879 ], [ -114.700555553726971, 48.952499999511879 ], [ -114.700555553726971, 48.952407406919193 ], [ -114.70157407224751, 48.952407406919193 ], [ -114.70157407224751, 48.952314814326499 ], [ -114.702407405582477, 48.952314814326499 ], [ -114.702407405582477, 48.952222221733805 ], [ -114.703425924103016, 48.952222221733805 ], [ -114.703425924103016, 48.952129629141112 ], [ -114.703703701881338, 48.952129629141112 ], [ -114.703703701881338, 48.952037036548418 ], [ -114.704074072252439, 48.952037036548418 ], [ -114.704074072252439, 48.951944443955725 ], [ -114.704351850030761, 48.951944443955725 ], [ -114.704351850030761, 48.951851851363038 ], [ -114.704537035216319, 48.951851851363038 ], [ -114.704537035216319, 48.951759258770345 ], [ -114.704814812994641, 48.951759258770345 ], [ -114.704814812994641, 48.951666666177651 ], [ -114.705185183365742, 48.951666666177651 ], [ -114.705185183365742, 48.951574073584958 ], [ -114.7053703685513, 48.951574073584958 ], [ -114.7053703685513, 48.951481480992264 ], [ -114.705462961144065, 48.951481480992264 ], [ -114.705462961144065, 48.951388888399578 ], [ -114.705648146329622, 48.951388888399578 ], [ -114.705648146329622, 48.951296295806884 ], [ -114.705740738922401, 48.951296295806884 ], [ -114.705740738922401, 48.95120370321419 ], [ -114.705833331515166, 48.95120370321419 ], [ -114.705833331515166, 48.951111110621497 ], [ -114.705925924107945, 48.951111110621497 ], [ -114.705925924107945, 48.951018518028803 ], [ -114.706018516700723, 48.951018518028803 ], [ -114.706018516700723, 48.950925925436117 ], [ -114.706111109293502, 48.950925925436117 ], [ -114.706111109293502, 48.950833332843423 ], [ -114.706203701886267, 48.950833332843423 ], [ -114.706203701886267, 48.950648147658036 ], [ -114.706296294479046, 48.950648147658036 ], [ -114.706296294479046, 48.950555555065343 ], [ -114.706388887071824, 48.950555555065343 ], [ -114.706388887071824, 48.950370369879963 ], [ -114.706481479664603, 48.950370369879963 ], [ -114.706481479664603, 48.950277777287269 ], [ -114.706574072257368, 48.950277777287269 ], [ -114.706574072257368, 48.950092592101882 ], [ -114.706666664850147, 48.950092592101882 ], [ -114.706666664850147, 48.949999999509188 ], [ -114.706759257442926, 48.949999999509188 ], [ -114.706759257442926, 48.949907406916502 ], [ -114.706851850035704, 48.949907406916502 ], [ -114.706851850035704, 48.949814814323808 ], [ -114.706944442628483, 48.949814814323808 ], [ -114.706944442628483, 48.949722221731115 ], [ -114.707037035221248, 48.949722221731115 ], [ -114.707037035221248, 48.949629629138421 ], [ -114.707129627814027, 48.949629629138421 ], [ -114.707129627814027, 48.949537036545728 ], [ -114.707222220406805, 48.949537036545728 ], [ -114.707222220406805, 48.949444443953041 ], [ -114.707314812999584, 48.949444443953041 ], [ -114.707314812999584, 48.949351851360348 ], [ -114.707407405592349, 48.949351851360348 ], [ -114.707407405592349, 48.949259258767654 ], [ -114.707499998185128, 48.949259258767654 ], [ -114.707499998185128, 48.94916666617496 ], [ -114.707592590777907, 48.94916666617496 ], [ -114.707592590777907, 48.949074073582267 ], [ -114.707685183370685, 48.949074073582267 ], [ -114.707685183370685, 48.94898148098958 ], [ -114.70777777596345, 48.94898148098958 ], [ -114.70777777596345, 48.948888888396887 ], [ -114.707870368556229, 48.948888888396887 ], [ -114.707870368556229, 48.9487037032115 ], [ -114.707962961149008, 48.9487037032115 ], [ -114.707962961149008, 48.94851851802612 ], [ -114.708055553741787, 48.94851851802612 ], [ -114.708055553741787, 48.948240740248039 ], [ -114.708148146334551, 48.948240740248039 ], [ -114.708148146334551, 48.948055555062659 ], [ -114.70824073892733, 48.948055555062659 ], [ -114.70824073892733, 48.947777777284578 ], [ -114.708333331520109, 48.947777777284578 ], [ -114.708333331520109, 48.947407406913811 ], [ -114.708425924112888, 48.947407406913811 ], [ -114.708425924112888, 48.94694444395035 ], [ -114.708518516705652, 48.94694444395035 ], [ -114.708518516705652, 48.946759258764963 ], [ -114.708611109298431, 48.946759258764963 ], [ -114.708611109298431, 48.946574073579583 ], [ -114.70870370189121, 48.946574073579583 ], [ -114.70870370189121, 48.946388888394196 ], [ -114.708796294483989, 48.946388888394196 ], [ -114.708796294483989, 48.946203703208809 ], [ -114.708888887076753, 48.946203703208809 ], [ -114.708888887076753, 48.946111110616123 ], [ -114.708981479669532, 48.946111110616123 ], [ -114.708981479669532, 48.946018518023429 ], [ -114.709074072262311, 48.946018518023429 ], [ -114.709074072262311, 48.945925925430736 ], [ -114.70916666485509, 48.945925925430736 ], [ -114.70916666485509, 48.945833332838042 ], [ -114.709259257447854, 48.945833332838042 ], [ -114.709259257447854, 48.945740740245348 ], [ -114.709444442633412, 48.945740740245348 ], [ -114.709444442633412, 48.945648147652655 ], [ -114.709722220411734, 48.945648147652655 ], [ -114.709722220411734, 48.945555555059968 ], [ -114.709907405597292, 48.945555555059968 ], [ -114.709907405597292, 48.945462962467275 ], [ -114.710092590782835, 48.945462962467275 ], [ -114.710092590782835, 48.945370369874581 ], [ -114.710185183375614, 48.945370369874581 ], [ -114.710185183375614, 48.945277777281888 ], [ -114.710370368561172, 48.945277777281888 ], [ -114.710370368561172, 48.945185184689194 ], [ -114.710555553746715, 48.945185184689194 ], [ -114.710555553746715, 48.945092592096508 ], [ -114.710833331525038, 48.945092592096508 ], [ -114.710833331525038, 48.944999999503814 ], [ -114.710925924117817, 48.944999999503814 ], [ -114.710925924117817, 48.944907406911121 ], [ -114.711018516710595, 48.944907406911121 ], [ -114.711018516710595, 48.944814814318427 ], [ -114.711203701896139, 48.944814814318427 ], [ -114.711203701896139, 48.944722221725733 ], [ -114.711296294488918, 48.944722221725733 ], [ -114.711296294488918, 48.944629629133047 ], [ -114.711388887081696, 48.944629629133047 ], [ -114.711388887081696, 48.944537036540353 ], [ -114.711481479674475, 48.944537036540353 ], [ -114.711481479674475, 48.944351851354966 ], [ -114.71157407226724, 48.944351851354966 ], [ -114.71157407226724, 48.944259258762273 ], [ -114.711666664860019, 48.944259258762273 ], [ -114.711666664860019, 48.944166666169586 ], [ -114.711759257452798, 48.944166666169586 ], [ -114.711759257452798, 48.943981480984199 ], [ -114.711944442638341, 48.943981480984199 ], [ -114.711944442638341, 48.943888888391506 ], [ -114.712129627823899, 48.943888888391506 ], [ -114.712129627823899, 48.943796295798812 ], [ -114.712314813009442, 48.943796295798812 ], [ -114.712314813009442, 48.943703703206126 ], [ -114.712499998195, 48.943703703206126 ], [ -114.712499998195, 48.943611110613432 ], [ -114.712777775973322, 48.943611110613432 ], [ -114.712777775973322, 48.943518518020738 ], [ -114.713055553751644, 48.943518518020738 ], [ -114.713055553751644, 48.943425925428045 ], [ -114.713333331529981, 48.943425925428045 ], [ -114.713333331529981, 48.943333332835351 ], [ -114.71342592412276, 48.943333332835351 ], [ -114.71342592412276, 48.943240740242658 ], [ -114.713518516715524, 48.943240740242658 ], [ -114.713518516715524, 48.943148147649971 ], [ -114.713703701901082, 48.943148147649971 ], [ -114.713703701901082, 48.943055555057278 ], [ -114.713796294493861, 48.943055555057278 ], [ -114.713796294493861, 48.942962962464584 ], [ -114.713888887086625, 48.942962962464584 ], [ -114.713888887086625, 48.942870369871891 ], [ -114.714166664864962, 48.942870369871891 ], [ -114.714166664864962, 48.942777777279197 ], [ -114.714351850050505, 48.942777777279197 ], [ -114.714351850050505, 48.942685184686511 ], [ -114.714722220421606, 48.942685184686511 ], [ -114.714722220421606, 48.942592592093817 ], [ -114.714999998199929, 48.942592592093817 ], [ -114.714999998199929, 48.942499999501123 ], [ -114.715185183385486, 48.942499999501123 ], [ -114.715185183385486, 48.94240740690843 ], [ -114.715277775978265, 48.94240740690843 ], [ -114.715277775978265, 48.942314814315736 ], [ -114.71537036857103, 48.942314814315736 ], [ -114.71537036857103, 48.94222222172305 ], [ -114.715462961163809, 48.94222222172305 ], [ -114.715462961163809, 48.942129629130356 ], [ -114.715555553756587, 48.942129629130356 ], [ -114.715555553756587, 48.942037036537663 ], [ -114.715648146349366, 48.942037036537663 ], [ -114.715648146349366, 48.941944443944969 ], [ -114.715740738942131, 48.941944443944969 ], [ -114.715740738942131, 48.941851851352276 ], [ -114.71583333153491, 48.941851851352276 ], [ -114.71583333153491, 48.941759258759589 ], [ -114.715925924127689, 48.941759258759589 ], [ -114.715925924127689, 48.941666666166896 ], [ -114.716018516720467, 48.941666666166896 ], [ -114.716018516720467, 48.941574073574202 ], [ -114.716111109313232, 48.941574073574202 ], [ -114.716111109313232, 48.941481480981508 ], [ -114.716203701906011, 48.941481480981508 ], [ -114.716203701906011, 48.941296295796121 ], [ -114.71629629449879, 48.941296295796121 ], [ -114.71629629449879, 48.941203703203435 ], [ -114.716388887091568, 48.941203703203435 ], [ -114.716388887091568, 48.941018518018048 ], [ -114.716481479684347, 48.941018518018048 ], [ -114.716481479684347, 48.940925925425354 ], [ -114.716574072277112, 48.940925925425354 ], [ -114.716574072277112, 48.940740740239974 ], [ -114.716666664869891, 48.940740740239974 ], [ -114.716666664869891, 48.940648147647281 ], [ -114.71675925746267, 48.940648147647281 ], [ -114.71675925746267, 48.940555555054587 ], [ -114.716851850055448, 48.940555555054587 ], [ -114.716851850055448, 48.940462962461893 ], [ -114.716944442648213, 48.940462962461893 ], [ -114.716944442648213, 48.9403703698692 ], [ -114.717037035240992, 48.9403703698692 ], [ -114.717037035240992, 48.940277777276513 ], [ -114.717222220426549, 48.940277777276513 ], [ -114.717222220426549, 48.94018518468382 ], [ -114.717314813019314, 48.94018518468382 ], [ -114.717314813019314, 48.940092592091126 ], [ -114.717499998204872, 48.940092592091126 ], [ -114.717499998204872, 48.939999999498433 ], [ -114.717685183390415, 48.939999999498433 ], [ -114.717685183390415, 48.939907406905739 ], [ -114.717870368575973, 48.939907406905739 ], [ -114.717870368575973, 48.939814814313053 ], [ -114.717962961168752, 48.939814814313053 ], [ -114.717962961168752, 48.939722221720359 ], [ -114.718148146354295, 48.939722221720359 ], [ -114.718148146354295, 48.939629629127666 ], [ -114.718240738947074, 48.939629629127666 ], [ -114.718240738947074, 48.939537036534972 ], [ -114.718333331539853, 48.939537036534972 ], [ -114.718333331539853, 48.939444443942278 ], [ -114.718425924132617, 48.939444443942278 ], [ -114.718425924132617, 48.939259258756898 ], [ -114.718518516725396, 48.939259258756898 ], [ -114.718518516725396, 48.938888888386124 ], [ -114.718425924132617, 48.938888888386124 ], [ -114.718425924132617, 48.938518518015357 ], [ -114.718333331539853, 48.938518518015357 ], [ -114.718333331539853, 48.938240740237283 ], [ -114.718240738947074, 48.938240740237283 ], [ -114.718240738947074, 48.937962962459203 ], [ -114.718148146354295, 48.937962962459203 ], [ -114.718148146354295, 48.937777777273823 ], [ -114.718055553761516, 48.937777777273823 ], [ -114.718055553761516, 48.937592592088436 ], [ -114.717962961168752, 48.937592592088436 ], [ -114.717962961168752, 48.937407406903056 ], [ -114.717870368575973, 48.937407406903056 ], [ -114.717870368575973, 48.937314814310362 ], [ -114.717777775983194, 48.937314814310362 ], [ -114.717777775983194, 48.937129629124975 ], [ -114.717685183390415, 48.937129629124975 ], [ -114.717685183390415, 48.937037036532281 ], [ -114.717592590797651, 48.937037036532281 ], [ -114.717592590797651, 48.936851851346901 ], [ -114.717499998204872, 48.936851851346901 ], [ -114.717499998204872, 48.936574073568821 ], [ -114.717407405612093, 48.936574073568821 ], [ -114.717407405612093, 48.936388888383441 ], [ -114.717314813019314, 48.936388888383441 ], [ -114.717314813019314, 48.936203703198053 ], [ -114.717222220426549, 48.936203703198053 ], [ -114.717222220426549, 48.93611111060536 ], [ -114.717129627833771, 48.93611111060536 ], [ -114.717129627833771, 48.936018518012666 ], [ -114.717037035240992, 48.936018518012666 ], [ -114.717037035240992, 48.93592592541998 ], [ -114.716944442648213, 48.93592592541998 ], [ -114.716944442648213, 48.935833332827286 ], [ -114.716851850055448, 48.935833332827286 ], [ -114.716851850055448, 48.935462962456519 ], [ -114.71675925746267, 48.935462962456519 ], [ -114.71675925746267, 48.934814814307671 ], [ -114.716851850055448, 48.934814814307671 ], [ -114.716851850055448, 48.934537036529591 ], [ -114.716944442648213, 48.934537036529591 ], [ -114.716944442648213, 48.934259258751517 ], [ -114.717037035240992, 48.934259258751517 ], [ -114.717037035240992, 48.933981480973443 ], [ -114.717129627833771, 48.933981480973443 ], [ -114.717129627833771, 48.93388888838075 ], [ -114.717222220426549, 48.93388888838075 ], [ -114.717222220426549, 48.933703703195363 ], [ -114.717314813019314, 48.933703703195363 ], [ -114.717314813019314, 48.933518518009983 ], [ -114.717407405612093, 48.933518518009983 ], [ -114.717407405612093, 48.933333332824596 ], [ -114.717499998204872, 48.933333332824596 ], [ -114.717499998204872, 48.933055555046522 ], [ -114.717592590797651, 48.933055555046522 ], [ -114.717592590797651, 48.932870369861135 ], [ -114.717685183390415, 48.932870369861135 ], [ -114.717685183390415, 48.932592592083061 ], [ -114.717777775983194, 48.932592592083061 ], [ -114.717777775983194, 48.932314814304981 ], [ -114.717870368575973, 48.932314814304981 ], [ -114.717870368575973, 48.93185185134152 ], [ -114.717777775983194, 48.93185185134152 ], [ -114.717777775983194, 48.931666666156133 ], [ -114.717685183390415, 48.931666666156133 ], [ -114.717685183390415, 48.931574073563446 ], [ -114.717407405612093, 48.931574073563446 ], [ -114.717407405612093, 48.931481480970753 ], [ -114.717222220426549, 48.931481480970753 ], [ -114.717222220426549, 48.931388888378059 ], [ -114.716851850055448, 48.931388888378059 ], [ -114.716851850055448, 48.931296295785366 ], [ -114.716666664869891, 48.931296295785366 ], [ -114.716666664869891, 48.931203703192672 ], [ -114.716574072277112, 48.931203703192672 ], [ -114.716574072277112, 48.931111110599986 ], [ -114.716481479684347, 48.931111110599986 ], [ -114.716481479684347, 48.931018518007292 ], [ -114.716388887091568, 48.931018518007292 ], [ -114.716388887091568, 48.930925925414599 ], [ -114.71629629449879, 48.930925925414599 ], [ -114.71629629449879, 48.930833332821905 ], [ -114.716111109313232, 48.930833332821905 ], [ -114.716111109313232, 48.930740740229211 ], [ -114.715740738942131, 48.930740740229211 ], [ -114.715740738942131, 48.930648147636525 ], [ -114.71537036857103, 48.930648147636525 ], [ -114.71537036857103, 48.930555555043831 ], [ -114.714999998199929, 48.930555555043831 ], [ -114.714999998199929, 48.930462962451138 ], [ -114.714722220421606, 48.930462962451138 ], [ -114.714722220421606, 48.930370369858444 ], [ -114.714351850050505, 48.930370369858444 ], [ -114.714351850050505, 48.930277777265751 ], [ -114.711388887081696, 48.930277777265751 ], [ -114.711388887081696, 48.930370369858444 ], [ -114.711018516710595, 48.930370369858444 ], [ -114.711018516710595, 48.930277777265751 ], [ -114.709907405597292, 48.930277777265751 ], [ -114.709907405597292, 48.930185184673057 ], [ -114.709444442633412, 48.930185184673057 ], [ -114.709444442633412, 48.930092592080371 ], [ -114.70916666485509, 48.930092592080371 ], [ -114.70916666485509, 48.929999999487677 ], [ -114.709074072262311, 48.929999999487677 ], [ -114.709074072262311, 48.929907406894984 ], [ -114.708981479669532, 48.929907406894984 ], [ -114.708981479669532, 48.92981481430229 ], [ -114.708888887076753, 48.92981481430229 ], [ -114.708888887076753, 48.929722221709596 ], [ -114.708796294483989, 48.929722221709596 ], [ -114.708796294483989, 48.929537036524216 ], [ -114.70870370189121, 48.929537036524216 ], [ -114.70870370189121, 48.929444443931523 ], [ -114.708611109298431, 48.929444443931523 ], [ -114.708611109298431, 48.929259258746136 ], [ -114.708518516705652, 48.929259258746136 ], [ -114.708518516705652, 48.928981480968062 ], [ -114.708425924112888, 48.928981480968062 ], [ -114.708425924112888, 48.928703703189989 ], [ -114.708333331520109, 48.928703703189989 ], [ -114.708333331520109, 48.928518518004601 ], [ -114.70824073892733, 48.928518518004601 ], [ -114.70824073892733, 48.928333332819214 ], [ -114.708148146334551, 48.928333332819214 ], [ -114.708148146334551, 48.928240740226528 ], [ -114.708055553741787, 48.928240740226528 ], [ -114.708055553741787, 48.927962962448447 ], [ -114.707962961149008, 48.927962962448447 ], [ -114.707962961149008, 48.92777777726306 ], [ -114.707870368556229, 48.92777777726306 ], [ -114.707870368556229, 48.92759259207768 ], [ -114.70777777596345, 48.92759259207768 ], [ -114.70777777596345, 48.927407406892293 ], [ -114.707685183370685, 48.927407406892293 ], [ -114.707685183370685, 48.927222221706913 ], [ -114.707592590777907, 48.927222221706913 ], [ -114.707592590777907, 48.927037036521526 ], [ -114.707499998185128, 48.927037036521526 ], [ -114.707499998185128, 48.926481480965371 ], [ -114.707407405592349, 48.926481480965371 ], [ -114.707407405592349, 48.925925925409217 ], [ -114.707314812999584, 48.925925925409217 ], [ -114.707314812999584, 48.92555555503845 ], [ -114.707222220406805, 48.92555555503845 ], [ -114.707222220406805, 48.925185184667683 ], [ -114.707129627814027, 48.925185184667683 ], [ -114.707129627814027, 48.924629629111529 ], [ -114.707037035221248, 48.924629629111529 ], [ -114.707037035221248, 48.924074073555374 ], [ -114.706944442628483, 48.924074073555374 ], [ -114.706944442628483, 48.923240740221146 ], [ -114.706851850035704, 48.923240740221146 ], [ -114.706851850035704, 48.921481480959997 ], [ -114.706944442628483, 48.921481480959997 ], [ -114.706944442628483, 48.921111110589223 ], [ -114.707037035221248, 48.921111110589223 ], [ -114.707037035221248, 48.919166666142686 ], [ -114.706944442628483, 48.919166666142686 ], [ -114.706944442628483, 48.918518517993846 ], [ -114.706851850035704, 48.918518517993846 ], [ -114.706851850035704, 48.918055555030385 ], [ -114.706759257442926, 48.918055555030385 ], [ -114.706759257442926, 48.917777777252304 ], [ -114.706666664850147, 48.917777777252304 ], [ -114.706666664850147, 48.917592592066924 ], [ -114.706574072257368, 48.917592592066924 ], [ -114.706574072257368, 48.917314814288844 ], [ -114.706481479664603, 48.917314814288844 ], [ -114.706481479664603, 48.917129629103464 ], [ -114.706388887071824, 48.917129629103464 ], [ -114.706388887071824, 48.916944443918077 ], [ -114.706296294479046, 48.916944443918077 ], [ -114.706296294479046, 48.916759258732689 ], [ -114.706203701886267, 48.916759258732689 ], [ -114.706203701886267, 48.916574073547309 ], [ -114.706111109293502, 48.916574073547309 ], [ -114.706111109293502, 48.916388888361922 ], [ -114.706018516700723, 48.916388888361922 ], [ -114.706018516700723, 48.916203703176535 ], [ -114.705925924107945, 48.916203703176535 ], [ -114.705925924107945, 48.915925925398462 ], [ -114.705833331515166, 48.915925925398462 ], [ -114.705833331515166, 48.915740740213074 ], [ -114.705740738922401, 48.915740740213074 ], [ -114.705740738922401, 48.915462962435001 ], [ -114.705648146329622, 48.915462962435001 ], [ -114.705648146329622, 48.915185184656927 ], [ -114.705555553736843, 48.915185184656927 ], [ -114.705555553736843, 48.914351851322692 ], [ -114.705462961144065, 48.914351851322692 ], [ -114.705462961144065, 48.913240740210391 ], [ -114.7053703685513, 48.913240740210391 ], [ -114.7053703685513, 48.912870369839617 ], [ -114.705277775958521, 48.912870369839617 ], [ -114.705277775958521, 48.912592592061543 ], [ -114.705185183365742, 48.912592592061543 ], [ -114.705185183365742, 48.912314814283462 ], [ -114.705092590772963, 48.912314814283462 ], [ -114.705092590772963, 48.912129629098082 ], [ -114.704999998180199, 48.912129629098082 ], [ -114.704999998180199, 48.911944443912695 ], [ -114.70490740558742, 48.911944443912695 ], [ -114.70490740558742, 48.911851851320002 ], [ -114.704814812994641, 48.911851851320002 ], [ -114.704814812994641, 48.911759258727315 ], [ -114.704722220401862, 48.911759258727315 ], [ -114.704722220401862, 48.911666666134622 ], [ -114.704629627809098, 48.911666666134622 ], [ -114.704629627809098, 48.911574073541928 ], [ -114.704537035216319, 48.911574073541928 ], [ -114.704537035216319, 48.911481480949234 ], [ -114.70444444262354, 48.911481480949234 ], [ -114.70444444262354, 48.911388888356541 ], [ -114.704351850030761, 48.911388888356541 ], [ -114.704351850030761, 48.911296295763854 ], [ -114.704259257437997, 48.911296295763854 ], [ -114.704259257437997, 48.911111110578467 ], [ -114.704166664845218, 48.911111110578467 ], [ -114.704166664845218, 48.91092592539308 ], [ -114.704074072252439, 48.91092592539308 ], [ -114.704074072252439, 48.910833332800394 ], [ -114.70398147965966, 48.910833332800394 ], [ -114.70398147965966, 48.910648147615007 ], [ -114.703888887066896, 48.910648147615007 ], [ -114.703888887066896, 48.910555555022313 ], [ -114.703796294474117, 48.910555555022313 ], [ -114.703796294474117, 48.910462962429619 ], [ -114.703703701881338, 48.910462962429619 ], [ -114.703703701881338, 48.909444443910004 ], [ -114.703796294474117, 48.909444443910004 ], [ -114.703796294474117, 48.909259258724624 ], [ -114.703703701881338, 48.909259258724624 ], [ -114.703703701881338, 48.90870370316847 ], [ -114.703611109288559, 48.90870370316847 ], [ -114.703611109288559, 48.908611110575777 ], [ -114.703703701881338, 48.908611110575777 ], [ -114.703703701881338, 48.907870369834242 ], [ -114.703796294474117, 48.907870369834242 ], [ -114.703796294474117, 48.907499999463468 ], [ -114.703888887066896, 48.907499999463468 ], [ -114.703888887066896, 48.906296295758473 ], [ -114.703796294474117, 48.906296295758473 ], [ -114.703796294474117, 48.906018517980399 ], [ -114.703703701881338, 48.906018517980399 ], [ -114.703703701881338, 48.905648147609625 ], [ -114.703611109288559, 48.905648147609625 ], [ -114.703611109288559, 48.905277777238858 ], [ -114.70351851669578, 48.905277777238858 ], [ -114.70351851669578, 48.904907406868091 ], [ -114.703425924103016, 48.904907406868091 ], [ -114.703425924103016, 48.904537036497324 ], [ -114.703333331510237, 48.904537036497324 ], [ -114.703333331510237, 48.904259258719243 ], [ -114.703240738917458, 48.904259258719243 ], [ -114.703240738917458, 48.903981480941169 ], [ -114.703148146324679, 48.903981480941169 ], [ -114.703148146324679, 48.903425925385015 ], [ -114.703240738917458, 48.903425925385015 ], [ -114.703240738917458, 48.903055555014248 ], [ -114.703333331510237, 48.903055555014248 ], [ -114.703333331510237, 48.902870369828861 ], [ -114.703425924103016, 48.902870369828861 ], [ -114.703425924103016, 48.902685184643474 ], [ -114.70351851669578, 48.902685184643474 ], [ -114.70351851669578, 48.902592592050787 ], [ -114.703611109288559, 48.902592592050787 ], [ -114.703611109288559, 48.9024074068654 ], [ -114.703703701881338, 48.9024074068654 ], [ -114.703703701881338, 48.902222221680013 ], [ -114.703796294474117, 48.902222221680013 ], [ -114.703796294474117, 48.902129629087327 ], [ -114.703888887066896, 48.902129629087327 ], [ -114.703888887066896, 48.90194444390194 ], [ -114.70398147965966, 48.90194444390194 ], [ -114.70398147965966, 48.901759258716552 ], [ -114.704074072252439, 48.901759258716552 ], [ -114.704074072252439, 48.901574073531172 ], [ -114.704166664845218, 48.901574073531172 ], [ -114.704166664845218, 48.901388888345785 ], [ -114.704259257437997, 48.901388888345785 ], [ -114.704259257437997, 48.901203703160398 ], [ -114.704351850030761, 48.901203703160398 ], [ -114.704351850030761, 48.901018517975018 ], [ -114.70444444262354, 48.901018517975018 ], [ -114.70444444262354, 48.900925925382325 ], [ -114.704537035216319, 48.900925925382325 ], [ -114.704537035216319, 48.900833332789631 ], [ -114.704629627809098, 48.900833332789631 ], [ -114.704629627809098, 48.900740740196937 ], [ -114.704722220401862, 48.900740740196937 ], [ -114.704722220401862, 48.900648147604251 ], [ -114.704814812994641, 48.900648147604251 ], [ -114.704814812994641, 48.900555555011557 ], [ -114.70490740558742, 48.900555555011557 ], [ -114.70490740558742, 48.900462962418864 ], [ -114.704999998180199, 48.900462962418864 ], [ -114.704999998180199, 48.90037036982617 ], [ -114.705092590772963, 48.90037036982617 ], [ -114.705092590772963, 48.900092592048097 ], [ -114.705185183365742, 48.900092592048097 ], [ -114.705185183365742, 48.899629629084636 ], [ -114.705277775958521, 48.899629629084636 ], [ -114.705277775958521, 48.898055555008867 ], [ -114.705185183365742, 48.898055555008867 ], [ -114.705185183365742, 48.897962962416173 ], [ -114.705277775958521, 48.897962962416173 ], [ -114.705277775958521, 48.897314814267332 ], [ -114.7053703685513, 48.897314814267332 ], [ -114.7053703685513, 48.897129629081945 ], [ -114.705462961144065, 48.897129629081945 ], [ -114.705462961144065, 48.897037036489252 ], [ -114.705555553736843, 48.897037036489252 ], [ -114.705555553736843, 48.896851851303865 ], [ -114.705648146329622, 48.896851851303865 ], [ -114.705648146329622, 48.896759258711178 ], [ -114.705833331515166, 48.896759258711178 ], [ -114.705833331515166, 48.896666666118485 ], [ -114.705925924107945, 48.896666666118485 ], [ -114.705925924107945, 48.896574073525791 ], [ -114.706111109293502, 48.896574073525791 ], [ -114.706111109293502, 48.896481480933097 ], [ -114.706203701886267, 48.896481480933097 ], [ -114.706203701886267, 48.896388888340404 ], [ -114.706388887071824, 48.896388888340404 ], [ -114.706388887071824, 48.896296295747717 ], [ -114.706481479664603, 48.896296295747717 ], [ -114.706481479664603, 48.896203703155024 ], [ -114.706574072257368, 48.896203703155024 ], [ -114.706574072257368, 48.896018517969637 ], [ -114.706666664850147, 48.896018517969637 ], [ -114.706666664850147, 48.895925925376943 ], [ -114.706759257442926, 48.895925925376943 ], [ -114.706759257442926, 48.895833332784257 ], [ -114.706851850035704, 48.895833332784257 ], [ -114.706851850035704, 48.895740740191563 ], [ -114.706944442628483, 48.895740740191563 ], [ -114.706944442628483, 48.89564814759887 ], [ -114.707037035221248, 48.89564814759887 ], [ -114.707037035221248, 48.895555555006176 ], [ -114.707129627814027, 48.895555555006176 ], [ -114.707129627814027, 48.895462962413482 ], [ -114.707222220406805, 48.895462962413482 ], [ -114.707222220406805, 48.895370369820796 ], [ -114.707314812999584, 48.895370369820796 ], [ -114.707314812999584, 48.895277777228102 ], [ -114.707407405592349, 48.895277777228102 ], [ -114.707407405592349, 48.895185184635409 ], [ -114.707499998185128, 48.895185184635409 ], [ -114.707499998185128, 48.895092592042715 ], [ -114.707592590777907, 48.895092592042715 ], [ -114.707592590777907, 48.894999999450022 ], [ -114.707685183370685, 48.894999999450022 ], [ -114.707685183370685, 48.894907406857335 ], [ -114.70777777596345, 48.894907406857335 ], [ -114.70777777596345, 48.894814814264642 ], [ -114.707870368556229, 48.894814814264642 ], [ -114.707870368556229, 48.894722221671948 ], [ -114.707962961149008, 48.894722221671948 ], [ -114.707962961149008, 48.894537036486561 ], [ -114.708055553741787, 48.894537036486561 ], [ -114.708055553741787, 48.894444443893867 ], [ -114.708148146334551, 48.894444443893867 ], [ -114.708148146334551, 48.894351851301181 ], [ -114.70824073892733, 48.894351851301181 ], [ -114.70824073892733, 48.894259258708487 ], [ -114.708333331520109, 48.894259258708487 ], [ -114.708333331520109, 48.8940740735231 ], [ -114.708425924112888, 48.8940740735231 ], [ -114.708425924112888, 48.893981480930407 ], [ -114.708518516705652, 48.893981480930407 ], [ -114.708518516705652, 48.893796295745027 ], [ -114.708611109298431, 48.893796295745027 ], [ -114.708611109298431, 48.893703703152333 ], [ -114.70870370189121, 48.893703703152333 ], [ -114.70870370189121, 48.893518517966946 ], [ -114.708796294483989, 48.893518517966946 ], [ -114.708796294483989, 48.89342592537426 ], [ -114.708888887076753, 48.89342592537426 ], [ -114.708888887076753, 48.893240740188872 ], [ -114.708981479669532, 48.893240740188872 ], [ -114.708981479669532, 48.893055555003485 ], [ -114.709074072262311, 48.893055555003485 ], [ -114.709074072262311, 48.892870369818105 ], [ -114.70916666485509, 48.892870369818105 ], [ -114.70916666485509, 48.892592592040025 ], [ -114.709259257447854, 48.892592592040025 ], [ -114.709259257447854, 48.892222221669257 ], [ -114.709351850040633, 48.892222221669257 ], [ -114.709351850040633, 48.891944443891184 ], [ -114.709444442633412, 48.891944443891184 ], [ -114.709444442633412, 48.89185185129849 ], [ -114.709537035226191, 48.89185185129849 ], [ -114.709537035226191, 48.891666666113103 ], [ -114.709629627818956, 48.891666666113103 ], [ -114.709629627818956, 48.89157407352041 ], [ -114.709722220411734, 48.89157407352041 ], [ -114.709722220411734, 48.89138888833503 ], [ -114.709814813004513, 48.89138888833503 ], [ -114.709814813004513, 48.891296295742336 ], [ -114.709999998190057, 48.891296295742336 ], [ -114.709999998190057, 48.891203703149642 ], [ -114.710277775968393, 48.891203703149642 ], [ -114.710277775968393, 48.891111110556949 ], [ -114.710555553746715, 48.891111110556949 ], [ -114.710555553746715, 48.891018517964262 ], [ -114.710740738932273, 48.891018517964262 ], [ -114.710740738932273, 48.890925925371569 ], [ -114.710833331525038, 48.890925925371569 ], [ -114.710833331525038, 48.890833332778875 ], [ -114.710740738932273, 48.890833332778875 ], [ -114.710740738932273, 48.890740740186182 ], [ -114.710648146339494, 48.890740740186182 ], [ -114.710648146339494, 48.890648147593488 ], [ -114.710555553746715, 48.890648147593488 ], [ -114.710555553746715, 48.890462962408108 ], [ -114.710462961153937, 48.890462962408108 ], [ -114.710462961153937, 48.890370369815415 ], [ -114.710370368561172, 48.890370369815415 ], [ -114.710370368561172, 48.890277777222721 ], [ -114.710277775968393, 48.890277777222721 ], [ -114.710277775968393, 48.890092592037334 ], [ -114.710185183375614, 48.890092592037334 ], [ -114.710185183375614, 48.88981481425926 ], [ -114.710092590782835, 48.88981481425926 ], [ -114.710092590782835, 48.889629629073873 ], [ -114.709999998190057, 48.889629629073873 ], [ -114.709999998190057, 48.8893518512958 ], [ -114.709907405597292, 48.8893518512958 ], [ -114.709907405597292, 48.889074073517726 ], [ -114.709814813004513, 48.889074073517726 ], [ -114.709814813004513, 48.888888888332339 ], [ -114.709722220411734, 48.888888888332339 ], [ -114.709722220411734, 48.888796295739645 ], [ -114.709629627818956, 48.888796295739645 ], [ -114.709629627818956, 48.888611110554265 ], [ -114.709537035226191, 48.888611110554265 ], [ -114.709537035226191, 48.888518517961572 ], [ -114.709444442633412, 48.888518517961572 ], [ -114.709444442633412, 48.888425925368878 ], [ -114.709351850040633, 48.888425925368878 ], [ -114.709351850040633, 48.888240740183491 ], [ -114.709259257447854, 48.888240740183491 ], [ -114.709259257447854, 48.888148147590798 ], [ -114.70916666485509, 48.888148147590798 ], [ -114.70916666485509, 48.888055554998111 ], [ -114.709074072262311, 48.888055554998111 ], [ -114.709074072262311, 48.887870369812724 ], [ -114.708981479669532, 48.887870369812724 ], [ -114.708981479669532, 48.88777777722003 ], [ -114.708888887076753, 48.88777777722003 ], [ -114.708888887076753, 48.887685184627337 ], [ -114.708796294483989, 48.887685184627337 ], [ -114.708796294483989, 48.88759259203465 ], [ -114.70870370189121, 48.88759259203465 ], [ -114.70870370189121, 48.887407406849263 ], [ -114.708611109298431, 48.887407406849263 ], [ -114.708611109298431, 48.88731481425657 ], [ -114.708518516705652, 48.88731481425657 ], [ -114.708518516705652, 48.887222221663876 ], [ -114.708425924112888, 48.887222221663876 ], [ -114.708425924112888, 48.88712962907119 ], [ -114.708333331520109, 48.88712962907119 ], [ -114.708333331520109, 48.887037036478496 ], [ -114.70824073892733, 48.887037036478496 ], [ -114.70824073892733, 48.886944443885803 ], [ -114.708148146334551, 48.886944443885803 ], [ -114.708148146334551, 48.886851851293109 ], [ -114.707962961149008, 48.886851851293109 ], [ -114.707962961149008, 48.886759258700415 ], [ -114.707870368556229, 48.886759258700415 ], [ -114.707870368556229, 48.886666666107729 ], [ -114.70777777596345, 48.886666666107729 ], [ -114.70777777596345, 48.886574073515035 ], [ -114.707685183370685, 48.886574073515035 ], [ -114.707685183370685, 48.886481480922342 ], [ -114.707592590777907, 48.886481480922342 ], [ -114.707592590777907, 48.886388888329648 ], [ -114.707407405592349, 48.886388888329648 ], [ -114.707407405592349, 48.886296295736955 ], [ -114.707314812999584, 48.886296295736955 ], [ -114.707314812999584, 48.886203703144268 ], [ -114.707222220406805, 48.886203703144268 ], [ -114.707222220406805, 48.886018517958881 ], [ -114.707129627814027, 48.886018517958881 ], [ -114.707129627814027, 48.885833332773494 ], [ -114.707037035221248, 48.885833332773494 ], [ -114.707037035221248, 48.885648147588114 ], [ -114.706944442628483, 48.885648147588114 ], [ -114.706944442628483, 48.885462962402727 ], [ -114.706851850035704, 48.885462962402727 ], [ -114.706851850035704, 48.885370369810033 ], [ -114.706759257442926, 48.885370369810033 ], [ -114.706759257442926, 48.88527777721734 ], [ -114.706666664850147, 48.88527777721734 ], [ -114.706666664850147, 48.88509259203196 ], [ -114.706574072257368, 48.88509259203196 ], [ -114.706574072257368, 48.884999999439266 ], [ -114.706481479664603, 48.884999999439266 ], [ -114.706481479664603, 48.884907406846573 ], [ -114.706388887071824, 48.884907406846573 ], [ -114.706388887071824, 48.884722221661193 ], [ -114.706296294479046, 48.884722221661193 ], [ -114.706296294479046, 48.884629629068499 ], [ -114.706111109293502, 48.884629629068499 ], [ -114.706111109293502, 48.884537036475805 ], [ -114.706018516700723, 48.884537036475805 ], [ -114.706018516700723, 48.884444443883112 ], [ -114.705833331515166, 48.884444443883112 ], [ -114.705833331515166, 48.884351851290418 ], [ -114.705740738922401, 48.884351851290418 ], [ -114.705740738922401, 48.884259258697732 ], [ -114.705555553736843, 48.884259258697732 ], [ -114.705555553736843, 48.884166666105038 ], [ -114.705462961144065, 48.884166666105038 ], [ -114.705462961144065, 48.884074073512345 ], [ -114.7053703685513, 48.884074073512345 ], [ -114.7053703685513, 48.883981480919651 ], [ -114.705277775958521, 48.883981480919651 ], [ -114.705277775958521, 48.883888888326958 ], [ -114.705185183365742, 48.883888888326958 ], [ -114.705185183365742, 48.883796295734271 ], [ -114.704999998180199, 48.883796295734271 ], [ -114.704999998180199, 48.883703703141578 ], [ -114.70490740558742, 48.883703703141578 ], [ -114.70490740558742, 48.883611110548884 ], [ -114.704814812994641, 48.883611110548884 ], [ -114.704814812994641, 48.88351851795619 ], [ -114.70444444262354, 48.88351851795619 ], [ -114.70444444262354, 48.883425925363497 ], [ -114.704074072252439, 48.883425925363497 ], [ -114.704074072252439, 48.883333332770803 ], [ -114.703796294474117, 48.883333332770803 ], [ -114.703796294474117, 48.883240740178117 ], [ -114.70351851669578, 48.883240740178117 ], [ -114.70351851669578, 48.883148147585423 ], [ -114.703425924103016, 48.883148147585423 ], [ -114.703425924103016, 48.88305555499273 ], [ -114.703333331510237, 48.88305555499273 ], [ -114.703333331510237, 48.882037036473115 ], [ -114.703240738917458, 48.882037036473115 ], [ -114.703240738917458, 48.881851851287735 ], [ -114.703148146324679, 48.881851851287735 ], [ -114.703148146324679, 48.881759258695041 ], [ -114.703055553731915, 48.881759258695041 ], [ -114.703055553731915, 48.881574073509654 ], [ -114.702962961139136, 48.881574073509654 ], [ -114.702962961139136, 48.881388888324267 ], [ -114.702870368546357, 48.881388888324267 ], [ -114.702870368546357, 48.88129629573158 ], [ -114.702777775953578, 48.88129629573158 ], [ -114.702777775953578, 48.881203703138887 ], [ -114.702685183360813, 48.881203703138887 ], [ -114.702685183360813, 48.881111110546193 ], [ -114.702592590768035, 48.881111110546193 ], [ -114.702592590768035, 48.8810185179535 ], [ -114.702499998175256, 48.8810185179535 ], [ -114.702499998175256, 48.880925925360806 ], [ -114.702407405582477, 48.880925925360806 ], [ -114.702407405582477, 48.88083333276812 ], [ -114.702314812989712, 48.88083333276812 ], [ -114.702314812989712, 48.880740740175426 ], [ -114.702222220396933, 48.880740740175426 ], [ -114.702222220396933, 48.880555554990039 ], [ -114.702129627804155, 48.880555554990039 ], [ -114.702129627804155, 48.880462962397345 ], [ -114.702037035211376, 48.880462962397345 ], [ -114.702037035211376, 48.880370369804659 ], [ -114.701944442618611, 48.880370369804659 ], [ -114.701944442618611, 48.880277777211965 ], [ -114.701851850025832, 48.880277777211965 ], [ -114.701851850025832, 48.880185184619272 ], [ -114.701759257433054, 48.880185184619272 ], [ -114.701759257433054, 48.880092592026578 ], [ -114.701481479654731, 48.880092592026578 ], [ -114.701481479654731, 48.879999999433885 ], [ -114.701296294469174, 48.879999999433885 ], [ -114.701296294469174, 48.879907406841198 ], [ -114.70111110928363, 48.879907406841198 ], [ -114.70111110928363, 48.879814814248505 ], [ -114.700925924098073, 48.879814814248505 ], [ -114.700925924098073, 48.879722221655811 ], [ -114.700833331505308, 48.879722221655811 ], [ -114.700833331505308, 48.879629629063118 ], [ -114.70064814631975, 48.879629629063118 ], [ -114.70064814631975, 48.879537036470424 ], [ -114.700555553726971, 48.879537036470424 ], [ -114.700555553726971, 48.879444443877738 ], [ -114.700462961134193, 48.879444443877738 ], [ -114.700462961134193, 48.879351851285044 ], [ -114.700277775948649, 48.879351851285044 ], [ -114.700277775948649, 48.87925925869235 ], [ -114.699999998170327, 48.87925925869235 ], [ -114.699999998170327, 48.879166666099657 ], [ -114.699814812984769, 48.879166666099657 ], [ -114.699814812984769, 48.879074073506963 ], [ -114.699629627799226, 48.879074073506963 ], [ -114.699629627799226, 48.87898148091427 ], [ -114.699444442613668, 48.87898148091427 ], [ -114.699444442613668, 48.878888888321583 ], [ -114.699259257428125, 48.878888888321583 ], [ -114.699259257428125, 48.87879629572889 ], [ -114.699074072242567, 48.87879629572889 ], [ -114.699074072242567, 48.878703703136196 ], [ -114.698796294464245, 48.878703703136196 ], [ -114.698796294464245, 48.878611110543503 ], [ -114.698518516685922, 48.878611110543503 ], [ -114.698518516685922, 48.878425925358123 ], [ -114.698425924093144, 48.878425925358123 ], [ -114.698425924093144, 48.878333332765429 ], [ -114.698333331500365, 48.878333332765429 ], [ -114.698333331500365, 48.878240740172735 ], [ -114.698240738907586, 48.878240740172735 ], [ -114.698240738907586, 48.878148147580042 ], [ -114.698148146314821, 48.878148147580042 ], [ -114.698148146314821, 48.878055554987348 ], [ -114.698055553722043, 48.878055554987348 ], [ -114.698055553722043, 48.877962962394662 ], [ -114.697962961129264, 48.877962962394662 ], [ -114.697962961129264, 48.877870369801968 ], [ -114.697870368536485, 48.877870369801968 ], [ -114.697870368536485, 48.877777777209275 ], [ -114.69777777594372, 48.877777777209275 ], [ -114.69777777594372, 48.877685184616581 ], [ -114.697685183350941, 48.877685184616581 ], [ -114.697685183350941, 48.877592592023888 ], [ -114.697592590758163, 48.877592592023888 ], [ -114.697592590758163, 48.877499999431201 ], [ -114.697499998165384, 48.877499999431201 ], [ -114.697499998165384, 48.877407406838508 ], [ -114.69731481297984, 48.877407406838508 ], [ -114.69731481297984, 48.877314814245814 ], [ -114.697222220387061, 48.877314814245814 ], [ -114.697222220387061, 48.87722222165312 ], [ -114.697129627794283, 48.87722222165312 ], [ -114.697129627794283, 48.877129629060427 ], [ -114.697037035201504, 48.877129629060427 ], [ -114.697037035201504, 48.877037036467733 ], [ -114.696944442608739, 48.877037036467733 ], [ -114.696944442608739, 48.876944443875047 ], [ -114.696759257423182, 48.876944443875047 ], [ -114.696759257423182, 48.876851851282353 ], [ -114.696574072237638, 48.876851851282353 ], [ -114.696574072237638, 48.87675925868966 ], [ -114.696481479644859, 48.87675925868966 ], [ -114.696481479644859, 48.876666666096966 ], [ -114.696296294459302, 48.876666666096966 ], [ -114.696296294459302, 48.876574073504273 ], [ -114.696203701866537, 48.876574073504273 ], [ -114.696203701866537, 48.876481480911586 ], [ -114.696018516680979, 48.876481480911586 ], [ -114.696018516680979, 48.876388888318893 ], [ -114.695833331495436, 48.876388888318893 ], [ -114.695833331495436, 48.876296295726199 ], [ -114.695648146309878, 48.876296295726199 ], [ -114.695648146309878, 48.876203703133505 ], [ -114.695462961124335, 48.876203703133505 ], [ -114.695462961124335, 48.876111110540812 ], [ -114.695370368531556, 48.876111110540812 ], [ -114.695370368531556, 48.876018517948125 ], [ -114.695277775938777, 48.876018517948125 ], [ -114.695277775938777, 48.875925925355432 ], [ -114.695185183345998, 48.875925925355432 ], [ -114.695185183345998, 48.875833332762738 ], [ -114.694999998160455, 48.875833332762738 ], [ -114.694999998160455, 48.875740740170045 ], [ -114.694814812974897, 48.875740740170045 ], [ -114.694814812974897, 48.875648147577351 ], [ -114.694722220382133, 48.875648147577351 ], [ -114.694722220382133, 48.875555554984665 ], [ -114.694537035196575, 48.875555554984665 ], [ -114.694537035196575, 48.875462962391971 ], [ -114.694444442603796, 48.875462962391971 ], [ -114.694444442603796, 48.875370369799278 ], [ -114.694351850011032, 48.875370369799278 ], [ -114.694351850011032, 48.875277777206584 ], [ -114.694259257418253, 48.875277777206584 ], [ -114.694259257418253, 48.87499999942851 ], [ -114.694166664825474, 48.87499999942851 ], [ -114.694166664825474, 48.874907406835817 ], [ -114.694074072232695, 48.874907406835817 ], [ -114.694074072232695, 48.874814814243123 ], [ -114.693981479639916, 48.874814814243123 ], [ -114.693981479639916, 48.87472222165043 ], [ -114.693888887047152, 48.87472222165043 ], [ -114.693888887047152, 48.874629629057736 ], [ -114.693796294454373, 48.874629629057736 ], [ -114.693796294454373, 48.87453703646505 ], [ -114.693703701861594, 48.87453703646505 ], [ -114.693703701861594, 48.874444443872356 ], [ -114.693611109268815, 48.874444443872356 ], [ -114.693611109268815, 48.874351851279663 ], [ -114.69351851667605, 48.874351851279663 ], [ -114.69351851667605, 48.874166666094276 ], [ -114.693425924083272, 48.874166666094276 ], [ -114.693425924083272, 48.874074073501589 ], [ -114.693333331490493, 48.874074073501589 ], [ -114.693333331490493, 48.873981480908895 ], [ -114.693240738897714, 48.873981480908895 ], [ -114.693240738897714, 48.873888888316202 ], [ -114.693148146304949, 48.873888888316202 ], [ -114.693148146304949, 48.873703703130815 ], [ -114.693055553712171, 48.873703703130815 ], [ -114.693055553712171, 48.873518517945435 ], [ -114.692962961119392, 48.873518517945435 ], [ -114.692962961119392, 48.873333332760048 ], [ -114.692870368526613, 48.873333332760048 ], [ -114.692870368526613, 48.873148147574668 ], [ -114.692777775933848, 48.873148147574668 ], [ -114.692777775933848, 48.872962962389281 ], [ -114.692685183341069, 48.872962962389281 ], [ -114.692685183341069, 48.872777777203893 ], [ -114.692592590748291, 48.872777777203893 ], [ -114.692592590748291, 48.872592592018513 ], [ -114.692499998155512, 48.872592592018513 ], [ -114.692499998155512, 48.87249999942582 ], [ -114.692314812969968, 48.87249999942582 ], [ -114.692314812969968, 48.872407406833126 ], [ -114.69222222037719, 48.872407406833126 ], [ -114.69222222037719, 48.872314814240433 ], [ -114.692314812969968, 48.872314814240433 ], [ -114.692314812969968, 48.871851851276972 ], [ -114.692407405562747, 48.871851851276972 ], [ -114.692407405562747, 48.871018517942744 ], [ -114.692314812969968, 48.871018517942744 ], [ -114.692314812969968, 48.870925925350051 ], [ -114.69222222037719, 48.870925925350051 ], [ -114.69222222037719, 48.870833332757357 ], [ -114.692129627784411, 48.870833332757357 ], [ -114.692129627784411, 48.870648147571977 ], [ -114.692037035191646, 48.870648147571977 ], [ -114.692037035191646, 48.870555554979283 ], [ -114.691944442598867, 48.870555554979283 ], [ -114.691944442598867, 48.870370369793896 ], [ -114.691851850006088, 48.870370369793896 ], [ -114.691851850006088, 48.870185184608516 ], [ -114.69175925741331, 48.870185184608516 ], [ -114.69175925741331, 48.868611110532747 ], [ -114.691851850006088, 48.868611110532747 ], [ -114.691851850006088, 48.867962962383899 ], [ -114.691944442598867, 48.867962962383899 ], [ -114.691944442598867, 48.866574073493517 ], [ -114.691851850006088, 48.866574073493517 ], [ -114.691851850006088, 48.866481480900823 ], [ -114.69175925741331, 48.866481480900823 ], [ -114.69175925741331, 48.866296295715443 ], [ -114.691666664820545, 48.866296295715443 ], [ -114.691666664820545, 48.86620370312275 ], [ -114.691574072227766, 48.86620370312275 ], [ -114.691574072227766, 48.866018517937363 ], [ -114.691481479634987, 48.866018517937363 ], [ -114.691481479634987, 48.865833332751983 ], [ -114.691388887042208, 48.865833332751983 ], [ -114.691388887042208, 48.865740740159289 ], [ -114.691296294449444, 48.865740740159289 ], [ -114.691296294449444, 48.865648147566596 ], [ -114.691203701856665, 48.865648147566596 ], [ -114.691203701856665, 48.865555554973902 ], [ -114.691111109263886, 48.865555554973902 ], [ -114.691111109263886, 48.865462962381208 ], [ -114.691018516671107, 48.865462962381208 ], [ -114.691018516671107, 48.865277777195828 ], [ -114.690925924078329, 48.865277777195828 ], [ -114.690925924078329, 48.865185184603135 ], [ -114.690833331485564, 48.865185184603135 ], [ -114.690833331485564, 48.865092592010441 ], [ -114.690740738892785, 48.865092592010441 ], [ -114.690740738892785, 48.864999999417748 ], [ -114.690648146300006, 48.864999999417748 ], [ -114.690648146300006, 48.864907406825061 ], [ -114.690555553707227, 48.864907406825061 ], [ -114.690555553707227, 48.864814814232368 ], [ -114.690462961114463, 48.864814814232368 ], [ -114.690462961114463, 48.864629629046981 ], [ -114.690370368521684, 48.864629629046981 ], [ -114.690370368521684, 48.864537036454287 ], [ -114.690277775928905, 48.864537036454287 ], [ -114.690277775928905, 48.864444443861601 ], [ -114.690092590743362, 48.864444443861601 ], [ -114.690092590743362, 48.864351851268907 ], [ -114.689907405557804, 48.864351851268907 ], [ -114.689907405557804, 48.864259258676213 ], [ -114.689722220372261, 48.864259258676213 ], [ -114.689722220372261, 48.86416666608352 ], [ -114.689537035186703, 48.86416666608352 ], [ -114.689537035186703, 48.864074073490826 ], [ -114.689444442593924, 48.864074073490826 ], [ -114.689444442593924, 48.863888888305446 ], [ -114.68935185000116, 48.863888888305446 ], [ -114.68935185000116, 48.863796295712753 ], [ -114.689259257408381, 48.863796295712753 ], [ -114.689259257408381, 48.86212962904429 ], [ -114.68935185000116, 48.86212962904429 ], [ -114.68935185000116, 48.860740740153908 ], [ -114.689259257408381, 48.860740740153908 ], [ -114.689259257408381, 48.860462962375834 ], [ -114.689166664815602, 48.860462962375834 ], [ -114.689166664815602, 48.860277777190447 ], [ -114.689074072222823, 48.860277777190447 ], [ -114.689074072222823, 48.860185184597754 ], [ -114.688981479630058, 48.860185184597754 ], [ -114.688981479630058, 48.859814814226986 ], [ -114.689074072222823, 48.859814814226986 ], [ -114.689074072222823, 48.859629629041606 ], [ -114.689166664815602, 48.859629629041606 ], [ -114.689166664815602, 48.859537036448913 ], [ -114.689259257408381, 48.859537036448913 ], [ -114.689259257408381, 48.859351851263526 ], [ -114.68935185000116, 48.859351851263526 ], [ -114.68935185000116, 48.859259258670832 ], [ -114.689444442593924, 48.859259258670832 ], [ -114.689444442593924, 48.859074073485452 ], [ -114.689537035186703, 48.859074073485452 ], [ -114.689537035186703, 48.858611110521991 ], [ -114.689629627779482, 48.858611110521991 ], [ -114.689629627779482, 48.85787036978045 ], [ -114.689722220372261, 48.85787036978045 ], [ -114.689722220372261, 48.857129629038916 ], [ -114.689629627779482, 48.857129629038916 ], [ -114.689629627779482, 48.856759258668141 ], [ -114.689537035186703, 48.856759258668141 ], [ -114.689537035186703, 48.856388888297374 ], [ -114.689444442593924, 48.856388888297374 ], [ -114.689444442593924, 48.856203703111994 ], [ -114.68935185000116, 48.856203703111994 ], [ -114.68935185000116, 48.856018517926607 ], [ -114.689259257408381, 48.856018517926607 ], [ -114.689259257408381, 48.855740740148534 ], [ -114.689166664815602, 48.855740740148534 ], [ -114.689166664815602, 48.855462962370453 ], [ -114.689074072222823, 48.855462962370453 ], [ -114.689074072222823, 48.855277777185073 ], [ -114.689166664815602, 48.855277777185073 ], [ -114.689166664815602, 48.854999999406992 ], [ -114.689259257408381, 48.854999999406992 ], [ -114.689259257408381, 48.854722221628919 ], [ -114.68935185000116, 48.854722221628919 ], [ -114.68935185000116, 48.854537036443531 ], [ -114.689444442593924, 48.854537036443531 ], [ -114.689444442593924, 48.854259258665458 ], [ -114.689537035186703, 48.854259258665458 ], [ -114.689537035186703, 48.854074073480071 ], [ -114.689629627779482, 48.854074073480071 ], [ -114.689629627779482, 48.853888888294684 ], [ -114.689722220372261, 48.853888888294684 ], [ -114.689722220372261, 48.85361111051661 ], [ -114.689814812965025, 48.85361111051661 ], [ -114.689814812965025, 48.853425925331223 ], [ -114.689907405557804, 48.853425925331223 ], [ -114.689907405557804, 48.853148147553149 ], [ -114.689999998150583, 48.853148147553149 ], [ -114.689999998150583, 48.852870369775076 ], [ -114.690092590743362, 48.852870369775076 ], [ -114.690092590743362, 48.852592591996995 ], [ -114.690185183336126, 48.852592591996995 ], [ -114.690185183336126, 48.852314814218921 ], [ -114.690277775928905, 48.852314814218921 ], [ -114.690277775928905, 48.852037036440841 ], [ -114.690370368521684, 48.852037036440841 ], [ -114.690370368521684, 48.851944443848147 ], [ -114.690462961114463, 48.851944443848147 ], [ -114.690462961114463, 48.851759258662767 ], [ -114.690555553707227, 48.851759258662767 ], [ -114.690555553707227, 48.851666666070074 ], [ -114.690648146300006, 48.851666666070074 ], [ -114.690648146300006, 48.85157407347738 ], [ -114.690740738892785, 48.85157407347738 ], [ -114.690740738892785, 48.851481480884686 ], [ -114.690925924078329, 48.851481480884686 ], [ -114.690925924078329, 48.851388888292 ], [ -114.691111109263886, 48.851388888292 ], [ -114.691111109263886, 48.851296295699306 ], [ -114.691203701856665, 48.851296295699306 ], [ -114.691203701856665, 48.851203703106613 ], [ -114.691388887042208, 48.851203703106613 ], [ -114.691388887042208, 48.851111110513919 ], [ -114.691574072227766, 48.851111110513919 ], [ -114.691574072227766, 48.851018517921226 ], [ -114.69175925741331, 48.851018517921226 ], [ -114.69175925741331, 48.850925925328539 ], [ -114.692037035191646, 48.850925925328539 ], [ -114.692037035191646, 48.850833332735846 ], [ -114.69222222037719, 48.850833332735846 ], [ -114.69222222037719, 48.850740740143152 ], [ -114.692407405562747, 48.850740740143152 ], [ -114.692407405562747, 48.850648147550459 ], [ -114.692592590748291, 48.850648147550459 ], [ -114.692592590748291, 48.850555554957765 ], [ -114.692777775933848, 48.850555554957765 ], [ -114.692777775933848, 48.850462962365071 ], [ -114.692870368526613, 48.850462962365071 ], [ -114.692870368526613, 48.850370369772385 ], [ -114.692962961119392, 48.850370369772385 ], [ -114.692962961119392, 48.850277777179691 ], [ -114.693055553712171, 48.850277777179691 ], [ -114.693055553712171, 48.850185184586998 ], [ -114.693148146304949, 48.850185184586998 ], [ -114.693148146304949, 48.850092591994304 ], [ -114.693240738897714, 48.850092591994304 ], [ -114.693240738897714, 48.84935185125277 ], [ -114.693148146304949, 48.84935185125277 ], [ -114.693148146304949, 48.848888888289309 ], [ -114.693055553712171, 48.848888888289309 ], [ -114.693055553712171, 48.848703703103922 ], [ -114.692962961119392, 48.848703703103922 ], [ -114.692962961119392, 48.848425925325849 ], [ -114.692870368526613, 48.848425925325849 ], [ -114.692870368526613, 48.848333332733155 ], [ -114.692777775933848, 48.848333332733155 ], [ -114.692777775933848, 48.848240740140461 ], [ -114.692685183341069, 48.848240740140461 ], [ -114.692685183341069, 48.848148147547768 ], [ -114.692592590748291, 48.848148147547768 ], [ -114.692592590748291, 48.848055554955074 ], [ -114.692499998155512, 48.848055554955074 ], [ -114.692499998155512, 48.847962962362388 ], [ -114.692407405562747, 48.847962962362388 ], [ -114.692407405562747, 48.847870369769694 ], [ -114.692314812969968, 48.847870369769694 ], [ -114.692314812969968, 48.847777777177001 ], [ -114.69222222037719, 48.847777777177001 ], [ -114.69222222037719, 48.847592591991614 ], [ -114.692129627784411, 48.847592591991614 ], [ -114.692129627784411, 48.847499999398927 ], [ -114.692037035191646, 48.847499999398927 ], [ -114.692037035191646, 48.84731481421354 ], [ -114.691944442598867, 48.84731481421354 ], [ -114.691944442598867, 48.847222221620846 ], [ -114.691851850006088, 48.847222221620846 ], [ -114.691851850006088, 48.846851851250079 ], [ -114.69175925741331, 48.846851851250079 ], [ -114.69175925741331, 48.846481480879312 ], [ -114.691666664820545, 48.846481480879312 ], [ -114.691666664820545, 48.845833332730464 ], [ -114.69175925741331, 48.845833332730464 ], [ -114.69175925741331, 48.844907406803543 ], [ -114.691851850006088, 48.844907406803543 ], [ -114.691851850006088, 48.843981480876622 ], [ -114.69175925741331, 48.843981480876622 ], [ -114.69175925741331, 48.843333332727774 ], [ -114.691666664820545, 48.843333332727774 ], [ -114.691666664820545, 48.842962962357007 ], [ -114.691574072227766, 48.842962962357007 ], [ -114.691574072227766, 48.842592591986239 ], [ -114.691481479634987, 48.842592591986239 ], [ -114.691481479634987, 48.842129629022779 ], [ -114.691574072227766, 48.842129629022779 ], [ -114.691574072227766, 48.842037036430085 ], [ -114.69175925741331, 48.842037036430085 ], [ -114.69175925741331, 48.841944443837392 ], [ -114.691851850006088, 48.841944443837392 ], [ -114.691851850006088, 48.841851851244698 ], [ -114.692037035191646, 48.841851851244698 ], [ -114.692037035191646, 48.841759258652012 ], [ -114.69222222037719, 48.841759258652012 ], [ -114.69222222037719, 48.841666666059318 ], [ -114.692407405562747, 48.841666666059318 ], [ -114.692407405562747, 48.841574073466624 ], [ -114.692499998155512, 48.841574073466624 ], [ -114.692499998155512, 48.841481480873931 ], [ -114.692685183341069, 48.841481480873931 ], [ -114.692685183341069, 48.841388888281237 ], [ -114.692870368526613, 48.841388888281237 ], [ -114.692870368526613, 48.841296295688544 ], [ -114.693148146304949, 48.841296295688544 ], [ -114.693148146304949, 48.841203703095857 ], [ -114.693333331490493, 48.841203703095857 ], [ -114.693333331490493, 48.841111110503164 ], [ -114.693611109268815, 48.841111110503164 ], [ -114.693611109268815, 48.84101851791047 ], [ -114.694259257418253, 48.84101851791047 ], [ -114.694259257418253, 48.840925925317777 ], [ -114.695740738902657, 48.840925925317777 ], [ -114.695740738902657, 48.840833332725083 ], [ -114.697222220387061, 48.840833332725083 ], [ -114.697222220387061, 48.840740740132397 ], [ -114.698240738907586, 48.840740740132397 ], [ -114.698240738907586, 48.840648147539703 ], [ -114.698518516685922, 48.840648147539703 ], [ -114.698518516685922, 48.840555554947009 ], [ -114.698796294464245, 48.840555554947009 ], [ -114.698796294464245, 48.840462962354316 ], [ -114.699074072242567, 48.840462962354316 ], [ -114.699074072242567, 48.840370369761622 ], [ -114.699351850020889, 48.840370369761622 ], [ -114.699351850020889, 48.840277777168936 ], [ -114.699629627799226, 48.840277777168936 ], [ -114.699629627799226, 48.840185184576242 ], [ -114.699907405577548, 48.840185184576242 ], [ -114.699907405577548, 48.840092591983549 ], [ -114.700277775948649, 48.840092591983549 ], [ -114.700277775948649, 48.839999999390855 ], [ -114.700555553726971, 48.839999999390855 ], [ -114.700555553726971, 48.839907406798162 ], [ -114.700833331505308, 48.839907406798162 ], [ -114.700833331505308, 48.839814814205475 ], [ -114.701018516690851, 48.839814814205475 ], [ -114.701018516690851, 48.839722221612782 ], [ -114.701296294469174, 48.839722221612782 ], [ -114.701296294469174, 48.839629629020088 ], [ -114.701481479654731, 48.839629629020088 ], [ -114.701481479654731, 48.839537036427394 ], [ -114.701666664840275, 48.839537036427394 ], [ -114.701666664840275, 48.839444443834701 ], [ -114.701944442618611, 48.839444443834701 ], [ -114.701944442618611, 48.839351851242007 ], [ -114.702222220396933, 48.839351851242007 ], [ -114.702222220396933, 48.839259258649321 ], [ -114.702592590768035, 48.839259258649321 ], [ -114.702592590768035, 48.839166666056627 ], [ -114.702870368546357, 48.839166666056627 ], [ -114.702870368546357, 48.839074073463934 ], [ -114.703240738917458, 48.839074073463934 ], [ -114.703240738917458, 48.83898148087124 ], [ -114.704259257437997, 48.83898148087124 ], [ -114.704259257437997, 48.838888888278547 ], [ -114.704629627809098, 48.838888888278547 ], [ -114.704629627809098, 48.83879629568586 ], [ -114.70490740558742, 48.83879629568586 ], [ -114.70490740558742, 48.838703703093167 ], [ -114.704999998180199, 48.838703703093167 ], [ -114.704999998180199, 48.838611110500473 ], [ -114.705092590772963, 48.838611110500473 ], [ -114.705092590772963, 48.838240740129706 ], [ -114.705185183365742, 48.838240740129706 ], [ -114.705185183365742, 48.837962962351625 ], [ -114.705092590772963, 48.837962962351625 ], [ -114.705092590772963, 48.836111110497782 ], [ -114.705185183365742, 48.836111110497782 ], [ -114.705185183365742, 48.835833332719709 ], [ -114.705277775958521, 48.835833332719709 ], [ -114.705277775958521, 48.835555554941628 ], [ -114.7053703685513, 48.835555554941628 ], [ -114.7053703685513, 48.835370369756248 ], [ -114.705462961144065, 48.835370369756248 ], [ -114.705462961144065, 48.835092591978167 ], [ -114.705555553736843, 48.835092591978167 ], [ -114.705555553736843, 48.834907406792787 ], [ -114.705648146329622, 48.834907406792787 ], [ -114.705648146329622, 48.834814814200094 ], [ -114.705740738922401, 48.834814814200094 ], [ -114.705740738922401, 48.8347222216074 ], [ -114.705833331515166, 48.8347222216074 ], [ -114.705833331515166, 48.834629629014707 ], [ -114.705925924107945, 48.834629629014707 ], [ -114.705925924107945, 48.834444443829327 ], [ -114.706018516700723, 48.834444443829327 ], [ -114.706018516700723, 48.834351851236633 ], [ -114.706111109293502, 48.834351851236633 ], [ -114.706111109293502, 48.834259258643939 ], [ -114.706203701886267, 48.834259258643939 ], [ -114.706203701886267, 48.834166666051246 ], [ -114.706296294479046, 48.834166666051246 ], [ -114.706296294479046, 48.834074073458552 ], [ -114.706388887071824, 48.834074073458552 ], [ -114.706388887071824, 48.833888888273172 ], [ -114.706481479664603, 48.833888888273172 ], [ -114.706481479664603, 48.833796295680479 ], [ -114.706574072257368, 48.833796295680479 ], [ -114.706574072257368, 48.833703703087785 ], [ -114.706666664850147, 48.833703703087785 ], [ -114.706666664850147, 48.833611110495092 ], [ -114.706759257442926, 48.833611110495092 ], [ -114.706759257442926, 48.833518517902405 ], [ -114.706851850035704, 48.833518517902405 ], [ -114.706851850035704, 48.833425925309712 ], [ -114.706944442628483, 48.833425925309712 ], [ -114.706944442628483, 48.833333332717018 ], [ -114.707037035221248, 48.833333332717018 ], [ -114.707037035221248, 48.833240740124324 ], [ -114.707129627814027, 48.833240740124324 ], [ -114.707129627814027, 48.833148147531631 ], [ -114.707222220406805, 48.833148147531631 ], [ -114.707222220406805, 48.833055554938944 ], [ -114.707314812999584, 48.833055554938944 ], [ -114.707314812999584, 48.832962962346251 ], [ -114.707407405592349, 48.832962962346251 ], [ -114.707407405592349, 48.832870369753557 ], [ -114.707499998185128, 48.832870369753557 ], [ -114.707499998185128, 48.83268518456817 ], [ -114.707592590777907, 48.83268518456817 ], [ -114.707592590777907, 48.832592591975477 ], [ -114.70777777596345, 48.832592591975477 ], [ -114.70777777596345, 48.83249999938279 ], [ -114.708333331520109, 48.83249999938279 ], [ -114.708333331520109, 48.832592591975477 ], [ -114.70870370189121, 48.832592591975477 ], [ -114.70870370189121, 48.83268518456817 ], [ -114.709074072262311, 48.83268518456817 ], [ -114.709074072262311, 48.832777777160864 ], [ -114.709444442633412, 48.832777777160864 ], [ -114.709444442633412, 48.832870369753557 ], [ -114.709907405597292, 48.832870369753557 ], [ -114.709907405597292, 48.832962962346251 ], [ -114.710277775968393, 48.832962962346251 ], [ -114.710277775968393, 48.832870369753557 ], [ -114.711111109303374, 48.832870369753557 ], [ -114.711111109303374, 48.832777777160864 ], [ -114.711388887081696, 48.832777777160864 ], [ -114.711388887081696, 48.83268518456817 ], [ -114.711666664860019, 48.83268518456817 ], [ -114.711666664860019, 48.832592591975477 ], [ -114.71203703523112, 48.832592591975477 ], [ -114.71203703523112, 48.83249999938279 ], [ -114.71296296115888, 48.83249999938279 ], [ -114.71296296115888, 48.832407406790097 ], [ -114.713333331529981, 48.832407406790097 ], [ -114.713333331529981, 48.832314814197403 ], [ -114.713611109308303, 48.832314814197403 ], [ -114.713611109308303, 48.832222221604709 ], [ -114.713888887086625, 48.832222221604709 ], [ -114.713888887086625, 48.832129629012016 ], [ -114.714074072272183, 48.832129629012016 ], [ -114.714074072272183, 48.832037036419329 ], [ -114.716203701906011, 48.832037036419329 ], [ -114.716203701906011, 48.831944443826636 ], [ -114.716851850055448, 48.831944443826636 ], [ -114.716851850055448, 48.831851851233942 ], [ -114.718518516725396, 48.831851851233942 ], [ -114.718518516725396, 48.831759258641249 ], [ -114.719999998209801, 48.831759258641249 ], [ -114.719999998209801, 48.831851851233942 ], [ -114.721666664879763, 48.831851851233942 ], [ -114.721666664879763, 48.831759258641249 ], [ -114.722407405621965, 48.831759258641249 ], [ -114.722407405621965, 48.831666666048555 ], [ -114.722592590807508, 48.831666666048555 ], [ -114.722592590807508, 48.831574073455869 ], [ -114.722870368585845, 48.831574073455869 ], [ -114.722870368585845, 48.831481480863175 ], [ -114.723055553771388, 48.831481480863175 ], [ -114.723055553771388, 48.831388888270482 ], [ -114.723240738956946, 48.831388888270482 ], [ -114.723240738956946, 48.831296295677788 ], [ -114.723425924142489, 48.831296295677788 ], [ -114.723425924142489, 48.831203703085095 ], [ -114.723611109328047, 48.831203703085095 ], [ -114.723611109328047, 48.831111110492408 ], [ -114.723703701920826, 48.831111110492408 ], [ -114.723703701920826, 48.830925925307021 ], [ -114.723796294513591, 48.830925925307021 ], [ -114.723796294513591, 48.830833332714327 ], [ -114.723888887106369, 48.830833332714327 ], [ -114.723888887106369, 48.830740740121634 ], [ -114.723981479699148, 48.830740740121634 ], [ -114.723981479699148, 48.830648147528947 ], [ -114.724074072291927, 48.830648147528947 ], [ -114.724074072291927, 48.830555554936254 ], [ -114.724166664884692, 48.830555554936254 ], [ -114.724166664884692, 48.83046296234356 ], [ -114.72425925747747, 48.83046296234356 ], [ -114.72425925747747, 48.830277777158173 ], [ -114.724351850070249, 48.830277777158173 ], [ -114.724351850070249, 48.83018518456548 ], [ -114.724444442663028, 48.83018518456548 ], [ -114.724444442663028, 48.830092591972793 ], [ -114.724537035255793, 48.830092591972793 ], [ -114.724537035255793, 48.829999999380099 ], [ -114.724629627848572, 48.829999999380099 ], [ -114.724629627848572, 48.829907406787406 ], [ -114.72472222044135, 48.829907406787406 ], [ -114.72472222044135, 48.829814814194712 ], [ -114.724814813034129, 48.829814814194712 ], [ -114.724814813034129, 48.829629629009332 ], [ -114.724907405626894, 48.829629629009332 ], [ -114.724907405626894, 48.829537036416639 ], [ -114.724999998219673, 48.829537036416639 ], [ -114.724999998219673, 48.829444443823945 ], [ -114.725092590812451, 48.829444443823945 ], [ -114.725092590812451, 48.829351851231252 ], [ -114.72518518340523, 48.829351851231252 ], [ -114.72518518340523, 48.829259258638558 ], [ -114.725277775997995, 48.829259258638558 ], [ -114.725277775997995, 48.829166666045872 ], [ -114.725370368590774, 48.829166666045872 ], [ -114.725370368590774, 48.829074073453178 ], [ -114.725462961183553, 48.829074073453178 ], [ -114.725462961183553, 48.828981480860485 ], [ -114.725555553776331, 48.828981480860485 ], [ -114.725555553776331, 48.828888888267791 ], [ -114.725648146369096, 48.828888888267791 ], [ -114.725648146369096, 48.828796295675097 ], [ -114.725833331554654, 48.828796295675097 ], [ -114.725833331554654, 48.828703703082411 ], [ -114.725925924147433, 48.828703703082411 ], [ -114.725925924147433, 48.828611110489717 ], [ -114.726018516740211, 48.828611110489717 ], [ -114.726018516740211, 48.828518517897024 ], [ -114.726203701925755, 48.828518517897024 ], [ -114.726203701925755, 48.82842592530433 ], [ -114.726388887111312, 48.82842592530433 ], [ -114.726388887111312, 48.828333332711637 ], [ -114.726574072296856, 48.828333332711637 ], [ -114.726574072296856, 48.828240740118943 ], [ -114.726666664889635, 48.828240740118943 ], [ -114.726666664889635, 48.828148147526257 ], [ -114.726574072296856, 48.828148147526257 ], [ -114.726574072296856, 48.82796296234087 ], [ -114.726481479704077, 48.82796296234087 ], [ -114.726481479704077, 48.827777777155482 ], [ -114.726388887111312, 48.827777777155482 ], [ -114.726388887111312, 48.827592591970102 ], [ -114.726296294518534, 48.827592591970102 ], [ -114.726296294518534, 48.827407406784715 ], [ -114.726203701925755, 48.827407406784715 ], [ -114.726203701925755, 48.827314814192022 ], [ -114.726111109332976, 48.827314814192022 ], [ -114.726111109332976, 48.827129629006642 ], [ -114.726018516740211, 48.827129629006642 ], [ -114.726018516740211, 48.827037036413948 ], [ -114.725925924147433, 48.827037036413948 ], [ -114.725925924147433, 48.826851851228561 ], [ -114.725833331554654, 48.826851851228561 ], [ -114.725833331554654, 48.826759258635875 ], [ -114.725740738961875, 48.826759258635875 ], [ -114.725740738961875, 48.826666666043181 ], [ -114.725648146369096, 48.826666666043181 ], [ -114.725648146369096, 48.826574073450487 ], [ -114.725555553776331, 48.826574073450487 ], [ -114.725555553776331, 48.82620370307972 ], [ -114.725462961183553, 48.82620370307972 ], [ -114.725462961183553, 48.826111110487027 ], [ -114.725555553776331, 48.826111110487027 ], [ -114.725555553776331, 48.82592592530164 ], [ -114.725648146369096, 48.82592592530164 ], [ -114.725648146369096, 48.82574074011626 ], [ -114.725740738961875, 48.82574074011626 ], [ -114.725740738961875, 48.825555554930872 ], [ -114.725833331554654, 48.825555554930872 ], [ -114.725833331554654, 48.825370369745485 ], [ -114.725925924147433, 48.825370369745485 ], [ -114.725925924147433, 48.825185184560105 ], [ -114.726018516740211, 48.825185184560105 ], [ -114.726018516740211, 48.825092591967412 ], [ -114.726111109332976, 48.825092591967412 ], [ -114.726111109332976, 48.824907406782025 ], [ -114.726203701925755, 48.824907406782025 ], [ -114.726203701925755, 48.824722221596645 ], [ -114.726296294518534, 48.824722221596645 ], [ -114.726296294518534, 48.824537036411257 ], [ -114.726388887111312, 48.824537036411257 ], [ -114.726388887111312, 48.824351851225877 ], [ -114.726481479704077, 48.824351851225877 ], [ -114.726481479704077, 48.824074073447797 ], [ -114.726574072296856, 48.824074073447797 ], [ -114.726574072296856, 48.82370370307703 ], [ -114.726666664889635, 48.82370370307703 ], [ -114.726666664889635, 48.823240740113569 ], [ -114.726759257482414, 48.823240740113569 ], [ -114.726759257482414, 48.822870369742802 ], [ -114.726851850075178, 48.822870369742802 ], [ -114.726851850075178, 48.822499999372027 ], [ -114.726944442667957, 48.822499999372027 ], [ -114.726944442667957, 48.82212962900126 ], [ -114.727037035260736, 48.82212962900126 ], [ -114.727037035260736, 48.821851851223187 ], [ -114.727129627853515, 48.821851851223187 ], [ -114.727129627853515, 48.821574073445106 ], [ -114.727222220446279, 48.821574073445106 ], [ -114.727222220446279, 48.821203703074339 ], [ -114.727314813039058, 48.821203703074339 ], [ -114.727314813039058, 48.820555554925491 ], [ -114.727222220446279, 48.820555554925491 ], [ -114.727222220446279, 48.81990740677665 ], [ -114.727129627853515, 48.81990740677665 ], [ -114.727129627853515, 48.819259258627802 ], [ -114.727037035260736, 48.819259258627802 ], [ -114.727037035260736, 48.818703703071648 ], [ -114.727129627853515, 48.818703703071648 ], [ -114.727129627853515, 48.818611110478955 ], [ -114.727222220446279, 48.818611110478955 ], [ -114.727222220446279, 48.818518517886268 ], [ -114.727314813039058, 48.818518517886268 ], [ -114.727314813039058, 48.818425925293575 ], [ -114.727407405631837, 48.818425925293575 ], [ -114.727407405631837, 48.818333332700881 ], [ -114.727499998224616, 48.818333332700881 ], [ -114.727499998224616, 48.818240740108187 ], [ -114.72759259081738, 48.818240740108187 ], [ -114.72759259081738, 48.818148147515494 ], [ -114.727777776002938, 48.818148147515494 ], [ -114.727777776002938, 48.818055554922807 ], [ -114.727962961188481, 48.818055554922807 ], [ -114.727962961188481, 48.817962962330114 ], [ -114.72805555378126, 48.817962962330114 ], [ -114.72805555378126, 48.81787036973742 ], [ -114.728240738966818, 48.81787036973742 ], [ -114.728240738966818, 48.817777777144727 ], [ -114.728425924152361, 48.817777777144727 ], [ -114.728425924152361, 48.817685184552033 ], [ -114.728611109337919, 48.817685184552033 ], [ -114.728611109337919, 48.817592591959347 ], [ -114.728796294523463, 48.817592591959347 ], [ -114.728796294523463, 48.817499999366653 ], [ -114.72898147970902, 48.817499999366653 ], [ -114.72898147970902, 48.81740740677396 ], [ -114.729166664894564, 48.81740740677396 ], [ -114.729166664894564, 48.817314814181266 ], [ -114.7294444426729, 48.817314814181266 ], [ -114.7294444426729, 48.817222221588572 ], [ -114.729629627858444, 48.817222221588572 ], [ -114.729629627858444, 48.817129628995879 ], [ -114.729814813044001, 48.817129628995879 ], [ -114.729814813044001, 48.817037036403192 ], [ -114.729999998229545, 48.817037036403192 ], [ -114.729999998229545, 48.816944443810499 ], [ -114.730185183415102, 48.816944443810499 ], [ -114.730185183415102, 48.816851851217805 ], [ -114.730370368600646, 48.816851851217805 ], [ -114.730370368600646, 48.816759258625112 ], [ -114.730555553786203, 48.816759258625112 ], [ -114.730555553786203, 48.816666666032418 ], [ -114.730648146378968, 48.816666666032418 ], [ -114.730648146378968, 48.816481480847038 ], [ -114.730740738971747, 48.816481480847038 ], [ -114.730740738971747, 48.816296295661651 ], [ -114.730833331564526, 48.816296295661651 ], [ -114.730833331564526, 48.816111110476271 ], [ -114.730925924157305, 48.816111110476271 ], [ -114.730925924157305, 48.815925925290884 ], [ -114.731018516750069, 48.815925925290884 ], [ -114.731018516750069, 48.815740740105497 ], [ -114.731111109342848, 48.815740740105497 ], [ -114.731111109342848, 48.815555554920117 ], [ -114.731203701935627, 48.815555554920117 ], [ -114.731203701935627, 48.81537036973473 ], [ -114.731296294528406, 48.81537036973473 ], [ -114.731296294528406, 48.815092591956656 ], [ -114.73138888712117, 48.815092591956656 ], [ -114.73138888712117, 48.814907406771269 ], [ -114.731481479713949, 48.814907406771269 ], [ -114.731481479713949, 48.814629628993195 ], [ -114.731574072306728, 48.814629628993195 ], [ -114.731574072306728, 48.814351851215115 ], [ -114.731481479713949, 48.814351851215115 ], [ -114.731481479713949, 48.814166666029735 ], [ -114.73138888712117, 48.814166666029735 ], [ -114.73138888712117, 48.813888888251654 ], [ -114.731296294528406, 48.813888888251654 ], [ -114.731296294528406, 48.813703703066274 ], [ -114.731203701935627, 48.813703703066274 ], [ -114.731203701935627, 48.813425925288193 ], [ -114.731111109342848, 48.813425925288193 ], [ -114.731111109342848, 48.812962962324733 ], [ -114.731018516750069, 48.812962962324733 ], [ -114.731018516750069, 48.812499999361272 ], [ -114.730925924157305, 48.812499999361272 ], [ -114.730925924157305, 48.812222221583198 ], [ -114.731018516750069, 48.812222221583198 ], [ -114.731018516750069, 48.812129628990505 ], [ -114.731111109342848, 48.812129628990505 ], [ -114.731111109342848, 48.811944443805118 ], [ -114.731203701935627, 48.811944443805118 ], [ -114.731203701935627, 48.811851851212424 ], [ -114.731296294528406, 48.811851851212424 ], [ -114.731296294528406, 48.811666666027044 ], [ -114.73138888712117, 48.811666666027044 ], [ -114.73138888712117, 48.81157407343435 ], [ -114.731481479713949, 48.81157407343435 ], [ -114.731481479713949, 48.811388888248963 ], [ -114.731574072306728, 48.811388888248963 ], [ -114.731574072306728, 48.811296295656277 ], [ -114.731666664899507, 48.811296295656277 ], [ -114.731666664899507, 48.81111111047089 ], [ -114.731759257492271, 48.81111111047089 ], [ -114.731759257492271, 48.811018517878196 ], [ -114.73185185008505, 48.811018517878196 ], [ -114.73185185008505, 48.810833332692816 ], [ -114.731944442677829, 48.810833332692816 ], [ -114.731944442677829, 48.810740740100123 ], [ -114.732037035270608, 48.810740740100123 ], [ -114.732037035270608, 48.810555554914735 ], [ -114.732129627863372, 48.810555554914735 ], [ -114.732129627863372, 48.810462962322042 ], [ -114.732222220456151, 48.810462962322042 ], [ -114.732222220456151, 48.810277777136662 ], [ -114.73231481304893, 48.810277777136662 ], [ -114.73231481304893, 48.809444443802427 ], [ -114.732222220456151, 48.809444443802427 ], [ -114.732222220456151, 48.809166666024353 ], [ -114.732129627863372, 48.809166666024353 ], [ -114.732129627863372, 48.80907407343166 ], [ -114.732037035270608, 48.80907407343166 ], [ -114.732037035270608, 48.808981480838966 ], [ -114.73185185008505, 48.808981480838966 ], [ -114.73185185008505, 48.80888888824628 ], [ -114.731759257492271, 48.80888888824628 ], [ -114.731759257492271, 48.808796295653586 ], [ -114.731574072306728, 48.808796295653586 ], [ -114.731574072306728, 48.808703703060893 ], [ -114.731481479713949, 48.808703703060893 ], [ -114.731481479713949, 48.808611110468199 ], [ -114.731296294528406, 48.808611110468199 ], [ -114.731296294528406, 48.808518517875505 ], [ -114.731203701935627, 48.808518517875505 ], [ -114.731203701935627, 48.808425925282819 ], [ -114.731111109342848, 48.808425925282819 ], [ -114.731111109342848, 48.808333332690125 ], [ -114.730925924157305, 48.808333332690125 ], [ -114.730925924157305, 48.808240740097432 ], [ -114.730833331564526, 48.808240740097432 ], [ -114.730833331564526, 48.808148147504738 ], [ -114.730648146378968, 48.808148147504738 ], [ -114.730648146378968, 48.808055554912045 ], [ -114.730555553786203, 48.808055554912045 ], [ -114.730555553786203, 48.807962962319351 ], [ -114.730462961193425, 48.807962962319351 ], [ -114.730462961193425, 48.807870369726665 ], [ -114.730277776007867, 48.807870369726665 ], [ -114.730277776007867, 48.807777777133971 ], [ -114.730185183415102, 48.807777777133971 ], [ -114.730185183415102, 48.807685184541278 ], [ -114.730092590822323, 48.807685184541278 ], [ -114.730092590822323, 48.807592591948584 ], [ -114.729907405636766, 48.807592591948584 ], [ -114.729907405636766, 48.80749999935589 ], [ -114.729537035265665, 48.80749999935589 ], [ -114.729537035265665, 48.807407406763204 ], [ -114.729166664894564, 48.807407406763204 ], [ -114.729166664894564, 48.80731481417051 ], [ -114.726296294518534, 48.80731481417051 ], [ -114.726296294518534, 48.807222221577817 ], [ -114.724907405626894, 48.807222221577817 ], [ -114.724907405626894, 48.807129628985123 ], [ -114.72425925747747, 48.807129628985123 ], [ -114.72425925747747, 48.80703703639243 ], [ -114.723611109328047, 48.80703703639243 ], [ -114.723611109328047, 48.806944443799743 ], [ -114.723240738956946, 48.806944443799743 ], [ -114.723240738956946, 48.80685185120705 ], [ -114.722962961178624, 48.80685185120705 ], [ -114.722962961178624, 48.806759258614356 ], [ -114.722592590807508, 48.806759258614356 ], [ -114.722592590807508, 48.806666666021663 ], [ -114.722407405621965, 48.806666666021663 ], [ -114.722407405621965, 48.806574073428969 ], [ -114.722222220436407, 48.806574073428969 ], [ -114.722222220436407, 48.806481480836283 ], [ -114.722037035250864, 48.806481480836283 ], [ -114.722037035250864, 48.806388888243589 ], [ -114.721851850065306, 48.806388888243589 ], [ -114.721851850065306, 48.806296295650895 ], [ -114.721666664879763, 48.806296295650895 ], [ -114.721666664879763, 48.806203703058202 ], [ -114.721481479694205, 48.806203703058202 ], [ -114.721481479694205, 48.806111110465508 ], [ -114.721296294508662, 48.806111110465508 ], [ -114.721296294508662, 48.806018517872815 ], [ -114.721203701915883, 48.806018517872815 ], [ -114.721203701915883, 48.805925925280128 ], [ -114.721111109323104, 48.805925925280128 ], [ -114.721111109323104, 48.805833332687435 ], [ -114.721018516730339, 48.805833332687435 ], [ -114.721018516730339, 48.805740740094741 ], [ -114.720833331544782, 48.805740740094741 ], [ -114.720833331544782, 48.805648147502048 ], [ -114.720740738952003, 48.805648147502048 ], [ -114.720740738952003, 48.805555554909354 ], [ -114.720648146359238, 48.805555554909354 ], [ -114.720648146359238, 48.805462962316668 ], [ -114.720462961173681, 48.805462962316668 ], [ -114.720462961173681, 48.805370369723974 ], [ -114.720370368580902, 48.805370369723974 ], [ -114.720370368580902, 48.80527777713128 ], [ -114.720277775988137, 48.80527777713128 ], [ -114.720277775988137, 48.805185184538587 ], [ -114.720092590802579, 48.805185184538587 ], [ -114.720092590802579, 48.805092591945893 ], [ -114.719999998209801, 48.805092591945893 ], [ -114.719999998209801, 48.804999999353207 ], [ -114.719907405617036, 48.804999999353207 ], [ -114.719907405617036, 48.804907406760513 ], [ -114.719814813024257, 48.804907406760513 ], [ -114.719814813024257, 48.80481481416782 ], [ -114.7196296278387, 48.80481481416782 ], [ -114.7196296278387, 48.804722221575126 ], [ -114.719537035245921, 48.804722221575126 ], [ -114.719537035245921, 48.804629628982433 ], [ -114.719444442653156, 48.804629628982433 ], [ -114.719444442653156, 48.804537036389746 ], [ -114.719351850060377, 48.804537036389746 ], [ -114.719351850060377, 48.804444443797053 ], [ -114.71916666487482, 48.804444443797053 ], [ -114.71916666487482, 48.804351851204359 ], [ -114.719074072282055, 48.804351851204359 ], [ -114.719074072282055, 48.804259258611665 ], [ -114.718981479689276, 48.804259258611665 ], [ -114.718981479689276, 48.804166666018972 ], [ -114.718888887096497, 48.804166666018972 ], [ -114.718888887096497, 48.804074073426285 ], [ -114.718703701910954, 48.804074073426285 ], [ -114.718703701910954, 48.803981480833592 ], [ -114.718611109318175, 48.803981480833592 ], [ -114.718611109318175, 48.803888888240898 ], [ -114.718518516725396, 48.803888888240898 ], [ -114.718518516725396, 48.803796295648205 ], [ -114.718425924132617, 48.803796295648205 ], [ -114.718425924132617, 48.803703703055511 ], [ -114.718333331539853, 48.803703703055511 ], [ -114.718333331539853, 48.803611110462818 ], [ -114.718240738947074, 48.803611110462818 ], [ -114.718240738947074, 48.803518517870131 ], [ -114.718148146354295, 48.803518517870131 ], [ -114.718148146354295, 48.803425925277438 ], [ -114.718055553761516, 48.803425925277438 ], [ -114.718055553761516, 48.803333332684744 ], [ -114.717962961168752, 48.803333332684744 ], [ -114.717962961168752, 48.803148147499357 ], [ -114.717870368575973, 48.803148147499357 ], [ -114.717870368575973, 48.80305555490667 ], [ -114.717777775983194, 48.80305555490667 ], [ -114.717777775983194, 48.802962962313977 ], [ -114.717685183390415, 48.802962962313977 ], [ -114.717685183390415, 48.802870369721283 ], [ -114.717592590797651, 48.802870369721283 ], [ -114.717592590797651, 48.80277777712859 ], [ -114.717407405612093, 48.80277777712859 ], [ -114.717407405612093, 48.802685184535896 ], [ -114.717129627833771, 48.802685184535896 ], [ -114.717129627833771, 48.80259259194321 ], [ -114.716851850055448, 48.80259259194321 ], [ -114.716851850055448, 48.802499999350516 ], [ -114.716666664869891, 48.802499999350516 ], [ -114.716666664869891, 48.802407406757823 ], [ -114.716481479684347, 48.802407406757823 ], [ -114.716481479684347, 48.802314814165129 ], [ -114.716388887091568, 48.802314814165129 ], [ -114.716388887091568, 48.802222221572436 ], [ -114.716203701906011, 48.802222221572436 ], [ -114.716203701906011, 48.802129628979749 ], [ -114.716018516720467, 48.802129628979749 ], [ -114.716018516720467, 48.802037036387055 ], [ -114.715925924127689, 48.802037036387055 ], [ -114.715925924127689, 48.801944443794362 ], [ -114.715740738942131, 48.801944443794362 ], [ -114.715740738942131, 48.801851851201668 ], [ -114.715555553756587, 48.801851851201668 ], [ -114.715555553756587, 48.801759258608975 ], [ -114.715462961163809, 48.801759258608975 ], [ -114.715462961163809, 48.801666666016281 ], [ -114.715277775978265, 48.801666666016281 ], [ -114.715277775978265, 48.801574073423595 ], [ -114.715092590792707, 48.801574073423595 ], [ -114.715092590792707, 48.801481480830901 ], [ -114.714722220421606, 48.801481480830901 ], [ -114.714722220421606, 48.801388888238208 ], [ -114.714259257457726, 48.801388888238208 ], [ -114.714259257457726, 48.801481480830901 ], [ -114.713981479679404, 48.801481480830901 ], [ -114.713981479679404, 48.801574073423595 ], [ -114.713796294493861, 48.801574073423595 ], [ -114.713796294493861, 48.801666666016281 ], [ -114.713518516715524, 48.801666666016281 ], [ -114.713518516715524, 48.801759258608975 ], [ -114.713333331529981, 48.801759258608975 ], [ -114.713333331529981, 48.801851851201668 ], [ -114.713055553751644, 48.801851851201668 ], [ -114.713055553751644, 48.801944443794362 ], [ -114.712870368566101, 48.801944443794362 ], [ -114.712870368566101, 48.802037036387055 ], [ -114.712592590787779, 48.802037036387055 ], [ -114.712592590787779, 48.802129628979749 ], [ -114.712314813009442, 48.802129628979749 ], [ -114.712314813009442, 48.802222221572436 ], [ -114.711944442638341, 48.802222221572436 ], [ -114.711944442638341, 48.802314814165129 ], [ -114.711481479674475, 48.802314814165129 ], [ -114.711481479674475, 48.802222221572436 ], [ -114.711018516710595, 48.802222221572436 ], [ -114.711018516710595, 48.802314814165129 ], [ -114.710555553746715, 48.802314814165129 ], [ -114.710555553746715, 48.802407406757823 ], [ -114.710277775968393, 48.802407406757823 ], [ -114.710277775968393, 48.802499999350516 ], [ -114.709999998190057, 48.802499999350516 ], [ -114.709999998190057, 48.80259259194321 ], [ -114.709814813004513, 48.80259259194321 ], [ -114.709814813004513, 48.802685184535896 ], [ -114.707037035221248, 48.802685184535896 ], [ -114.707037035221248, 48.80259259194321 ], [ -114.706111109293502, 48.80259259194321 ], [ -114.706111109293502, 48.802499999350516 ], [ -114.705925924107945, 48.802499999350516 ], [ -114.705925924107945, 48.80259259194321 ], [ -114.704259257437997, 48.80259259194321 ], [ -114.704259257437997, 48.802685184535896 ], [ -114.703333331510237, 48.802685184535896 ], [ -114.703333331510237, 48.80259259194321 ], [ -114.702870368546357, 48.80259259194321 ], [ -114.702870368546357, 48.802499999350516 ], [ -114.702407405582477, 48.802499999350516 ], [ -114.702407405582477, 48.802407406757823 ], [ -114.702037035211376, 48.802407406757823 ], [ -114.702037035211376, 48.802314814165129 ], [ -114.701759257433054, 48.802314814165129 ], [ -114.701759257433054, 48.802222221572436 ], [ -114.701481479654731, 48.802222221572436 ], [ -114.701481479654731, 48.802129628979749 ], [ -114.701203701876409, 48.802129628979749 ], [ -114.701203701876409, 48.802037036387055 ], [ -114.700925924098073, 48.802037036387055 ], [ -114.700925924098073, 48.801944443794362 ], [ -114.70064814631975, 48.801944443794362 ], [ -114.70064814631975, 48.801851851201668 ], [ -114.700462961134193, 48.801851851201668 ], [ -114.700462961134193, 48.801759258608975 ], [ -114.700277775948649, 48.801759258608975 ], [ -114.700277775948649, 48.801666666016281 ], [ -114.700092590763091, 48.801666666016281 ], [ -114.700092590763091, 48.801574073423595 ], [ -114.699907405577548, 48.801574073423595 ], [ -114.699907405577548, 48.801481480830901 ], [ -114.69972222039199, 48.801481480830901 ], [ -114.69972222039199, 48.801388888238208 ], [ -114.699537035206447, 48.801388888238208 ], [ -114.699537035206447, 48.801296295645514 ], [ -114.699351850020889, 48.801296295645514 ], [ -114.699351850020889, 48.801203703052821 ], [ -114.699166664835346, 48.801203703052821 ], [ -114.699166664835346, 48.801111110460134 ], [ -114.698981479649788, 48.801111110460134 ], [ -114.698981479649788, 48.80101851786744 ], [ -114.698611109278687, 48.80101851786744 ], [ -114.698611109278687, 48.800925925274747 ], [ -114.698240738907586, 48.800925925274747 ], [ -114.698240738907586, 48.800833332682053 ], [ -114.697962961129264, 48.800833332682053 ], [ -114.697962961129264, 48.80074074008936 ], [ -114.697592590758163, 48.80074074008936 ], [ -114.697592590758163, 48.800648147496673 ], [ -114.697129627794283, 48.800648147496673 ], [ -114.697129627794283, 48.80055555490398 ], [ -114.694814812974897, 48.80055555490398 ], [ -114.694814812974897, 48.800648147496673 ], [ -114.693611109268815, 48.800648147496673 ], [ -114.693611109268815, 48.80074074008936 ], [ -114.691851850006088, 48.80074074008936 ], [ -114.691851850006088, 48.800833332682053 ], [ -114.690833331485564, 48.800833332682053 ], [ -114.690833331485564, 48.800925925274747 ], [ -114.689814812965025, 48.800925925274747 ], [ -114.689814812965025, 48.800833332682053 ], [ -114.689166664815602, 48.800833332682053 ], [ -114.689166664815602, 48.80074074008936 ], [ -114.688796294444501, 48.80074074008936 ], [ -114.688796294444501, 48.800648147496673 ], [ -114.688611109258957, 48.800648147496673 ], [ -114.688611109258957, 48.80055555490398 ], [ -114.6884259240734, 48.80055555490398 ], [ -114.6884259240734, 48.800462962311286 ], [ -114.688333331480621, 48.800462962311286 ], [ -114.688333331480621, 48.800370369718593 ], [ -114.688240738887856, 48.800370369718593 ], [ -114.688240738887856, 48.800277777125899 ], [ -114.688148146295077, 48.800277777125899 ], [ -114.688148146295077, 48.800185184533213 ], [ -114.68796296110952, 48.800185184533213 ], [ -114.68796296110952, 48.800092591940519 ], [ -114.687870368516741, 48.800092591940519 ], [ -114.687870368516741, 48.799999999347826 ], [ -114.687777775923976, 48.799999999347826 ], [ -114.687777775923976, 48.799907406755132 ], [ -114.687685183331197, 48.799907406755132 ], [ -114.687685183331197, 48.799814814162438 ], [ -114.68749999814564, 48.799814814162438 ], [ -114.68749999814564, 48.799722221569752 ], [ -114.687407405552875, 48.799722221569752 ], [ -114.687407405552875, 48.799629628977058 ], [ -114.687222220367318, 48.799629628977058 ], [ -114.687222220367318, 48.799537036384365 ], [ -114.687129627774539, 48.799537036384365 ], [ -114.687129627774539, 48.799444443791671 ], [ -114.686944442588995, 48.799444443791671 ], [ -114.686944442588995, 48.799351851198978 ], [ -114.686851849996216, 48.799351851198978 ], [ -114.686851849996216, 48.799259258606284 ], [ -114.686666664810673, 48.799259258606284 ], [ -114.686666664810673, 48.799166666013598 ], [ -114.686574072217894, 48.799166666013598 ], [ -114.686574072217894, 48.799074073420904 ], [ -114.686388887032336, 48.799074073420904 ], [ -114.686388887032336, 48.798981480828211 ], [ -114.686296294439572, 48.798981480828211 ], [ -114.686296294439572, 48.798888888235517 ], [ -114.686111109254014, 48.798888888235517 ], [ -114.686111109254014, 48.798796295642823 ], [ -114.686018516661235, 48.798796295642823 ], [ -114.686018516661235, 48.798703703050137 ], [ -114.685833331475692, 48.798703703050137 ], [ -114.685833331475692, 48.798611110457443 ], [ -114.685740738882913, 48.798611110457443 ], [ -114.685740738882913, 48.79851851786475 ], [ -114.68555555369737, 48.79851851786475 ], [ -114.68555555369737, 48.798425925272056 ], [ -114.685277775919033, 48.798425925272056 ], [ -114.685277775919033, 48.798333332679363 ], [ -114.684999998140711, 48.798333332679363 ], [ -114.684999998140711, 48.798240740086676 ], [ -114.684537035176831, 48.798240740086676 ], [ -114.684537035176831, 48.798148147493983 ], [ -114.68416666480573, 48.798148147493983 ], [ -114.68416666480573, 48.798055554901289 ], [ -114.68370370184185, 48.798055554901289 ], [ -114.68370370184185, 48.797962962308596 ], [ -114.683333331470749, 48.797962962308596 ], [ -114.683333331470749, 48.797870369715902 ], [ -114.683055553692427, 48.797870369715902 ], [ -114.683055553692427, 48.797777777123216 ], [ -114.682777775914104, 48.797777777123216 ], [ -114.682777775914104, 48.797685184530522 ], [ -114.682499998135782, 48.797685184530522 ], [ -114.682499998135782, 48.797592591937828 ], [ -114.682314812950224, 48.797592591937828 ], [ -114.682314812950224, 48.797499999345135 ], [ -114.682129627764681, 48.797499999345135 ], [ -114.682129627764681, 48.797407406752441 ], [ -114.682037035171902, 48.797407406752441 ], [ -114.682037035171902, 48.797314814159748 ], [ -114.681851849986344, 48.797314814159748 ], [ -114.681851849986344, 48.797222221567061 ], [ -114.681666664800801, 48.797222221567061 ], [ -114.681666664800801, 48.797129628974368 ], [ -114.681574072208022, 48.797129628974368 ], [ -114.681574072208022, 48.797037036381674 ], [ -114.681018516651363, 48.797037036381674 ], [ -114.681018516651363, 48.797129628974368 ], [ -114.68083333146582, 48.797129628974368 ], [ -114.68083333146582, 48.797222221567061 ], [ -114.680648146280262, 48.797222221567061 ], [ -114.680648146280262, 48.797314814159748 ], [ -114.680462961094719, 48.797314814159748 ], [ -114.680462961094719, 48.797407406752441 ], [ -114.680185183316397, 48.797407406752441 ], [ -114.680185183316397, 48.797499999345135 ], [ -114.679999998130839, 48.797499999345135 ], [ -114.679999998130839, 48.797592591937828 ], [ -114.679444442574194, 48.797592591937828 ], [ -114.679444442574194, 48.797685184530522 ], [ -114.678796294424757, 48.797685184530522 ], [ -114.678796294424757, 48.797777777123216 ], [ -114.678611109239213, 48.797777777123216 ], [ -114.678611109239213, 48.797870369715902 ], [ -114.678333331460877, 48.797870369715902 ], [ -114.678333331460877, 48.797962962308596 ], [ -114.677962961089776, 48.797962962308596 ], [ -114.677962961089776, 48.798055554901289 ], [ -114.677592590718675, 48.798055554901289 ], [ -114.677592590718675, 48.798148147493983 ], [ -114.677129627754809, 48.798148147493983 ], [ -114.677129627754809, 48.798055554901289 ], [ -114.675462961084847, 48.798055554901289 ], [ -114.675462961084847, 48.798148147493983 ], [ -114.675092590713746, 48.798148147493983 ], [ -114.675092590713746, 48.798240740086676 ], [ -114.674722220342645, 48.798240740086676 ], [ -114.674722220342645, 48.798333332679363 ], [ -114.674351849971544, 48.798333332679363 ], [ -114.674351849971544, 48.798425925272056 ], [ -114.674074072193221, 48.798425925272056 ], [ -114.674074072193221, 48.79851851786475 ], [ -114.673796294414885, 48.79851851786475 ], [ -114.673796294414885, 48.798611110457443 ], [ -114.673518516636562, 48.798611110457443 ], [ -114.673518516636562, 48.798703703050137 ], [ -114.673148146265461, 48.798703703050137 ], [ -114.673148146265461, 48.798796295642823 ], [ -114.67277777589436, 48.798796295642823 ], [ -114.67277777589436, 48.798888888235517 ], [ -114.672407405523259, 48.798888888235517 ], [ -114.672407405523259, 48.798981480828211 ], [ -114.672222220337716, 48.798981480828211 ], [ -114.672222220337716, 48.799074073420904 ], [ -114.671944442559379, 48.799074073420904 ], [ -114.671944442559379, 48.799166666013598 ], [ -114.671574072188278, 48.799166666013598 ], [ -114.671574072188278, 48.799259258606284 ], [ -114.671481479595499, 48.799259258606284 ], [ -114.671481479595499, 48.799074073420904 ], [ -114.671388887002735, 48.799074073420904 ], [ -114.671388887002735, 48.798611110457443 ], [ -114.671296294409956, 48.798611110457443 ], [ -114.671296294409956, 48.797870369715902 ], [ -114.671388887002735, 48.797870369715902 ], [ -114.671388887002735, 48.797685184530522 ], [ -114.671481479595499, 48.797685184530522 ], [ -114.671481479595499, 48.797407406752441 ], [ -114.671574072188278, 48.797407406752441 ], [ -114.671574072188278, 48.797222221567061 ], [ -114.671666664781057, 48.797222221567061 ], [ -114.671666664781057, 48.797037036381674 ], [ -114.671759257373836, 48.797037036381674 ], [ -114.671759257373836, 48.796851851196287 ], [ -114.6718518499666, 48.796851851196287 ], [ -114.6718518499666, 48.796759258603601 ], [ -114.671944442559379, 48.796759258603601 ], [ -114.671944442559379, 48.796574073418213 ], [ -114.672037035152158, 48.796574073418213 ], [ -114.672037035152158, 48.796388888232826 ], [ -114.672129627744937, 48.796388888232826 ], [ -114.672129627744937, 48.796203703047446 ], [ -114.672222220337716, 48.796203703047446 ], [ -114.672222220337716, 48.795925925269366 ], [ -114.67231481293048, 48.795925925269366 ], [ -114.67231481293048, 48.795740740083986 ], [ -114.672407405523259, 48.795740740083986 ], [ -114.672407405523259, 48.795555554898598 ], [ -114.672499998116038, 48.795555554898598 ], [ -114.672499998116038, 48.795277777120525 ], [ -114.672592590708817, 48.795277777120525 ], [ -114.672592590708817, 48.794999999342444 ], [ -114.672685183301581, 48.794999999342444 ], [ -114.672685183301581, 48.794629628971677 ], [ -114.67277777589436, 48.794629628971677 ], [ -114.67277777589436, 48.794351851193603 ], [ -114.672870368487139, 48.794351851193603 ], [ -114.672870368487139, 48.794074073415523 ], [ -114.672962961079918, 48.794074073415523 ], [ -114.672962961079918, 48.793981480822829 ], [ -114.672870368487139, 48.793981480822829 ], [ -114.672870368487139, 48.793703703044756 ], [ -114.67277777589436, 48.793703703044756 ], [ -114.67277777589436, 48.793333332673988 ], [ -114.672685183301581, 48.793333332673988 ], [ -114.672685183301581, 48.792407406747067 ], [ -114.67277777589436, 48.792407406747067 ], [ -114.67277777589436, 48.792037036376293 ], [ -114.672870368487139, 48.792037036376293 ], [ -114.672870368487139, 48.791574073412832 ], [ -114.672962961079918, 48.791574073412832 ], [ -114.672962961079918, 48.791111110449371 ], [ -114.673055553672683, 48.791111110449371 ], [ -114.673055553672683, 48.790648147485911 ], [ -114.673148146265461, 48.790648147485911 ], [ -114.673148146265461, 48.789166666002835 ], [ -114.673055553672683, 48.789166666002835 ], [ -114.673055553672683, 48.789074073410148 ], [ -114.672870368487139, 48.789074073410148 ], [ -114.672870368487139, 48.788981480817455 ], [ -114.672685183301581, 48.788981480817455 ], [ -114.672685183301581, 48.788888888224761 ], [ -114.672499998116038, 48.788888888224761 ], [ -114.672499998116038, 48.788796295632068 ], [ -114.67231481293048, 48.788796295632068 ], [ -114.67231481293048, 48.788703703039374 ], [ -114.672037035152158, 48.788703703039374 ], [ -114.672037035152158, 48.788611110446688 ], [ -114.671759257373836, 48.788611110446688 ], [ -114.671759257373836, 48.788518517853994 ], [ -114.671574072188278, 48.788518517853994 ], [ -114.671574072188278, 48.788425925261301 ], [ -114.671296294409956, 48.788425925261301 ], [ -114.671296294409956, 48.788333332668607 ], [ -114.671111109224398, 48.788333332668607 ], [ -114.671111109224398, 48.788240740075913 ], [ -114.670833331446076, 48.788240740075913 ], [ -114.670833331446076, 48.78814814748322 ], [ -114.670648146260532, 48.78814814748322 ], [ -114.670648146260532, 48.788055554890533 ], [ -114.670462961074975, 48.788055554890533 ], [ -114.670462961074975, 48.78796296229784 ], [ -114.670277775889431, 48.78796296229784 ], [ -114.670277775889431, 48.787870369705146 ], [ -114.670092590703874, 48.787870369705146 ], [ -114.670092590703874, 48.787777777112453 ], [ -114.669814812925551, 48.787777777112453 ], [ -114.669814812925551, 48.787685184519759 ], [ -114.66944444255445, 48.787685184519759 ], [ -114.66944444255445, 48.787592591927073 ], [ -114.669166664776128, 48.787592591927073 ], [ -114.669166664776128, 48.787499999334379 ], [ -114.668796294405013, 48.787499999334379 ], [ -114.668796294405013, 48.787407406741686 ], [ -114.66851851662669, 48.787407406741686 ], [ -114.66851851662669, 48.787314814148992 ], [ -114.668240738848368, 48.787314814148992 ], [ -114.668240738848368, 48.787129628963612 ], [ -114.668425924033912, 48.787129628963612 ], [ -114.668425924033912, 48.787037036370918 ], [ -114.66851851662669, 48.787037036370918 ], [ -114.66851851662669, 48.786944443778225 ], [ -114.668703701812248, 48.786944443778225 ], [ -114.668703701812248, 48.786851851185531 ], [ -114.668888886997792, 48.786851851185531 ], [ -114.668888886997792, 48.786759258592838 ], [ -114.66898147959057, 48.786759258592838 ], [ -114.66898147959057, 48.786666666000151 ], [ -114.669166664776128, 48.786666666000151 ], [ -114.669166664776128, 48.786574073407458 ], [ -114.669351849961672, 48.786574073407458 ], [ -114.669351849961672, 48.786481480814764 ], [ -114.66944444255445, 48.786481480814764 ], [ -114.66944444255445, 48.786388888222071 ], [ -114.669629627739994, 48.786388888222071 ], [ -114.669629627739994, 48.786296295629377 ], [ -114.669722220332773, 48.786296295629377 ], [ -114.669722220332773, 48.786203703036684 ], [ -114.66990740551833, 48.786203703036684 ], [ -114.66990740551833, 48.786111110443997 ], [ -114.670092590703874, 48.786111110443997 ], [ -114.670092590703874, 48.786018517851303 ], [ -114.670185183296653, 48.786018517851303 ], [ -114.670185183296653, 48.78592592525861 ], [ -114.670370368482196, 48.78592592525861 ], [ -114.670370368482196, 48.785833332665916 ], [ -114.670555553667754, 48.785833332665916 ], [ -114.670555553667754, 48.785740740073223 ], [ -114.670648146260532, 48.785740740073223 ], [ -114.670648146260532, 48.785648147480536 ], [ -114.670740738853297, 48.785648147480536 ], [ -114.670740738853297, 48.785185184517076 ], [ -114.670833331446076, 48.785185184517076 ], [ -114.670833331446076, 48.784629628960921 ], [ -114.670925924038855, 48.784629628960921 ], [ -114.670925924038855, 48.784259258590154 ], [ -114.671018516631634, 48.784259258590154 ], [ -114.671018516631634, 48.784074073404767 ], [ -114.671111109224398, 48.784074073404767 ], [ -114.671111109224398, 48.78388888821938 ], [ -114.671203701817177, 48.78388888821938 ], [ -114.671203701817177, 48.783703703034 ], [ -114.671296294409956, 48.783703703034 ], [ -114.671296294409956, 48.783518517848613 ], [ -114.671388887002735, 48.783518517848613 ], [ -114.671388887002735, 48.783333332663226 ], [ -114.671481479595499, 48.783333332663226 ], [ -114.671481479595499, 48.783148147477846 ], [ -114.671574072188278, 48.783148147477846 ], [ -114.671574072188278, 48.782962962292459 ], [ -114.671666664781057, 48.782962962292459 ], [ -114.671666664781057, 48.782777777107079 ], [ -114.671759257373836, 48.782777777107079 ], [ -114.671759257373836, 48.782685184514385 ], [ -114.671944442559379, 48.782685184514385 ], [ -114.671944442559379, 48.782592591921691 ], [ -114.672037035152158, 48.782592591921691 ], [ -114.672037035152158, 48.782499999328998 ], [ -114.672129627744937, 48.782499999328998 ], [ -114.672129627744937, 48.782407406736304 ], [ -114.672222220337716, 48.782407406736304 ], [ -114.672222220337716, 48.782314814143618 ], [ -114.67231481293048, 48.782314814143618 ], [ -114.67231481293048, 48.782222221550924 ], [ -114.672407405523259, 48.782222221550924 ], [ -114.672407405523259, 48.782129628958231 ], [ -114.672592590708817, 48.782129628958231 ], [ -114.672592590708817, 48.782037036365537 ], [ -114.672685183301581, 48.782037036365537 ], [ -114.672685183301581, 48.781944443772844 ], [ -114.67277777589436, 48.781944443772844 ], [ -114.67277777589436, 48.781851851180157 ], [ -114.672870368487139, 48.781851851180157 ], [ -114.672870368487139, 48.781759258587464 ], [ -114.672962961079918, 48.781759258587464 ], [ -114.672962961079918, 48.78166666599477 ], [ -114.673148146265461, 48.78166666599477 ], [ -114.673148146265461, 48.781574073402076 ], [ -114.673333331451019, 48.781574073402076 ], [ -114.673333331451019, 48.781481480809383 ], [ -114.673611109229341, 48.781481480809383 ], [ -114.673611109229341, 48.781388888216689 ], [ -114.673796294414885, 48.781388888216689 ], [ -114.673796294414885, 48.781296295624003 ], [ -114.674074072193221, 48.781296295624003 ], [ -114.674074072193221, 48.781203703031309 ], [ -114.674259257378765, 48.781203703031309 ], [ -114.674259257378765, 48.781111110438616 ], [ -114.674537035157087, 48.781111110438616 ], [ -114.674537035157087, 48.781018517845922 ], [ -114.674722220342645, 48.781018517845922 ], [ -114.674722220342645, 48.780925925253229 ], [ -114.674999998120967, 48.780925925253229 ], [ -114.674999998120967, 48.780833332660542 ], [ -114.675740738863169, 48.780833332660542 ], [ -114.675740738863169, 48.780740740067849 ], [ -114.67657407219815, 48.780740740067849 ], [ -114.67657407219815, 48.780648147475155 ], [ -114.677407405533131, 48.780648147475155 ], [ -114.677407405533131, 48.780555554882461 ], [ -114.678240738868112, 48.780555554882461 ], [ -114.678240738868112, 48.780462962289768 ], [ -114.678981479610314, 48.780462962289768 ], [ -114.678981479610314, 48.780370369697081 ], [ -114.679722220352517, 48.780370369697081 ], [ -114.679722220352517, 48.780277777104388 ], [ -114.680277775909161, 48.780277777104388 ], [ -114.680277775909161, 48.780185184511694 ], [ -114.68083333146582, 48.780185184511694 ], [ -114.68083333146582, 48.780092591919001 ], [ -114.681388887022464, 48.780092591919001 ], [ -114.681388887022464, 48.779999999326307 ], [ -114.681666664800801, 48.779999999326307 ], [ -114.681666664800801, 48.779907406733621 ], [ -114.68175925739358, 48.779907406733621 ], [ -114.68175925739358, 48.779814814140927 ], [ -114.681851849986344, 48.779814814140927 ], [ -114.681851849986344, 48.779722221548234 ], [ -114.682037035171902, 48.779722221548234 ], [ -114.682037035171902, 48.77962962895554 ], [ -114.682129627764681, 48.77962962895554 ], [ -114.682129627764681, 48.779537036362846 ], [ -114.682222220357446, 48.779537036362846 ], [ -114.682222220357446, 48.779444443770153 ], [ -114.682314812950224, 48.779444443770153 ], [ -114.682314812950224, 48.779351851177466 ], [ -114.682499998135782, 48.779351851177466 ], [ -114.682499998135782, 48.779259258584773 ], [ -114.682592590728547, 48.779259258584773 ], [ -114.682592590728547, 48.779166665992079 ], [ -114.682685183321325, 48.779166665992079 ], [ -114.682685183321325, 48.779074073399386 ], [ -114.682777775914104, 48.779074073399386 ], [ -114.682777775914104, 48.778981480806692 ], [ -114.682962961099648, 48.778981480806692 ], [ -114.682962961099648, 48.778888888214006 ], [ -114.683055553692427, 48.778888888214006 ], [ -114.683055553692427, 48.778796295621312 ], [ -114.683148146285205, 48.778796295621312 ], [ -114.683148146285205, 48.778703703028619 ], [ -114.683240738877984, 48.778703703028619 ], [ -114.683240738877984, 48.778611110435925 ], [ -114.683333331470749, 48.778611110435925 ], [ -114.683333331470749, 48.778518517843231 ], [ -114.683425924063528, 48.778518517843231 ], [ -114.683425924063528, 48.778425925250545 ], [ -114.683518516656306, 48.778425925250545 ], [ -114.683518516656306, 48.778333332657851 ], [ -114.68370370184185, 48.778333332657851 ], [ -114.68370370184185, 48.778240740065158 ], [ -114.683796294434629, 48.778240740065158 ], [ -114.683796294434629, 48.778148147472464 ], [ -114.683888887027408, 48.778148147472464 ], [ -114.683888887027408, 48.778055554879771 ], [ -114.683981479620186, 48.778055554879771 ], [ -114.683981479620186, 48.777962962287084 ], [ -114.684074072212951, 48.777962962287084 ], [ -114.684074072212951, 48.777870369694391 ], [ -114.68416666480573, 48.777870369694391 ], [ -114.68416666480573, 48.777777777101697 ], [ -114.684351849991288, 48.777777777101697 ], [ -114.684351849991288, 48.777685184509004 ], [ -114.684444442584052, 48.777685184509004 ], [ -114.684444442584052, 48.77759259191631 ], [ -114.68462962776961, 48.77759259191631 ], [ -114.68462962776961, 48.777499999323624 ], [ -114.684814812955167, 48.777499999323624 ], [ -114.684814812955167, 48.77740740673093 ], [ -114.684907405547932, 48.77740740673093 ], [ -114.684907405547932, 48.777314814138236 ], [ -114.68509259073349, 48.777314814138236 ], [ -114.68509259073349, 48.777222221545543 ], [ -114.685277775919033, 48.777222221545543 ], [ -114.685277775919033, 48.777129628952849 ], [ -114.685370368511812, 48.777129628952849 ], [ -114.685370368511812, 48.777037036360156 ], [ -114.68555555369737, 48.777037036360156 ], [ -114.68555555369737, 48.776944443767469 ], [ -114.685740738882913, 48.776944443767469 ], [ -114.685740738882913, 48.776851851174776 ], [ -114.685833331475692, 48.776851851174776 ], [ -114.685833331475692, 48.776759258582082 ], [ -114.686111109254014, 48.776759258582082 ], [ -114.686111109254014, 48.776666665989389 ], [ -114.686388887032336, 48.776666665989389 ], [ -114.686388887032336, 48.776574073396695 ], [ -114.686666664810673, 48.776574073396695 ], [ -114.686666664810673, 48.776481480804009 ], [ -114.686944442588995, 48.776481480804009 ], [ -114.686944442588995, 48.776388888211315 ], [ -114.687129627774539, 48.776388888211315 ], [ -114.687129627774539, 48.776296295618621 ], [ -114.687407405552875, 48.776296295618621 ], [ -114.687407405552875, 48.776203703025928 ], [ -114.687685183331197, 48.776203703025928 ], [ -114.687685183331197, 48.776111110433234 ], [ -114.688055553702299, 48.776111110433234 ], [ -114.688055553702299, 48.776018517840548 ], [ -114.688518516666178, 48.776018517840548 ], [ -114.688518516666178, 48.775925925247854 ], [ -114.688981479630058, 48.775925925247854 ], [ -114.688981479630058, 48.775833332655161 ], [ -114.689444442593924, 48.775833332655161 ], [ -114.689444442593924, 48.775740740062467 ], [ -114.689907405557804, 48.775740740062467 ], [ -114.689907405557804, 48.775648147469774 ], [ -114.690370368521684, 48.775648147469774 ], [ -114.690370368521684, 48.775555554877087 ], [ -114.690833331485564, 48.775555554877087 ], [ -114.690833331485564, 48.775462962284394 ], [ -114.691296294449444, 48.775462962284394 ], [ -114.691296294449444, 48.7753703696917 ], [ -114.69175925741331, 48.7753703696917 ], [ -114.69175925741331, 48.775277777099006 ], [ -114.69222222037719, 48.775277777099006 ], [ -114.69222222037719, 48.775185184506313 ], [ -114.692592590748291, 48.775185184506313 ], [ -114.692592590748291, 48.775092591913619 ], [ -114.692962961119392, 48.775092591913619 ], [ -114.692962961119392, 48.774999999320933 ], [ -114.693333331490493, 48.774999999320933 ], [ -114.693333331490493, 48.774907406728239 ], [ -114.693703701861594, 48.774907406728239 ], [ -114.693703701861594, 48.774814814135546 ], [ -114.694074072232695, 48.774814814135546 ], [ -114.694074072232695, 48.774722221542852 ], [ -114.694444442603796, 48.774722221542852 ], [ -114.694444442603796, 48.774629628950159 ], [ -114.695555553717099, 48.774629628950159 ], [ -114.695555553717099, 48.774537036357472 ], [ -114.696574072237638, 48.774537036357472 ], [ -114.696574072237638, 48.774444443764779 ], [ -114.697499998165384, 48.774444443764779 ], [ -114.697499998165384, 48.774351851172085 ], [ -114.698333331500365, 48.774351851172085 ], [ -114.698333331500365, 48.774259258579391 ], [ -114.69972222039199, 48.774259258579391 ], [ -114.69972222039199, 48.774166665986698 ], [ -114.700925924098073, 48.774166665986698 ], [ -114.700925924098073, 48.774074073394011 ], [ -114.701296294469174, 48.774074073394011 ], [ -114.701296294469174, 48.773981480801318 ], [ -114.70157407224751, 48.773981480801318 ], [ -114.70157407224751, 48.773888888208624 ], [ -114.701944442618611, 48.773888888208624 ], [ -114.701944442618611, 48.773796295615931 ], [ -114.702222220396933, 48.773796295615931 ], [ -114.702222220396933, 48.773703703023237 ], [ -114.702592590768035, 48.773703703023237 ], [ -114.702592590768035, 48.773611110430551 ], [ -114.702870368546357, 48.773611110430551 ], [ -114.702870368546357, 48.773518517837857 ], [ -114.703055553731915, 48.773518517837857 ], [ -114.703055553731915, 48.773425925245164 ], [ -114.703333331510237, 48.773425925245164 ], [ -114.703333331510237, 48.77333333265247 ], [ -114.70351851669578, 48.77333333265247 ], [ -114.70351851669578, 48.773240740059776 ], [ -114.703703701881338, 48.773240740059776 ], [ -114.703703701881338, 48.77314814746709 ], [ -114.70398147965966, 48.77314814746709 ], [ -114.70398147965966, 48.773055554874396 ], [ -114.704166664845218, 48.773055554874396 ], [ -114.704166664845218, 48.772962962281703 ], [ -114.704351850030761, 48.772962962281703 ], [ -114.704351850030761, 48.772870369689009 ], [ -114.704537035216319, 48.772870369689009 ], [ -114.704537035216319, 48.772777777096316 ], [ -114.704814812994641, 48.772777777096316 ], [ -114.704814812994641, 48.772685184503622 ], [ -114.705092590772963, 48.772685184503622 ], [ -114.705092590772963, 48.772592591910936 ], [ -114.705277775958521, 48.772592591910936 ], [ -114.705277775958521, 48.772499999318242 ], [ -114.705555553736843, 48.772499999318242 ], [ -114.705555553736843, 48.772407406725549 ], [ -114.705833331515166, 48.772407406725549 ], [ -114.705833331515166, 48.772314814132855 ], [ -114.706018516700723, 48.772314814132855 ], [ -114.706018516700723, 48.772222221540162 ], [ -114.706296294479046, 48.772222221540162 ], [ -114.706296294479046, 48.772129628947475 ], [ -114.706574072257368, 48.772129628947475 ], [ -114.706574072257368, 48.772037036354781 ], [ -114.706759257442926, 48.772037036354781 ], [ -114.706759257442926, 48.771944443762088 ], [ -114.707037035221248, 48.771944443762088 ], [ -114.707037035221248, 48.771851851169394 ], [ -114.707222220406805, 48.771851851169394 ], [ -114.707222220406805, 48.771759258576701 ], [ -114.707499998185128, 48.771759258576701 ], [ -114.707499998185128, 48.771666665984014 ], [ -114.70777777596345, 48.771666665984014 ], [ -114.70777777596345, 48.771574073391321 ], [ -114.707962961149008, 48.771574073391321 ], [ -114.707962961149008, 48.771481480798627 ], [ -114.70824073892733, 48.771481480798627 ], [ -114.70824073892733, 48.771388888205934 ], [ -114.708425924112888, 48.771388888205934 ], [ -114.708425924112888, 48.77129629561324 ], [ -114.708611109298431, 48.77129629561324 ], [ -114.708611109298431, 48.771203703020554 ], [ -114.708796294483989, 48.771203703020554 ], [ -114.708796294483989, 48.77111111042786 ], [ -114.708981479669532, 48.77111111042786 ], [ -114.708981479669532, 48.771018517835167 ], [ -114.70916666485509, 48.771018517835167 ], [ -114.70916666485509, 48.770925925242473 ], [ -114.709351850040633, 48.770925925242473 ], [ -114.709351850040633, 48.770833332649779 ], [ -114.709537035226191, 48.770833332649779 ], [ -114.709537035226191, 48.770740740057086 ], [ -114.709722220411734, 48.770740740057086 ], [ -114.709722220411734, 48.770648147464399 ], [ -114.709907405597292, 48.770648147464399 ], [ -114.709907405597292, 48.770555554871706 ], [ -114.710092590782835, 48.770555554871706 ], [ -114.710092590782835, 48.770462962279012 ], [ -114.710277775968393, 48.770462962279012 ], [ -114.710277775968393, 48.770370369686319 ], [ -114.710370368561172, 48.770370369686319 ], [ -114.710370368561172, 48.770277777093625 ], [ -114.710555553746715, 48.770277777093625 ], [ -114.710555553746715, 48.770185184500939 ], [ -114.710648146339494, 48.770185184500939 ], [ -114.710648146339494, 48.770092591908245 ], [ -114.710740738932273, 48.770092591908245 ], [ -114.710740738932273, 48.769999999315552 ], [ -114.710925924117817, 48.769999999315552 ], [ -114.710925924117817, 48.769907406722858 ], [ -114.711018516710595, 48.769907406722858 ], [ -114.711018516710595, 48.769814814130164 ], [ -114.711111109303374, 48.769814814130164 ], [ -114.711111109303374, 48.769722221537478 ], [ -114.711296294488918, 48.769722221537478 ], [ -114.711296294488918, 48.769629628944784 ], [ -114.711388887081696, 48.769629628944784 ], [ -114.711388887081696, 48.769537036352091 ], [ -114.711481479674475, 48.769537036352091 ], [ -114.711481479674475, 48.769444443759397 ], [ -114.711666664860019, 48.769444443759397 ], [ -114.711666664860019, 48.769351851166704 ], [ -114.711851850045576, 48.769351851166704 ], [ -114.711851850045576, 48.769259258574017 ], [ -114.711944442638341, 48.769259258574017 ], [ -114.711944442638341, 48.769166665981324 ], [ -114.712129627823899, 48.769166665981324 ], [ -114.712129627823899, 48.76907407338863 ], [ -114.712314813009442, 48.76907407338863 ], [ -114.712314813009442, 48.768981480795937 ], [ -114.712499998195, 48.768981480795937 ], [ -114.712499998195, 48.768888888203243 ], [ -114.712685183380543, 48.768888888203243 ], [ -114.712685183380543, 48.768796295610557 ], [ -114.712870368566101, 48.768796295610557 ], [ -114.712870368566101, 48.768703703017863 ], [ -114.713055553751644, 48.768703703017863 ], [ -114.713055553751644, 48.768611110425169 ], [ -114.713148146344423, 48.768611110425169 ], [ -114.713148146344423, 48.769166665981324 ], [ -114.713055553751644, 48.769166665981324 ], [ -114.713055553751644, 48.769907406722858 ], [ -114.71296296115888, 48.769907406722858 ], [ -114.71296296115888, 48.769999999315552 ], [ -114.712870368566101, 48.769999999315552 ], [ -114.712870368566101, 48.770185184500939 ], [ -114.712777775973322, 48.770185184500939 ], [ -114.712777775973322, 48.770277777093625 ], [ -114.712685183380543, 48.770277777093625 ], [ -114.712685183380543, 48.770462962279012 ], [ -114.712592590787779, 48.770462962279012 ], [ -114.712592590787779, 48.770555554871706 ], [ -114.712499998195, 48.770555554871706 ], [ -114.712499998195, 48.770740740057086 ], [ -114.712407405602221, 48.770740740057086 ], [ -114.712407405602221, 48.770833332649779 ], [ -114.712314813009442, 48.770833332649779 ], [ -114.712314813009442, 48.770925925242473 ], [ -114.712222220416677, 48.770925925242473 ], [ -114.712222220416677, 48.77111111042786 ], [ -114.712129627823899, 48.77111111042786 ], [ -114.712129627823899, 48.77129629561324 ], [ -114.71203703523112, 48.77129629561324 ], [ -114.71203703523112, 48.771388888205934 ], [ -114.711944442638341, 48.771388888205934 ], [ -114.711944442638341, 48.771574073391321 ], [ -114.711851850045576, 48.771574073391321 ], [ -114.711851850045576, 48.771666665984014 ], [ -114.711759257452798, 48.771666665984014 ], [ -114.711759257452798, 48.771851851169394 ], [ -114.711666664860019, 48.771851851169394 ], [ -114.711666664860019, 48.772037036354781 ], [ -114.71157407226724, 48.772037036354781 ], [ -114.71157407226724, 48.772129628947475 ], [ -114.711481479674475, 48.772129628947475 ], [ -114.711481479674475, 48.772314814132855 ], [ -114.711388887081696, 48.772314814132855 ], [ -114.711388887081696, 48.772407406725549 ], [ -114.711296294488918, 48.772407406725549 ], [ -114.711296294488918, 48.772685184503622 ], [ -114.711203701896139, 48.772685184503622 ], [ -114.711203701896139, 48.772962962281703 ], [ -114.711111109303374, 48.772962962281703 ], [ -114.711111109303374, 48.773240740059776 ], [ -114.711018516710595, 48.773240740059776 ], [ -114.711018516710595, 48.773518517837857 ], [ -114.710925924117817, 48.773518517837857 ], [ -114.710925924117817, 48.773796295615931 ], [ -114.710833331525038, 48.773796295615931 ], [ -114.710833331525038, 48.773981480801318 ], [ -114.710900148437275, 48.773981480801318 ], [ -114.710876197895999, 48.774053363937298 ], [ -114.710925924117817, 48.774039034399479 ], [ -114.710925924117817, 48.774074073394011 ], [ -114.711296294488918, 48.774074073394011 ], [ -114.711296294488918, 48.773981480801318 ], [ -114.71157407226724, 48.773981480801318 ], [ -114.71157407226724, 48.773888888208624 ], [ -114.711944442638341, 48.773888888208624 ], [ -114.711944442638341, 48.773796295615931 ], [ -114.712222220416677, 48.773796295615931 ], [ -114.712222220416677, 48.773703703023237 ], [ -114.712592590787779, 48.773703703023237 ], [ -114.712592590787779, 48.773611110430551 ], [ -114.712870368566101, 48.773611110430551 ], [ -114.712870368566101, 48.773518517837857 ], [ -114.713055553751644, 48.773518517837857 ], [ -114.713055553751644, 48.773425925245164 ], [ -114.713240738937202, 48.773425925245164 ], [ -114.713240738937202, 48.77333333265247 ], [ -114.71342592412276, 48.77333333265247 ], [ -114.71342592412276, 48.773240740059776 ], [ -114.713611109308303, 48.773240740059776 ], [ -114.713611109308303, 48.77314814746709 ], [ -114.713796294493861, 48.77314814746709 ], [ -114.713796294493861, 48.773055554874396 ], [ -114.713981479679404, 48.773055554874396 ], [ -114.713981479679404, 48.772962962281703 ], [ -114.714074072272183, 48.772962962281703 ], [ -114.714074072272183, 48.772870369689009 ], [ -114.714259257457726, 48.772870369689009 ], [ -114.714259257457726, 48.772777777096316 ], [ -114.714444442643284, 48.772777777096316 ], [ -114.714444442643284, 48.772685184503622 ], [ -114.714629627828828, 48.772685184503622 ], [ -114.714629627828828, 48.772592591910936 ], [ -114.714814813014385, 48.772592591910936 ], [ -114.714814813014385, 48.772499999318242 ], [ -114.714907405607164, 48.772499999318242 ], [ -114.714907405607164, 48.772407406725549 ], [ -114.715092590792707, 48.772407406725549 ], [ -114.715092590792707, 48.772314814132855 ], [ -114.715185183385486, 48.772314814132855 ], [ -114.715185183385486, 48.772222221540162 ], [ -114.71537036857103, 48.772222221540162 ], [ -114.71537036857103, 48.772129628947475 ], [ -114.715462961163809, 48.772129628947475 ], [ -114.715462961163809, 48.772037036354781 ], [ -114.715648146349366, 48.772037036354781 ], [ -114.715648146349366, 48.771944443762088 ], [ -114.71583333153491, 48.771944443762088 ], [ -114.71583333153491, 48.771851851169394 ], [ -114.715925924127689, 48.771851851169394 ], [ -114.715925924127689, 48.771759258576701 ], [ -114.716111109313232, 48.771759258576701 ], [ -114.716111109313232, 48.771666665984014 ], [ -114.716203701906011, 48.771666665984014 ], [ -114.716203701906011, 48.771574073391321 ], [ -114.716388887091568, 48.771574073391321 ], [ -114.716388887091568, 48.771481480798627 ], [ -114.716481479684347, 48.771481480798627 ], [ -114.716481479684347, 48.771388888205934 ], [ -114.716666664869891, 48.771388888205934 ], [ -114.716666664869891, 48.77129629561324 ], [ -114.71675925746267, 48.77129629561324 ], [ -114.71675925746267, 48.771203703020554 ], [ -114.716944442648213, 48.771203703020554 ], [ -114.716944442648213, 48.77111111042786 ], [ -114.717037035240992, 48.77111111042786 ], [ -114.717037035240992, 48.771018517835167 ], [ -114.717222220426549, 48.771018517835167 ], [ -114.717222220426549, 48.770925925242473 ], [ -114.717314813019314, 48.770925925242473 ], [ -114.717314813019314, 48.770833332649779 ], [ -114.717499998204872, 48.770833332649779 ], [ -114.717499998204872, 48.770740740057086 ], [ -114.717592590797651, 48.770740740057086 ], [ -114.717592590797651, 48.770648147464399 ], [ -114.717777775983194, 48.770648147464399 ], [ -114.717777775983194, 48.770555554871706 ], [ -114.717870368575973, 48.770555554871706 ], [ -114.717870368575973, 48.770462962279012 ], [ -114.718055553761516, 48.770462962279012 ], [ -114.718055553761516, 48.770370369686319 ], [ -114.718148146354295, 48.770370369686319 ], [ -114.718148146354295, 48.770277777093625 ], [ -114.718333331539853, 48.770277777093625 ], [ -114.718333331539853, 48.770185184500939 ], [ -114.718425924132617, 48.770185184500939 ], [ -114.718425924132617, 48.770092591908245 ], [ -114.718611109318175, 48.770092591908245 ], [ -114.718611109318175, 48.769999999315552 ], [ -114.718703701910954, 48.769999999315552 ], [ -114.718703701910954, 48.769907406722858 ], [ -114.718888887096497, 48.769907406722858 ], [ -114.718888887096497, 48.769814814130164 ], [ -114.718981479689276, 48.769814814130164 ], [ -114.718981479689276, 48.769722221537478 ], [ -114.71916666487482, 48.769722221537478 ], [ -114.71916666487482, 48.769629628944784 ], [ -114.719259257467598, 48.769629628944784 ], [ -114.719259257467598, 48.769537036352091 ], [ -114.719351850060377, 48.769537036352091 ], [ -114.719351850060377, 48.769444443759397 ], [ -114.719537035245921, 48.769444443759397 ], [ -114.719537035245921, 48.769351851166704 ], [ -114.7196296278387, 48.769351851166704 ], [ -114.7196296278387, 48.769259258574017 ], [ -114.719722220431478, 48.769259258574017 ], [ -114.719722220431478, 48.769166665981324 ], [ -114.719814813024257, 48.769166665981324 ], [ -114.719814813024257, 48.76907407338863 ], [ -114.719999998209801, 48.76907407338863 ], [ -114.719999998209801, 48.768981480795937 ], [ -114.720092590802579, 48.768981480795937 ], [ -114.720092590802579, 48.768888888203243 ], [ -114.720185183395358, 48.768888888203243 ], [ -114.720185183395358, 48.768796295610557 ], [ -114.720277775988137, 48.768796295610557 ], [ -114.720277775988137, 48.768703703017863 ], [ -114.720462961173681, 48.768703703017863 ], [ -114.720462961173681, 48.768611110425169 ], [ -114.720555553766459, 48.768611110425169 ], [ -114.720555553766459, 48.768518517832476 ], [ -114.720648146359238, 48.768518517832476 ], [ -114.720648146359238, 48.768425925239782 ], [ -114.720833331544782, 48.768425925239782 ], [ -114.720833331544782, 48.768333332647089 ], [ -114.720925924137561, 48.768333332647089 ], [ -114.720925924137561, 48.768240740054402 ], [ -114.721018516730339, 48.768240740054402 ], [ -114.721018516730339, 48.768148147461709 ], [ -114.721111109323104, 48.768148147461709 ], [ -114.721111109323104, 48.768055554869015 ], [ -114.721296294508662, 48.768055554869015 ], [ -114.721296294508662, 48.767962962276322 ], [ -114.72138888710144, 48.767962962276322 ], [ -114.72138888710144, 48.767870369683628 ], [ -114.721481479694205, 48.767870369683628 ], [ -114.721481479694205, 48.767777777090942 ], [ -114.721666664879763, 48.767777777090942 ], [ -114.721666664879763, 48.767685184498248 ], [ -114.721759257472542, 48.767685184498248 ], [ -114.721759257472542, 48.767592591905554 ], [ -114.721851850065306, 48.767592591905554 ], [ -114.721851850065306, 48.767499999312861 ], [ -114.722037035250864, 48.767499999312861 ], [ -114.722037035250864, 48.767407406720167 ], [ -114.722129627843643, 48.767407406720167 ], [ -114.722129627843643, 48.767314814127481 ], [ -114.722222220436407, 48.767314814127481 ], [ -114.722222220436407, 48.767222221534787 ], [ -114.722407405621965, 48.767222221534787 ], [ -114.722407405621965, 48.767129628942094 ], [ -114.722499998214744, 48.767129628942094 ], [ -114.722499998214744, 48.7670370363494 ], [ -114.722685183400287, 48.7670370363494 ], [ -114.722685183400287, 48.766944443756707 ], [ -114.722777775993066, 48.766944443756707 ], [ -114.722777775993066, 48.76685185116402 ], [ -114.722870368585845, 48.76685185116402 ], [ -114.722870368585845, 48.766759258571327 ], [ -114.723055553771388, 48.766759258571327 ], [ -114.723055553771388, 48.766666665978633 ], [ -114.723148146364167, 48.766666665978633 ], [ -114.723148146364167, 48.766574073385939 ], [ -114.723333331549725, 48.766574073385939 ], [ -114.723333331549725, 48.766481480793246 ], [ -114.723425924142489, 48.766481480793246 ], [ -114.723425924142489, 48.766388888200559 ], [ -114.723611109328047, 48.766388888200559 ], [ -114.723611109328047, 48.766296295607866 ], [ -114.723703701920826, 48.766296295607866 ], [ -114.723703701920826, 48.766203703015172 ], [ -114.723888887106369, 48.766203703015172 ], [ -114.723888887106369, 48.766111110422479 ], [ -114.723981479699148, 48.766111110422479 ], [ -114.723981479699148, 48.766018517829785 ], [ -114.724166664884692, 48.766018517829785 ], [ -114.724166664884692, 48.765925925237092 ], [ -114.72425925747747, 48.765925925237092 ], [ -114.72425925747747, 48.765833332644405 ], [ -114.724444442663028, 48.765833332644405 ], [ -114.724444442663028, 48.765740740051712 ], [ -114.724537035255793, 48.765740740051712 ], [ -114.724537035255793, 48.765648147459018 ], [ -114.72472222044135, 48.765648147459018 ], [ -114.72472222044135, 48.765555554866324 ], [ -114.724814813034129, 48.765555554866324 ], [ -114.724814813034129, 48.765462962273631 ], [ -114.724999998219673, 48.765462962273631 ], [ -114.724999998219673, 48.765370369680944 ], [ -114.725092590812451, 48.765370369680944 ], [ -114.725092590812451, 48.765277777088251 ], [ -114.725277775997995, 48.765277777088251 ], [ -114.725277775997995, 48.765185184495557 ], [ -114.725462961183553, 48.765185184495557 ], [ -114.725462961183553, 48.765092591902864 ], [ -114.725648146369096, 48.765092591902864 ], [ -114.725648146369096, 48.76499999931017 ], [ -114.725740738961875, 48.76499999931017 ], [ -114.725740738961875, 48.764907406717484 ], [ -114.725925924147433, 48.764907406717484 ], [ -114.725925924147433, 48.76481481412479 ], [ -114.726111109332976, 48.76481481412479 ], [ -114.726111109332976, 48.764722221532097 ], [ -114.726296294518534, 48.764722221532097 ], [ -114.726296294518534, 48.764629628939403 ], [ -114.726481479704077, 48.764629628939403 ], [ -114.726481479704077, 48.764537036346709 ], [ -114.726574072296856, 48.764537036346709 ], [ -114.726574072296856, 48.764444443754023 ], [ -114.726759257482414, 48.764444443754023 ], [ -114.726759257482414, 48.764351851161329 ], [ -114.726851850075178, 48.764351851161329 ], [ -114.726851850075178, 48.764259258568636 ], [ -114.727037035260736, 48.764259258568636 ], [ -114.727037035260736, 48.764166665975942 ], [ -114.727129627853515, 48.764166665975942 ], [ -114.727129627853515, 48.764074073383249 ], [ -114.727314813039058, 48.764074073383249 ], [ -114.727314813039058, 48.763981480790555 ], [ -114.727407405631837, 48.763981480790555 ], [ -114.727407405631837, 48.763888888197869 ], [ -114.72759259081738, 48.763888888197869 ], [ -114.72759259081738, 48.763796295605175 ], [ -114.727685183410159, 48.763796295605175 ], [ -114.727685183410159, 48.763703703012482 ], [ -114.727777776002938, 48.763703703012482 ], [ -114.727777776002938, 48.763611110419788 ], [ -114.727962961188481, 48.763611110419788 ], [ -114.727962961188481, 48.763518517827094 ], [ -114.72805555378126, 48.763518517827094 ], [ -114.72805555378126, 48.763425925234408 ], [ -114.728240738966818, 48.763425925234408 ], [ -114.728240738966818, 48.763333332641714 ], [ -114.728333331559583, 48.763333332641714 ], [ -114.728333331559583, 48.763240740049021 ], [ -114.72851851674514, 48.763240740049021 ], [ -114.72851851674514, 48.763148147456327 ], [ -114.728611109337919, 48.763148147456327 ], [ -114.728611109337919, 48.763055554863634 ], [ -114.728703701930684, 48.763055554863634 ], [ -114.728703701930684, 48.762962962270947 ], [ -114.728888887116241, 48.762962962270947 ], [ -114.728888887116241, 48.762870369678254 ], [ -114.72898147970902, 48.762870369678254 ], [ -114.72898147970902, 48.76277777708556 ], [ -114.729074072301799, 48.76277777708556 ], [ -114.729074072301799, 48.762685184492867 ], [ -114.729259257487342, 48.762685184492867 ], [ -114.729259257487342, 48.762592591900173 ], [ -114.729351850080121, 48.762592591900173 ], [ -114.729351850080121, 48.762499999307487 ], [ -114.7294444426729, 48.762499999307487 ], [ -114.7294444426729, 48.762407406714793 ], [ -114.729629627858444, 48.762407406714793 ], [ -114.729629627858444, 48.762314814122099 ], [ -114.729722220451222, 48.762314814122099 ], [ -114.729722220451222, 48.762222221529406 ], [ -114.729814813044001, 48.762222221529406 ], [ -114.729814813044001, 48.762129628936712 ], [ -114.729999998229545, 48.762129628936712 ], [ -114.729999998229545, 48.762037036344026 ], [ -114.730092590822323, 48.762037036344026 ], [ -114.730092590822323, 48.761944443751332 ], [ -114.730185183415102, 48.761944443751332 ], [ -114.730185183415102, 48.761851851158639 ], [ -114.730370368600646, 48.761851851158639 ], [ -114.730370368600646, 48.761759258565945 ], [ -114.730462961193425, 48.761759258565945 ], [ -114.730462961193425, 48.761666665973252 ], [ -114.730555553786203, 48.761666665973252 ], [ -114.730555553786203, 48.761574073380558 ], [ -114.730740738971747, 48.761574073380558 ], [ -114.730740738971747, 48.761481480787872 ], [ -114.730833331564526, 48.761481480787872 ], [ -114.730833331564526, 48.761388888195178 ], [ -114.730925924157305, 48.761388888195178 ], [ -114.730925924157305, 48.761296295602484 ], [ -114.731111109342848, 48.761296295602484 ], [ -114.731111109342848, 48.761203703009791 ], [ -114.731203701935627, 48.761203703009791 ], [ -114.731203701935627, 48.761111110417097 ], [ -114.731296294528406, 48.761111110417097 ], [ -114.731296294528406, 48.761018517824411 ], [ -114.731481479713949, 48.761018517824411 ], [ -114.731481479713949, 48.760925925231717 ], [ -114.731574072306728, 48.760925925231717 ], [ -114.731574072306728, 48.760833332639024 ], [ -114.731666664899507, 48.760833332639024 ], [ -114.731666664899507, 48.76074074004633 ], [ -114.73185185008505, 48.76074074004633 ], [ -114.73185185008505, 48.760648147453637 ], [ -114.731944442677829, 48.760648147453637 ], [ -114.731944442677829, 48.76055555486095 ], [ -114.732037035270608, 48.76055555486095 ], [ -114.732037035270608, 48.760462962268257 ], [ -114.732222220456151, 48.760462962268257 ], [ -114.732222220456151, 48.760370369675563 ], [ -114.73231481304893, 48.760370369675563 ], [ -114.73231481304893, 48.760277777082869 ], [ -114.732407405641709, 48.760277777082869 ], [ -114.732407405641709, 48.760185184490176 ], [ -114.732592590827252, 48.760185184490176 ], [ -114.732592590827252, 48.760092591897489 ], [ -114.732685183420031, 48.760092591897489 ], [ -114.732685183420031, 48.759999999304796 ], [ -114.73277777601281, 48.759999999304796 ], [ -114.73277777601281, 48.759907406712102 ], [ -114.732870368605589, 48.759907406712102 ], [ -114.732870368605589, 48.759814814119409 ], [ -114.733055553791132, 48.759814814119409 ], [ -114.733055553791132, 48.759722221526715 ], [ -114.733148146383911, 48.759722221526715 ], [ -114.733148146383911, 48.759629628934022 ], [ -114.73324073897669, 48.759629628934022 ], [ -114.73324073897669, 48.759537036341335 ], [ -114.733425924162233, 48.759537036341335 ], [ -114.733425924162233, 48.759444443748642 ], [ -114.733518516755012, 48.759444443748642 ], [ -114.733518516755012, 48.759351851155948 ], [ -114.733611109347791, 48.759351851155948 ], [ -114.733611109347791, 48.759259258563254 ], [ -114.733796294533335, 48.759259258563254 ], [ -114.733796294533335, 48.759166665970561 ], [ -114.733888887126113, 48.759166665970561 ], [ -114.733888887126113, 48.759074073377874 ], [ -114.733981479718892, 48.759074073377874 ], [ -114.733981479718892, 48.758981480785181 ], [ -114.734074072311657, 48.758981480785181 ], [ -114.734074072311657, 48.758888888192487 ], [ -114.734259257497214, 48.758888888192487 ], [ -114.734259257497214, 48.758796295599794 ], [ -114.734351850089993, 48.758796295599794 ], [ -114.734351850089993, 48.7587037030071 ], [ -114.734444442682758, 48.7587037030071 ], [ -114.734444442682758, 48.758611110414414 ], [ -114.734537035275537, 48.758611110414414 ], [ -114.734537035275537, 48.75851851782172 ], [ -114.734629627868316, 48.75851851782172 ], [ -114.734629627868316, 48.758425925229027 ], [ -114.734722220461094, 48.758425925229027 ], [ -114.734722220461094, 48.758333332636333 ], [ -114.734907405646638, 48.758333332636333 ], [ -114.734907405646638, 48.75824074004364 ], [ -114.734999998239417, 48.75824074004364 ], [ -114.734999998239417, 48.758148147450953 ], [ -114.735092590832195, 48.758148147450953 ], [ -114.735092590832195, 48.758055554858259 ], [ -114.73518518342496, 48.758055554858259 ], [ -114.73518518342496, 48.757962962265566 ], [ -114.735277776017739, 48.757962962265566 ], [ -114.735277776017739, 48.757870369672872 ], [ -114.735370368610518, 48.757870369672872 ], [ -114.735370368610518, 48.757777777080179 ], [ -114.735555553796075, 48.757777777080179 ], [ -114.735555553796075, 48.757685184487492 ], [ -114.73564814638884, 48.757685184487492 ], [ -114.73564814638884, 48.757592591894799 ], [ -114.735740738981619, 48.757592591894799 ], [ -114.735740738981619, 48.757499999302105 ], [ -114.735833331574398, 48.757499999302105 ], [ -114.735833331574398, 48.757407406709412 ], [ -114.735925924167177, 48.757407406709412 ], [ -114.735925924167177, 48.757314814116718 ], [ -114.736018516759941, 48.757314814116718 ], [ -114.736018516759941, 48.757129628931338 ], [ -114.73611110935272, 48.757129628931338 ], [ -114.73611110935272, 48.757037036338644 ], [ -114.736203701945499, 48.757037036338644 ], [ -114.736203701945499, 48.756944443745951 ], [ -114.736296294538278, 48.756944443745951 ], [ -114.736296294538278, 48.756851851153257 ], [ -114.736388887131042, 48.756851851153257 ], [ -114.736388887131042, 48.756759258560564 ], [ -114.736481479723821, 48.756759258560564 ], [ -114.736481479723821, 48.756666665967877 ], [ -114.7365740723166, 48.756666665967877 ], [ -114.7365740723166, 48.756574073375184 ], [ -114.736666664909379, 48.756574073375184 ], [ -114.736666664909379, 48.75648148078249 ], [ -114.736759257502143, 48.75648148078249 ], [ -114.736759257502143, 48.756388888189797 ], [ -114.736851850094922, 48.756388888189797 ], [ -114.736851850094922, 48.756296295597103 ], [ -114.736944442687701, 48.756296295597103 ], [ -114.736944442687701, 48.756203703004417 ], [ -114.73703703528048, 48.756203703004417 ], [ -114.73703703528048, 48.756111110411723 ], [ -114.737129627873244, 48.756111110411723 ], [ -114.737129627873244, 48.75601851781903 ], [ -114.737222220466023, 48.75601851781903 ], [ -114.737222220466023, 48.755925925226336 ], [ -114.737314813058802, 48.755925925226336 ], [ -114.737314813058802, 48.755833332633642 ], [ -114.737407405651581, 48.755833332633642 ], [ -114.737407405651581, 48.755740740040956 ], [ -114.737499998244346, 48.755740740040956 ], [ -114.737499998244346, 48.755648147448262 ], [ -114.737592590837124, 48.755648147448262 ], [ -114.737592590837124, 48.755555554855569 ], [ -114.737685183429903, 48.755555554855569 ], [ -114.737685183429903, 48.755462962262875 ], [ -114.737777776022682, 48.755462962262875 ], [ -114.737777776022682, 48.755370369670182 ], [ -114.737870368615447, 48.755370369670182 ], [ -114.737870368615447, 48.755277777077495 ], [ -114.737962961208225, 48.755277777077495 ], [ -114.737962961208225, 48.755092591892108 ], [ -114.738055553801004, 48.755092591892108 ], [ -114.738055553801004, 48.754907406706721 ], [ -114.738148146393783, 48.754907406706721 ], [ -114.738148146393783, 48.754722221521341 ], [ -114.738240738986548, 48.754722221521341 ], [ -114.738240738986548, 48.754537036335954 ], [ -114.738333331579327, 48.754537036335954 ], [ -114.738333331579327, 48.754351851150567 ], [ -114.738425924172105, 48.754351851150567 ], [ -114.738425924172105, 48.754166665965187 ], [ -114.738518516764884, 48.754166665965187 ], [ -114.738518516764884, 48.7539814807798 ], [ -114.738611109357663, 48.7539814807798 ], [ -114.738611109357663, 48.753240740038265 ], [ -114.738703701950428, 48.753240740038265 ], [ -114.738703701950428, 48.752129628925957 ], [ -114.738611109357663, 48.752129628925957 ], [ -114.738611109357663, 48.751851851147883 ], [ -114.738518516764884, 48.751851851147883 ], [ -114.738518516764884, 48.751574073369802 ], [ -114.738425924172105, 48.751574073369802 ], [ -114.738425924172105, 48.751203702999035 ], [ -114.738333331579327, 48.751203702999035 ], [ -114.738333331579327, 48.750925925220962 ], [ -114.738240738986548, 48.750925925220962 ], [ -114.738240738986548, 48.750555554850187 ], [ -114.738148146393783, 48.750555554850187 ], [ -114.738148146393783, 48.75018518447942 ], [ -114.738055553801004, 48.75018518447942 ], [ -114.738055553801004, 48.749814814108653 ], [ -114.737962961208225, 48.749814814108653 ], [ -114.737962961208225, 48.749537036330572 ], [ -114.737870368615447, 48.749537036330572 ], [ -114.737870368615447, 48.749259258552499 ], [ -114.737777776022682, 48.749259258552499 ], [ -114.737777776022682, 48.748981480774425 ], [ -114.737685183429903, 48.748981480774425 ], [ -114.737685183429903, 48.748796295589038 ], [ -114.737592590837124, 48.748796295589038 ], [ -114.737592590837124, 48.748518517810957 ], [ -114.737499998244346, 48.748518517810957 ], [ -114.737499998244346, 48.748240740032884 ], [ -114.737407405651581, 48.748240740032884 ], [ -114.737407405651581, 48.747870369662117 ], [ -114.737314813058802, 48.747870369662117 ], [ -114.737314813058802, 48.74749999929135 ], [ -114.737222220466023, 48.74749999929135 ], [ -114.737222220466023, 48.747037036327889 ], [ -114.737129627873244, 48.747037036327889 ], [ -114.737129627873244, 48.744999999288659 ], [ -114.73703703528048, 48.744999999288659 ], [ -114.73703703528048, 48.744814814103272 ], [ -114.736944442687701, 48.744814814103272 ], [ -114.736944442687701, 48.744629628917892 ], [ -114.736851850094922, 48.744629628917892 ], [ -114.736851850094922, 48.744444443732505 ], [ -114.736759257502143, 48.744444443732505 ], [ -114.736759257502143, 48.744166665954424 ], [ -114.736666664909379, 48.744166665954424 ], [ -114.736666664909379, 48.743981480769044 ], [ -114.7365740723166, 48.743981480769044 ], [ -114.7365740723166, 48.743796295583657 ], [ -114.736481479723821, 48.743796295583657 ], [ -114.736481479723821, 48.743703702990963 ], [ -114.736399078895403, 48.743703702990963 ], [ -114.736388887131042, 48.743680585981352 ], [ -114.736388887131042, 48.743611110398277 ], [ -114.734814813053859, 48.743611110398277 ], [ -114.734814813053859, 48.743703702990963 ], [ -114.733703701940556, 48.743703702990963 ], [ -114.733703701940556, 48.743796295583657 ], [ -114.733148146383911, 48.743796295583657 ], [ -114.733148146383911, 48.74388888817635 ], [ -114.732499998234488, 48.74388888817635 ], [ -114.732499998234488, 48.743981480769044 ], [ -114.731944442677829, 48.743981480769044 ], [ -114.731944442677829, 48.744074073361737 ], [ -114.729814813044001, 48.744074073361737 ], [ -114.729814813044001, 48.743518517805583 ], [ -114.729907405636766, 48.743518517805583 ], [ -114.729907405636766, 48.742685184471355 ], [ -114.729999998229545, 48.742685184471355 ], [ -114.729999998229545, 48.742499999285968 ], [ -114.730092590822323, 48.742499999285968 ], [ -114.730092590822323, 48.742222221507895 ], [ -114.730185183415102, 48.742222221507895 ], [ -114.730185183415102, 48.742037036322508 ], [ -114.730277776007867, 48.742037036322508 ], [ -114.730277776007867, 48.74185185113712 ], [ -114.730370368600646, 48.74185185113712 ], [ -114.730370368600646, 48.74166666595174 ], [ -114.730462961193425, 48.74166666595174 ], [ -114.730462961193425, 48.741481480766353 ], [ -114.730555553786203, 48.741481480766353 ], [ -114.730555553786203, 48.74120370298828 ], [ -114.730648146378968, 48.74120370298828 ], [ -114.730648146378968, 48.740833332617505 ], [ -114.730740738971747, 48.740833332617505 ], [ -114.730740738971747, 48.740370369654045 ], [ -114.730833331564526, 48.740370369654045 ], [ -114.730833331564526, 48.739907406690584 ], [ -114.730925924157305, 48.739907406690584 ], [ -114.730925924157305, 48.739444443727123 ], [ -114.731018516750069, 48.739444443727123 ], [ -114.731018516750069, 48.738888888170969 ], [ -114.731111109342848, 48.738888888170969 ], [ -114.731111109342848, 48.738333332614822 ], [ -114.731203701935627, 48.738333332614822 ], [ -114.731203701935627, 48.736296295575592 ], [ -114.731111109342848, 48.736296295575592 ], [ -114.731111109342848, 48.735185184463283 ], [ -114.731018516750069, 48.735185184463283 ], [ -114.731018516750069, 48.734814814092516 ], [ -114.730925924157305, 48.734814814092516 ], [ -114.730925924157305, 48.734444443721749 ], [ -114.730833331564526, 48.734444443721749 ], [ -114.730833331564526, 48.734074073350975 ], [ -114.730740738971747, 48.734074073350975 ], [ -114.730740738971747, 48.733518517794828 ], [ -114.730648146378968, 48.733518517794828 ], [ -114.730648146378968, 48.732777777053286 ], [ -114.730555553786203, 48.732777777053286 ], [ -114.730555553786203, 48.731388888162904 ], [ -114.730462961193425, 48.731388888162904 ], [ -114.730462961193425, 48.730370369643289 ], [ -114.730370368600646, 48.730370369643289 ], [ -114.730370368600646, 48.729537036309061 ], [ -114.730277776007867, 48.729537036309061 ], [ -114.730277776007867, 48.729166665938294 ], [ -114.730185183415102, 48.729166665938294 ], [ -114.730185183415102, 48.728888888160213 ], [ -114.730092590822323, 48.728888888160213 ], [ -114.730092590822323, 48.72861111038214 ], [ -114.729999998229545, 48.72861111038214 ], [ -114.729999998229545, 48.728333332604059 ], [ -114.729907405636766, 48.728333332604059 ], [ -114.729907405636766, 48.728055554825985 ], [ -114.729814813044001, 48.728055554825985 ], [ -114.729814813044001, 48.727777777047905 ], [ -114.729722220451222, 48.727777777047905 ], [ -114.729722220451222, 48.727314814084444 ], [ -114.729629627858444, 48.727314814084444 ], [ -114.729629627858444, 48.726851851120983 ], [ -114.729537035265665, 48.726851851120983 ], [ -114.729537035265665, 48.726296295564829 ], [ -114.7294444426729, 48.726296295564829 ], [ -114.7294444426729, 48.725740740008682 ], [ -114.729351850080121, 48.725740740008682 ], [ -114.729351850080121, 48.725277777045221 ], [ -114.729259257487342, 48.725277777045221 ], [ -114.729259257487342, 48.724722221489067 ], [ -114.729166664894564, 48.724722221489067 ], [ -114.729166664894564, 48.724259258525606 ], [ -114.729074072301799, 48.724259258525606 ], [ -114.729074072301799, 48.723703702969452 ], [ -114.72898147970902, 48.723703702969452 ], [ -114.72898147970902, 48.723240740005991 ], [ -114.728888887116241, 48.723240740005991 ], [ -114.728888887116241, 48.722685184449837 ], [ -114.728796294523463, 48.722685184449837 ], [ -114.728796294523463, 48.722129628893683 ], [ -114.728703701930684, 48.722129628893683 ], [ -114.728703701930684, 48.721666665930222 ], [ -114.728611109337919, 48.721666665930222 ], [ -114.728611109337919, 48.721111110374068 ], [ -114.72851851674514, 48.721111110374068 ], [ -114.72851851674514, 48.720648147410607 ], [ -114.728425924152361, 48.720648147410607 ], [ -114.728425924152361, 48.72027777703984 ], [ -114.728333331559583, 48.72027777703984 ], [ -114.728333331559583, 48.719999999261766 ], [ -114.728240738966818, 48.719999999261766 ], [ -114.728240738966818, 48.719722221483686 ], [ -114.728148146374039, 48.719722221483686 ], [ -114.728148146374039, 48.719351851112918 ], [ -114.72805555378126, 48.719351851112918 ], [ -114.72805555378126, 48.719074073334838 ], [ -114.727962961188481, 48.719074073334838 ], [ -114.727962961188481, 48.718888888149458 ], [ -114.727870368595717, 48.718888888149458 ], [ -114.727870368595717, 48.718703702964071 ], [ -114.727777776002938, 48.718703702964071 ], [ -114.727777776002938, 48.718518517778691 ], [ -114.727685183410159, 48.718518517778691 ], [ -114.727685183410159, 48.718333332593303 ], [ -114.72759259081738, 48.718333332593303 ], [ -114.72759259081738, 48.718148147407916 ], [ -114.727499998224616, 48.718148147407916 ], [ -114.727499998224616, 48.717962962222536 ], [ -114.727407405631837, 48.717962962222536 ], [ -114.727407405631837, 48.717777777037149 ], [ -114.727314813039058, 48.717777777037149 ], [ -114.727314813039058, 48.717685184444456 ], [ -114.727222220446279, 48.717685184444456 ], [ -114.727222220446279, 48.717592591851762 ], [ -114.727129627853515, 48.717592591851762 ], [ -114.727129627853515, 48.717499999259076 ], [ -114.727037035260736, 48.717499999259076 ], [ -114.727037035260736, 48.717407406666382 ], [ -114.726944442667957, 48.717407406666382 ], [ -114.726944442667957, 48.717314814073688 ], [ -114.726851850075178, 48.717314814073688 ], [ -114.726851850075178, 48.717222221480995 ], [ -114.726759257482414, 48.717222221480995 ], [ -114.726759257482414, 48.717129628888301 ], [ -114.726666664889635, 48.717129628888301 ], [ -114.726666664889635, 48.717037036295615 ], [ -114.726574072296856, 48.717037036295615 ], [ -114.726574072296856, 48.716944443702921 ], [ -114.726481479704077, 48.716944443702921 ], [ -114.726481479704077, 48.716851851110228 ], [ -114.726388887111312, 48.716851851110228 ], [ -114.726388887111312, 48.716759258517534 ], [ -114.726296294518534, 48.716759258517534 ], [ -114.726296294518534, 48.716666665924841 ], [ -114.726203701925755, 48.716666665924841 ], [ -114.726203701925755, 48.716574073332154 ], [ -114.726111109332976, 48.716574073332154 ], [ -114.726111109332976, 48.716018517776 ], [ -114.726018516740211, 48.716018517776 ], [ -114.726018516740211, 48.715185184441765 ], [ -114.725925924147433, 48.715185184441765 ], [ -114.725925924147433, 48.714722221478304 ], [ -114.726018516740211, 48.714722221478304 ], [ -114.726018516740211, 48.713888888144076 ], [ -114.726111109332976, 48.713888888144076 ], [ -114.726111109332976, 48.708981480731389 ], [ -114.726203701925755, 48.708981480731389 ], [ -114.726203701925755, 48.708425925175234 ], [ -114.726296294518534, 48.708425925175234 ], [ -114.726296294518534, 48.707870369619087 ], [ -114.726388887111312, 48.707870369619087 ], [ -114.726388887111312, 48.707407406655626 ], [ -114.726296294518534, 48.707407406655626 ], [ -114.726296294518534, 48.704629628874855 ], [ -114.726388887111312, 48.704629628874855 ], [ -114.726388887111312, 48.704351851096781 ], [ -114.726481479704077, 48.704351851096781 ], [ -114.726481479704077, 48.703981480726014 ], [ -114.726574072296856, 48.703981480726014 ], [ -114.726574072296856, 48.703703702947934 ], [ -114.726666664889635, 48.703703702947934 ], [ -114.726666664889635, 48.70342592516986 ], [ -114.726759257482414, 48.70342592516986 ], [ -114.726759257482414, 48.703148147391779 ], [ -114.726851850075178, 48.703148147391779 ], [ -114.726851850075178, 48.702777777021012 ], [ -114.726944442667957, 48.702777777021012 ], [ -114.726944442667957, 48.702499999242939 ], [ -114.727037035260736, 48.702499999242939 ], [ -114.727037035260736, 48.702222221464858 ], [ -114.727129627853515, 48.702222221464858 ], [ -114.727129627853515, 48.701851851094091 ], [ -114.727222220446279, 48.701851851094091 ], [ -114.727222220446279, 48.701574073316017 ], [ -114.727314813039058, 48.701574073316017 ], [ -114.727314813039058, 48.70138888813063 ], [ -114.727407405631837, 48.70138888813063 ], [ -114.727407405631837, 48.701203702945243 ], [ -114.727499998224616, 48.701203702945243 ], [ -114.727499998224616, 48.700925925167169 ], [ -114.72759259081738, 48.700925925167169 ], [ -114.72759259081738, 48.700740739981782 ], [ -114.727685183410159, 48.700740739981782 ], [ -114.727685183410159, 48.700555554796402 ], [ -114.727777776002938, 48.700555554796402 ], [ -114.727777776002938, 48.700277777018322 ], [ -114.727870368595717, 48.700277777018322 ], [ -114.727870368595717, 48.700092591832941 ], [ -114.727962961188481, 48.700092591832941 ], [ -114.727962961188481, 48.699999999240248 ], [ -114.72805555378126, 48.699999999240248 ], [ -114.72805555378126, 48.699814814054861 ], [ -114.728148146374039, 48.699814814054861 ], [ -114.728148146374039, 48.699629628869481 ], [ -114.728240738966818, 48.699629628869481 ], [ -114.728240738966818, 48.699444443684094 ], [ -114.728333331559583, 48.699444443684094 ], [ -114.728333331559583, 48.6993518510914 ], [ -114.728425924152361, 48.6993518510914 ], [ -114.728425924152361, 48.69916666590602 ], [ -114.72851851674514, 48.69916666590602 ], [ -114.72851851674514, 48.698981480720633 ], [ -114.728611109337919, 48.698981480720633 ], [ -114.728611109337919, 48.698796295535246 ], [ -114.728703701930684, 48.698796295535246 ], [ -114.728703701930684, 48.698518517757172 ], [ -114.728796294523463, 48.698518517757172 ], [ -114.728796294523463, 48.698333332571785 ], [ -114.728888887116241, 48.698333332571785 ], [ -114.728888887116241, 48.698055554793712 ], [ -114.72898147970902, 48.698055554793712 ], [ -114.72898147970902, 48.697777777015638 ], [ -114.729074072301799, 48.697777777015638 ], [ -114.729074072301799, 48.697592591830251 ], [ -114.729166664894564, 48.697592591830251 ], [ -114.729166664894564, 48.697222221459484 ], [ -114.729259257487342, 48.697222221459484 ], [ -114.729259257487342, 48.696851851088709 ], [ -114.729351850080121, 48.696851851088709 ], [ -114.729351850080121, 48.696481480717942 ], [ -114.7294444426729, 48.696481480717942 ], [ -114.7294444426729, 48.696203702939869 ], [ -114.729537035265665, 48.696203702939869 ], [ -114.729537035265665, 48.695555554791021 ], [ -114.729629627858444, 48.695555554791021 ], [ -114.729629627858444, 48.694814814049487 ], [ -114.729722220451222, 48.694814814049487 ], [ -114.729722220451222, 48.693425925159104 ], [ -114.729814813044001, 48.693425925159104 ], [ -114.729814813044001, 48.692499999232176 ], [ -114.729907405636766, 48.692499999232176 ], [ -114.729907405636766, 48.691203702934487 ], [ -114.729814813044001, 48.691203702934487 ], [ -114.729814813044001, 48.690740739971027 ], [ -114.729722220451222, 48.690740739971027 ], [ -114.729722220451222, 48.690185184414872 ], [ -114.729629627858444, 48.690185184414872 ], [ -114.729629627858444, 48.689444443673338 ], [ -114.729537035265665, 48.689444443673338 ], [ -114.729537035265665, 48.688240739968336 ], [ -114.729629627858444, 48.688240739968336 ], [ -114.729629627858444, 48.687499999226802 ], [ -114.729722220451222, 48.687499999226802 ], [ -114.729722220451222, 48.687314814041414 ], [ -114.729814813044001, 48.687314814041414 ], [ -114.729814813044001, 48.687129628856034 ], [ -114.729907405636766, 48.687129628856034 ], [ -114.729907405636766, 48.687037036263341 ], [ -114.729999998229545, 48.687037036263341 ], [ -114.729999998229545, 48.686851851077954 ], [ -114.730092590822323, 48.686851851077954 ], [ -114.730092590822323, 48.68675925848526 ], [ -114.730185183415102, 48.68675925848526 ], [ -114.730185183415102, 48.68657407329988 ], [ -114.730277776007867, 48.68657407329988 ], [ -114.730277776007867, 48.686481480707187 ], [ -114.730370368600646, 48.686481480707187 ], [ -114.730370368600646, 48.686296295521799 ], [ -114.730462961193425, 48.686296295521799 ], [ -114.730462961193425, 48.686203702929106 ], [ -114.730555553786203, 48.686203702929106 ], [ -114.730555553786203, 48.686111110336419 ], [ -114.730648146378968, 48.686111110336419 ], [ -114.730648146378968, 48.686018517743726 ], [ -114.730740738971747, 48.686018517743726 ], [ -114.730740738971747, 48.685925925151032 ], [ -114.730925924157305, 48.685925925151032 ], [ -114.730925924157305, 48.685833332558339 ], [ -114.731018516750069, 48.685833332558339 ], [ -114.731018516750069, 48.685740739965645 ], [ -114.731203701935627, 48.685740739965645 ], [ -114.731203701935627, 48.685648147372959 ], [ -114.731296294528406, 48.685648147372959 ], [ -114.731296294528406, 48.685555554780265 ], [ -114.731481479713949, 48.685555554780265 ], [ -114.731481479713949, 48.685462962187572 ], [ -114.731574072306728, 48.685462962187572 ], [ -114.731574072306728, 48.685370369594878 ], [ -114.731666664899507, 48.685370369594878 ], [ -114.731666664899507, 48.685277777002185 ], [ -114.73185185008505, 48.685277777002185 ], [ -114.73185185008505, 48.685185184409498 ], [ -114.731944442677829, 48.685185184409498 ], [ -114.731944442677829, 48.685092591816804 ], [ -114.737314813058802, 48.685092591816804 ], [ -114.737314813058802, 48.685185184409498 ], [ -114.738055553801004, 48.685185184409498 ], [ -114.738055553801004, 48.685277777002185 ], [ -114.738796294543206, 48.685277777002185 ], [ -114.738796294543206, 48.685370369594878 ], [ -114.739351850099865, 48.685370369594878 ], [ -114.739351850099865, 48.685462962187572 ], [ -114.739999998249289, 48.685462962187572 ], [ -114.739999998249289, 48.685555554780265 ], [ -114.740555553805933, 48.685555554780265 ], [ -114.740555553805933, 48.685648147372959 ], [ -114.741018516769813, 48.685648147372959 ], [ -114.741018516769813, 48.685740739965645 ], [ -114.741296294548135, 48.685740739965645 ], [ -114.741296294548135, 48.685833332558339 ], [ -114.741574072326472, 48.685833332558339 ], [ -114.741574072326472, 48.685925925151032 ], [ -114.741851850104794, 48.685925925151032 ], [ -114.741851850104794, 48.686018517743726 ], [ -114.742129627883116, 48.686018517743726 ], [ -114.742129627883116, 48.686111110336419 ], [ -114.742407405661453, 48.686111110336419 ], [ -114.742407405661453, 48.686203702929106 ], [ -114.742685183439775, 48.686203702929106 ], [ -114.742685183439775, 48.686296295521799 ], [ -114.742962961218097, 48.686296295521799 ], [ -114.742962961218097, 48.686388888114493 ], [ -114.743148146403655, 48.686388888114493 ], [ -114.743148146403655, 48.686481480707187 ], [ -114.743611109367521, 48.686481480707187 ], [ -114.743611109367521, 48.68657407329988 ], [ -114.744074072331401, 48.68657407329988 ], [ -114.744074072331401, 48.686666665892574 ], [ -114.744444442702502, 48.686666665892574 ], [ -114.744444442702502, 48.68675925848526 ], [ -114.744907405666382, 48.68675925848526 ], [ -114.744907405666382, 48.686851851077954 ], [ -114.745370368630262, 48.686851851077954 ], [ -114.745370368630262, 48.686944443670647 ], [ -114.745740739001363, 48.686944443670647 ], [ -114.745740739001363, 48.687037036263341 ], [ -114.746018516779685, 48.687037036263341 ], [ -114.746018516779685, 48.687129628856034 ], [ -114.746296294558007, 48.687129628856034 ], [ -114.746296294558007, 48.687222221448721 ], [ -114.746666664929108, 48.687222221448721 ], [ -114.746666664929108, 48.687314814041414 ], [ -114.746944442707445, 48.687314814041414 ], [ -114.746944442707445, 48.687407406634108 ], [ -114.747314813078546, 48.687407406634108 ], [ -114.747314813078546, 48.687499999226802 ], [ -114.747592590856868, 48.687499999226802 ], [ -114.747592590856868, 48.687592591819495 ], [ -114.747962961227969, 48.687592591819495 ], [ -114.747962961227969, 48.687685184412182 ], [ -114.748333331599071, 48.687685184412182 ], [ -114.748333331599071, 48.687777777004875 ], [ -114.748611109377393, 48.687777777004875 ], [ -114.748611109377393, 48.687870369597569 ], [ -114.748981479748494, 48.687870369597569 ], [ -114.748981479748494, 48.687962962190262 ], [ -114.749351850119595, 48.687962962190262 ], [ -114.749351850119595, 48.688055554782956 ], [ -114.749722220490696, 48.688055554782956 ], [ -114.749722220490696, 48.688148147375642 ], [ -114.749999998269033, 48.688148147375642 ], [ -114.749999998269033, 48.688240739968336 ], [ -114.750370368640134, 48.688240739968336 ], [ -114.750370368640134, 48.688333332561029 ], [ -114.750740739011235, 48.688333332561029 ], [ -114.750740739011235, 48.688425925153723 ], [ -114.751111109382336, 48.688425925153723 ], [ -114.751111109382336, 48.688518517746417 ], [ -114.751388887160658, 48.688518517746417 ], [ -114.751388887160658, 48.688611110339103 ], [ -114.752407405681183, 48.688611110339103 ], [ -114.752407405681183, 48.688703702931797 ], [ -114.753611109387265, 48.688703702931797 ], [ -114.753611109387265, 48.68879629552449 ], [ -114.753796294572822, 48.68879629552449 ], [ -114.753796294572822, 48.688703702931797 ], [ -114.754074072351145, 48.688703702931797 ], [ -114.754074072351145, 48.688611110339103 ], [ -114.754351850129467, 48.688611110339103 ], [ -114.754351850129467, 48.688518517746417 ], [ -114.754629627907804, 48.688518517746417 ], [ -114.754629627907804, 48.688425925153723 ], [ -114.754907405686126, 48.688425925153723 ], [ -114.754907405686126, 48.688333332561029 ], [ -114.755277776057227, 48.688333332561029 ], [ -114.755277776057227, 48.688240739968336 ], [ -114.755555553835549, 48.688240739968336 ], [ -114.755555553835549, 48.688148147375642 ], [ -114.755833331613871, 48.688148147375642 ], [ -114.755833331613871, 48.688055554782956 ], [ -114.756018516799429, 48.688055554782956 ], [ -114.756018516799429, 48.687962962190262 ], [ -114.756203701984973, 48.687962962190262 ], [ -114.756203701984973, 48.687870369597569 ], [ -114.75638888717053, 48.687870369597569 ], [ -114.75638888717053, 48.687777777004875 ], [ -114.756574072356074, 48.687777777004875 ], [ -114.756574072356074, 48.687685184412182 ], [ -114.756759257541631, 48.687685184412182 ], [ -114.756759257541631, 48.687592591819495 ], [ -114.756944442727175, 48.687592591819495 ], [ -114.756944442727175, 48.687499999226802 ], [ -114.757129627912732, 48.687499999226802 ], [ -114.757129627912732, 48.687407406634108 ], [ -114.757314813098276, 48.687407406634108 ], [ -114.757314813098276, 48.687314814041414 ], [ -114.757499998283834, 48.687314814041414 ], [ -114.757499998283834, 48.687222221448721 ], [ -114.757592590876612, 48.687222221448721 ], [ -114.757592590876612, 48.687129628856034 ], [ -114.757685183469391, 48.687129628856034 ], [ -114.757685183469391, 48.687037036263341 ], [ -114.757870368654935, 48.687037036263341 ], [ -114.757870368654935, 48.686944443670647 ], [ -114.757962961247713, 48.686944443670647 ], [ -114.757962961247713, 48.686851851077954 ], [ -114.758148146433257, 48.686851851077954 ], [ -114.758148146433257, 48.68675925848526 ], [ -114.758240739026036, 48.68675925848526 ], [ -114.758240739026036, 48.686666665892574 ], [ -114.758425924211593, 48.686666665892574 ], [ -114.758425924211593, 48.68657407329988 ], [ -114.758518516804358, 48.68657407329988 ], [ -114.758518516804358, 48.686481480707187 ], [ -114.758611109397137, 48.686481480707187 ], [ -114.758611109397137, 48.686388888114493 ], [ -114.758796294582694, 48.686388888114493 ], [ -114.758796294582694, 48.686296295521799 ], [ -114.758888887175459, 48.686296295521799 ], [ -114.758888887175459, 48.686203702929106 ], [ -114.758981479768238, 48.686203702929106 ], [ -114.758981479768238, 48.686111110336419 ], [ -114.759074072361017, 48.686111110336419 ], [ -114.759074072361017, 48.686018517743726 ], [ -114.759166664953796, 48.686018517743726 ], [ -114.759166664953796, 48.685925925151032 ], [ -114.75925925754656, 48.685925925151032 ], [ -114.75925925754656, 48.685833332558339 ], [ -114.759351850139339, 48.685833332558339 ], [ -114.759351850139339, 48.685740739965645 ], [ -114.759444442732118, 48.685740739965645 ], [ -114.759444442732118, 48.685648147372959 ], [ -114.759537035324897, 48.685648147372959 ], [ -114.759537035324897, 48.685555554780265 ], [ -114.759629627917661, 48.685555554780265 ], [ -114.759629627917661, 48.685462962187572 ], [ -114.75972222051044, 48.685462962187572 ], [ -114.75972222051044, 48.685370369594878 ], [ -114.759814813103219, 48.685370369594878 ], [ -114.759814813103219, 48.685277777002185 ], [ -114.759907405695998, 48.685277777002185 ], [ -114.759907405695998, 48.685185184409498 ], [ -114.759999998288762, 48.685185184409498 ], [ -114.759999998288762, 48.685092591816804 ], [ -114.760092590881541, 48.685092591816804 ], [ -114.760092590881541, 48.684999999224111 ], [ -114.76018518347432, 48.684999999224111 ], [ -114.76018518347432, 48.684907406631417 ], [ -114.760277776067099, 48.684907406631417 ], [ -114.760277776067099, 48.684629628853344 ], [ -114.760370368659864, 48.684629628853344 ], [ -114.760370368659864, 48.684351851075263 ], [ -114.760462961252642, 48.684351851075263 ], [ -114.760462961252642, 48.684074073297189 ], [ -114.760555553845421, 48.684074073297189 ], [ -114.760555553845421, 48.683703702926422 ], [ -114.7606481464382, 48.683703702926422 ], [ -114.7606481464382, 48.683518517741035 ], [ -114.760740739030979, 48.683518517741035 ], [ -114.760740739030979, 48.683333332555648 ], [ -114.760833331623743, 48.683333332555648 ], [ -114.760833331623743, 48.683240739962962 ], [ -114.760925924216522, 48.683240739962962 ], [ -114.760925924216522, 48.683055554777575 ], [ -114.761018516809301, 48.683055554777575 ], [ -114.761018516809301, 48.682962962184881 ], [ -114.76111110940208, 48.682962962184881 ], [ -114.76111110940208, 48.682777776999501 ], [ -114.761203701994845, 48.682777776999501 ], [ -114.761203701994845, 48.682592591814114 ], [ -114.761296294587623, 48.682592591814114 ], [ -114.761296294587623, 48.68249999922142 ], [ -114.761388887180402, 48.68249999922142 ], [ -114.761388887180402, 48.68231481403604 ], [ -114.761481479773181, 48.68231481403604 ], [ -114.761481479773181, 48.682222221443347 ], [ -114.761574072365946, 48.682222221443347 ], [ -114.761574072365946, 48.68203703625796 ], [ -114.761666664958724, 48.68203703625796 ], [ -114.761666664958724, 48.681944443665266 ], [ -114.761759257551503, 48.681944443665266 ], [ -114.761759257551503, 48.681759258479886 ], [ -114.761851850144282, 48.681759258479886 ], [ -114.761851850144282, 48.681666665887192 ], [ -114.761944442737047, 48.681666665887192 ], [ -114.761944442737047, 48.681574073294499 ], [ -114.762037035329826, 48.681574073294499 ], [ -114.762037035329826, 48.681388888109112 ], [ -114.762129627922604, 48.681388888109112 ], [ -114.762129627922604, 48.681296295516425 ], [ -114.762222220515383, 48.681296295516425 ], [ -114.762222220515383, 48.681111110331038 ], [ -114.762314813108148, 48.681111110331038 ], [ -114.762314813108148, 48.681018517738345 ], [ -114.762407405700927, 48.681018517738345 ], [ -114.762407405700927, 48.680925925145651 ], [ -114.762499998293706, 48.680925925145651 ], [ -114.762499998293706, 48.680740739960271 ], [ -114.762592590886484, 48.680740739960271 ], [ -114.762592590886484, 48.680648147367577 ], [ -114.762685183479249, 48.680648147367577 ], [ -114.762685183479249, 48.680555554774884 ], [ -114.762870368664807, 48.680555554774884 ], [ -114.762870368664807, 48.68046296218219 ], [ -114.762962961257585, 48.68046296218219 ], [ -114.762962961257585, 48.680370369589504 ], [ -114.763148146443129, 48.680370369589504 ], [ -114.763148146443129, 48.68027777699681 ], [ -114.763240739035908, 48.68027777699681 ], [ -114.763240739035908, 48.680185184404117 ], [ -114.763333331628687, 48.680185184404117 ], [ -114.763333331628687, 48.680092591811423 ], [ -114.76351851681423, 48.680092591811423 ], [ -114.76351851681423, 48.67999999921873 ], [ -114.763611109407009, 48.67999999921873 ], [ -114.763611109407009, 48.679907406626036 ], [ -114.763796294592552, 48.679907406626036 ], [ -114.763796294592552, 48.67981481403335 ], [ -114.763888887185331, 48.67981481403335 ], [ -114.763888887185331, 48.679722221440656 ], [ -114.764074072370889, 48.679722221440656 ], [ -114.764074072370889, 48.679629628847962 ], [ -114.764259257556432, 48.679629628847962 ], [ -114.764259257556432, 48.679537036255269 ], [ -114.76444444274199, 48.679537036255269 ], [ -114.76444444274199, 48.679444443662575 ], [ -114.764629627927533, 48.679444443662575 ], [ -114.764629627927533, 48.679351851069889 ], [ -114.764814813113091, 48.679351851069889 ], [ -114.764814813113091, 48.679259258477195 ], [ -114.765092590891413, 48.679259258477195 ], [ -114.765092590891413, 48.679166665884502 ], [ -114.765277776076971, 48.679166665884502 ], [ -114.765277776076971, 48.679074073291808 ], [ -114.765462961262514, 48.679074073291808 ], [ -114.765462961262514, 48.678981480699115 ], [ -114.765648146448072, 48.678981480699115 ], [ -114.765648146448072, 48.678888888106428 ], [ -114.765925924226394, 48.678888888106428 ], [ -114.765925924226394, 48.678796295513735 ], [ -114.766111109411938, 48.678796295513735 ], [ -114.766111109411938, 48.678703702921041 ], [ -114.766296294597495, 48.678703702921041 ], [ -114.766296294597495, 48.678611110328347 ], [ -114.766481479783039, 48.678611110328347 ], [ -114.766481479783039, 48.678518517735654 ], [ -114.766574072375818, 48.678518517735654 ], [ -114.766574072375818, 48.678425925142967 ], [ -114.766759257561375, 48.678425925142967 ], [ -114.766759257561375, 48.678333332550274 ], [ -114.766944442746919, 48.678333332550274 ], [ -114.766944442746919, 48.67824073995758 ], [ -114.767129627932476, 48.67824073995758 ], [ -114.767129627932476, 48.678148147364887 ], [ -114.76731481311802, 48.678148147364887 ], [ -114.76731481311802, 48.678055554772193 ], [ -114.767499998303578, 48.678055554772193 ], [ -114.767499998303578, 48.677962962179507 ], [ -114.767685183489121, 48.677962962179507 ], [ -114.767685183489121, 48.677870369586813 ], [ -114.767870368674679, 48.677870369586813 ], [ -114.767870368674679, 48.67777777699412 ], [ -114.768148146453001, 48.67777777699412 ], [ -114.768148146453001, 48.677685184401426 ], [ -114.768333331638559, 48.677685184401426 ], [ -114.768333331638559, 48.677592591808732 ], [ -114.768518516824102, 48.677592591808732 ], [ -114.768518516824102, 48.677499999216039 ], [ -114.76870370200966, 48.677499999216039 ], [ -114.76870370200966, 48.677407406623352 ], [ -114.768888887195203, 48.677407406623352 ], [ -114.768888887195203, 48.677314814030659 ], [ -114.769074072380761, 48.677314814030659 ], [ -114.769074072380761, 48.677222221437965 ], [ -114.769259257566304, 48.677222221437965 ], [ -114.769259257566304, 48.677129628845272 ], [ -114.769444442751862, 48.677129628845272 ], [ -114.769444442751862, 48.677037036252578 ], [ -114.769722220530184, 48.677037036252578 ], [ -114.769722220530184, 48.676944443659892 ], [ -114.769907405715728, 48.676944443659892 ], [ -114.769907405715728, 48.676851851067198 ], [ -114.770185183494064, 48.676851851067198 ], [ -114.770185183494064, 48.676759258474505 ], [ -114.770370368679608, 48.676759258474505 ], [ -114.770370368679608, 48.676666665881811 ], [ -114.770648146457944, 48.676666665881811 ], [ -114.770648146457944, 48.676574073289117 ], [ -114.770833331643487, 48.676574073289117 ], [ -114.770833331643487, 48.676481480696431 ], [ -114.77111110942181, 48.676481480696431 ], [ -114.77111110942181, 48.676851851067198 ], [ -114.771203702014589, 48.676851851067198 ], [ -114.771203702014589, 48.677129628845272 ], [ -114.771296294607367, 48.677129628845272 ], [ -114.771296294607367, 48.677499999216039 ], [ -114.771388887200146, 48.677499999216039 ], [ -114.771388887200146, 48.67777777699412 ], [ -114.771481479792911, 48.67777777699412 ], [ -114.771481479792911, 48.678055554772193 ], [ -114.77157407238569, 48.678055554772193 ], [ -114.77157407238569, 48.678425925142967 ], [ -114.771666664978468, 48.678425925142967 ], [ -114.771666664978468, 48.678703702921041 ], [ -114.771759257571247, 48.678703702921041 ], [ -114.771759257571247, 48.679074073291808 ], [ -114.771851850164012, 48.679074073291808 ], [ -114.771851850164012, 48.679351851069889 ], [ -114.771944442756791, 48.679351851069889 ], [ -114.771944442756791, 48.679722221440656 ], [ -114.77203703534957, 48.679722221440656 ], [ -114.77203703534957, 48.67999999921873 ], [ -114.772129627942348, 48.67999999921873 ], [ -114.772129627942348, 48.680370369589504 ], [ -114.772222220535113, 48.680370369589504 ], [ -114.772222220535113, 48.680648147367577 ], [ -114.772314813127892, 48.680648147367577 ], [ -114.772314813127892, 48.680925925145651 ], [ -114.772407405720671, 48.680925925145651 ], [ -114.772407405720671, 48.681111110331038 ], [ -114.77249999831345, 48.681111110331038 ], [ -114.77249999831345, 48.681296295516425 ], [ -114.772592590906214, 48.681296295516425 ], [ -114.772592590906214, 48.681481480701805 ], [ -114.772685183498993, 48.681481480701805 ], [ -114.772685183498993, 48.681666665887192 ], [ -114.772777776091772, 48.681666665887192 ], [ -114.772777776091772, 48.681759258479886 ], [ -114.772870368684551, 48.681759258479886 ], [ -114.772870368684551, 48.681944443665266 ], [ -114.772962961277315, 48.681944443665266 ], [ -114.772962961277315, 48.682129628850653 ], [ -114.773055553870094, 48.682129628850653 ], [ -114.773055553870094, 48.68231481403604 ], [ -114.773148146462873, 48.68231481403604 ], [ -114.773148146462873, 48.682407406628727 ], [ -114.773240739055652, 48.682407406628727 ], [ -114.773240739055652, 48.682592591814114 ], [ -114.773333331648416, 48.682592591814114 ], [ -114.773333331648416, 48.682685184406807 ], [ -114.773425924241195, 48.682685184406807 ], [ -114.773425924241195, 48.682777776999501 ], [ -114.773518516833974, 48.682777776999501 ], [ -114.773518516833974, 48.682962962184881 ], [ -114.773611109426753, 48.682962962184881 ], [ -114.773611109426753, 48.683055554777575 ], [ -114.773703702019532, 48.683055554777575 ], [ -114.773703702019532, 48.683148147370268 ], [ -114.773796294612296, 48.683148147370268 ], [ -114.773796294612296, 48.683333332555648 ], [ -114.773888887205075, 48.683333332555648 ], [ -114.773888887205075, 48.683425925148342 ], [ -114.773981479797854, 48.683425925148342 ], [ -114.773981479797854, 48.683611110333729 ], [ -114.774074072390633, 48.683611110333729 ], [ -114.774074072390633, 48.683703702926422 ], [ -114.774166664983397, 48.683703702926422 ], [ -114.774166664983397, 48.683796295519109 ], [ -114.774259257576176, 48.683796295519109 ], [ -114.774259257576176, 48.683981480704496 ], [ -114.774351850168955, 48.683981480704496 ], [ -114.774351850168955, 48.684074073297189 ], [ -114.774444442761734, 48.684074073297189 ], [ -114.774444442761734, 48.684166665889883 ], [ -114.774537035354498, 48.684166665889883 ], [ -114.774537035354498, 48.684351851075263 ], [ -114.774629627947277, 48.684351851075263 ], [ -114.774629627947277, 48.684444443667957 ], [ -114.774722220540056, 48.684444443667957 ], [ -114.774722220540056, 48.68453703626065 ], [ -114.774814813132835, 48.68453703626065 ], [ -114.774814813132835, 48.684722221446037 ], [ -114.7749074057256, 48.684722221446037 ], [ -114.7749074057256, 48.684814814038724 ], [ -114.774999998318378, 48.684814814038724 ], [ -114.774999998318378, 48.684999999224111 ], [ -114.775092590911157, 48.684999999224111 ], [ -114.775092590911157, 48.685092591816804 ], [ -114.775185183503936, 48.685092591816804 ], [ -114.775185183503936, 48.685185184409498 ], [ -114.775277776096701, 48.685185184409498 ], [ -114.775277776096701, 48.685370369594878 ], [ -114.77537036868948, 48.685370369594878 ], [ -114.77537036868948, 48.685462962187572 ], [ -114.775462961282258, 48.685462962187572 ], [ -114.775462961282258, 48.685555554780265 ], [ -114.775555553875037, 48.685555554780265 ], [ -114.775555553875037, 48.685648147372959 ], [ -114.775648146467802, 48.685648147372959 ], [ -114.775648146467802, 48.685740739965645 ], [ -114.775740739060581, 48.685740739965645 ], [ -114.775740739060581, 48.685833332558339 ], [ -114.775833331653359, 48.685833332558339 ], [ -114.775833331653359, 48.685925925151032 ], [ -114.775925924246138, 48.685925925151032 ], [ -114.775925924246138, 48.686111110336419 ], [ -114.776018516838903, 48.686111110336419 ], [ -114.776018516838903, 48.686203702929106 ], [ -114.776111109431682, 48.686203702929106 ], [ -114.776111109431682, 48.686296295521799 ], [ -114.776203702024461, 48.686296295521799 ], [ -114.776203702024461, 48.686388888114493 ], [ -114.776388887210004, 48.686388888114493 ], [ -114.776388887210004, 48.686481480707187 ], [ -114.776481479802783, 48.686481480707187 ], [ -114.776481479802783, 48.68657407329988 ], [ -114.77666666498834, 48.68657407329988 ], [ -114.77666666498834, 48.686666665892574 ], [ -114.776759257581119, 48.686666665892574 ], [ -114.776759257581119, 48.68675925848526 ], [ -114.776944442766663, 48.68675925848526 ], [ -114.776944442766663, 48.686851851077954 ], [ -114.77712962795222, 48.686851851077954 ], [ -114.77712962795222, 48.686944443670647 ], [ -114.777222220544985, 48.686944443670647 ], [ -114.777222220544985, 48.687037036263341 ], [ -114.777407405730543, 48.687037036263341 ], [ -114.777407405730543, 48.687129628856034 ], [ -114.777499998323322, 48.687129628856034 ], [ -114.777499998323322, 48.687222221448721 ], [ -114.777685183508865, 48.687222221448721 ], [ -114.777685183508865, 48.687314814041414 ], [ -114.777777776101644, 48.687314814041414 ], [ -114.777777776101644, 48.687407406634108 ], [ -114.777962961287187, 48.687407406634108 ], [ -114.777962961287187, 48.687499999226802 ], [ -114.778055553879966, 48.687499999226802 ], [ -114.778055553879966, 48.687592591819495 ], [ -114.778240739065524, 48.687592591819495 ], [ -114.778240739065524, 48.687685184412182 ], [ -114.778425924251067, 48.687685184412182 ], [ -114.778425924251067, 48.687777777004875 ], [ -114.778611109436625, 48.687777777004875 ], [ -114.778611109436625, 48.687870369597569 ], [ -114.778703702029389, 48.687870369597569 ], [ -114.778703702029389, 48.687962962190262 ], [ -114.778888887214947, 48.687962962190262 ], [ -114.778888887214947, 48.688055554782956 ], [ -114.779074072400491, 48.688055554782956 ], [ -114.779074072400491, 48.688148147375642 ], [ -114.779259257586048, 48.688148147375642 ], [ -114.779259257586048, 48.688240739968336 ], [ -114.779444442771592, 48.688240739968336 ], [ -114.779444442771592, 48.688333332561029 ], [ -114.779629627957149, 48.688333332561029 ], [ -114.779629627957149, 48.688425925153723 ], [ -114.779814813142707, 48.688425925153723 ], [ -114.779814813142707, 48.688518517746417 ], [ -114.77999999832825, 48.688518517746417 ], [ -114.77999999832825, 48.688611110339103 ], [ -114.780185183513808, 48.688611110339103 ], [ -114.780185183513808, 48.688703702931797 ], [ -114.780370368699352, 48.688703702931797 ], [ -114.780370368699352, 48.68879629552449 ], [ -114.780555553884909, 48.68879629552449 ], [ -114.780555553884909, 48.688888888117184 ], [ -114.780648146477674, 48.688888888117184 ], [ -114.780648146477674, 48.688981480709877 ], [ -114.780833331663231, 48.688981480709877 ], [ -114.780833331663231, 48.689074073302571 ], [ -114.78092592425601, 48.689074073302571 ], [ -114.78092592425601, 48.689166665895257 ], [ -114.781018516848775, 48.689166665895257 ], [ -114.781018516848775, 48.689259258487951 ], [ -114.781111109441554, 48.689259258487951 ], [ -114.781111109441554, 48.689351851080644 ], [ -114.781296294627111, 48.689351851080644 ], [ -114.781296294627111, 48.689444443673338 ], [ -114.781388887219876, 48.689444443673338 ], [ -114.781388887219876, 48.689537036266032 ], [ -114.781481479812655, 48.689537036266032 ], [ -114.781481479812655, 48.689629628858718 ], [ -114.781574072405434, 48.689629628858718 ], [ -114.781574072405434, 48.689722221451412 ], [ -114.781666664998212, 48.689722221451412 ], [ -114.781666664998212, 48.689814814044105 ], [ -114.781759257590977, 48.689814814044105 ], [ -114.781759257590977, 48.689907406636799 ], [ -114.781851850183756, 48.689907406636799 ], [ -114.781851850183756, 48.689999999229492 ], [ -114.781944442776535, 48.689999999229492 ], [ -114.781944442776535, 48.690092591822179 ], [ -114.782037035369314, 48.690092591822179 ], [ -114.782037035369314, 48.690185184414872 ], [ -114.782129627962078, 48.690185184414872 ], [ -114.782129627962078, 48.690277777007566 ], [ -114.782314813147636, 48.690277777007566 ], [ -114.782314813147636, 48.690370369600259 ], [ -114.782407405740415, 48.690370369600259 ], [ -114.782407405740415, 48.690462962192953 ], [ -114.782499998333179, 48.690462962192953 ], [ -114.782499998333179, 48.690555554785639 ], [ -114.782592590925958, 48.690555554785639 ], [ -114.782592590925958, 48.690648147378333 ], [ -114.782685183518737, 48.690648147378333 ], [ -114.782685183518737, 48.690740739971027 ], [ -114.782777776111516, 48.690740739971027 ], [ -114.782777776111516, 48.69083333256372 ], [ -114.78287036870428, 48.69083333256372 ], [ -114.78287036870428, 48.690925925156414 ], [ -114.782962961297059, 48.690925925156414 ], [ -114.782962961297059, 48.6910185177491 ], [ -114.783055553889838, 48.6910185177491 ], [ -114.783055553889838, 48.691111110341794 ], [ -114.783240739075396, 48.691111110341794 ], [ -114.783240739075396, 48.691296295527181 ], [ -114.78333333166816, 48.691296295527181 ], [ -114.78333333166816, 48.691481480712568 ], [ -114.783425924260939, 48.691481480712568 ], [ -114.783425924260939, 48.691666665897948 ], [ -114.783518516853718, 48.691666665897948 ], [ -114.783518516853718, 48.691944443676029 ], [ -114.783611109446497, 48.691944443676029 ], [ -114.783611109446497, 48.692129628861409 ], [ -114.783703702039261, 48.692129628861409 ], [ -114.783703702039261, 48.692314814046796 ], [ -114.78379629463204, 48.692314814046796 ], [ -114.78379629463204, 48.692592591824869 ], [ -114.783888887224819, 48.692592591824869 ], [ -114.783888887224819, 48.692777777010257 ], [ -114.783981479817598, 48.692777777010257 ], [ -114.783981479817598, 48.692962962195637 ], [ -114.784074072410363, 48.692962962195637 ], [ -114.784074072410363, 48.693240739973717 ], [ -114.784166665003141, 48.693240739973717 ], [ -114.784166665003141, 48.693425925159104 ], [ -114.78425925759592, 48.693425925159104 ], [ -114.78425925759592, 48.693611110344484 ], [ -114.784351850188699, 48.693611110344484 ], [ -114.784351850188699, 48.693796295529872 ], [ -114.784444442781464, 48.693796295529872 ], [ -114.784444442781464, 48.694074073307945 ], [ -114.784537035374242, 48.694074073307945 ], [ -114.784537035374242, 48.694259258493332 ], [ -114.784629627967021, 48.694259258493332 ], [ -114.784629627967021, 48.694444443678712 ], [ -114.7847222205598, 48.694444443678712 ], [ -114.7847222205598, 48.694722221456793 ], [ -114.784814813152565, 48.694722221456793 ], [ -114.784814813152565, 48.694907406642173 ], [ -114.784907405745344, 48.694907406642173 ], [ -114.784907405745344, 48.694999999234867 ], [ -114.784999998338122, 48.694999999234867 ], [ -114.784999998338122, 48.695185184420254 ], [ -114.785092590930901, 48.695185184420254 ], [ -114.785092590930901, 48.695277777012947 ], [ -114.785185183523666, 48.695277777012947 ], [ -114.785185183523666, 48.695462962198327 ], [ -114.785277776116445, 48.695462962198327 ], [ -114.785277776116445, 48.695648147383714 ], [ -114.785370368709223, 48.695648147383714 ], [ -114.785370368709223, 48.695740739976408 ], [ -114.785462961302002, 48.695740739976408 ], [ -114.785462961302002, 48.695925925161788 ], [ -114.785555553894767, 48.695925925161788 ], [ -114.785555553894767, 48.696018517754482 ], [ -114.785648146487546, 48.696018517754482 ], [ -114.785648146487546, 48.696203702939869 ], [ -114.785740739080325, 48.696203702939869 ], [ -114.785740739080325, 48.696296295532562 ], [ -114.785833331673103, 48.696296295532562 ], [ -114.785833331673103, 48.696481480717942 ], [ -114.785925924265868, 48.696481480717942 ], [ -114.785925924265868, 48.696574073310636 ], [ -114.786018516858647, 48.696574073310636 ], [ -114.786018516858647, 48.696759258496023 ], [ -114.786111109451426, 48.696759258496023 ], [ -114.786111109451426, 48.696944443681403 ], [ -114.786203702044205, 48.696944443681403 ], [ -114.786203702044205, 48.697037036274097 ], [ -114.786296294636983, 48.697037036274097 ], [ -114.786296294636983, 48.697222221459484 ], [ -114.786388887229748, 48.697222221459484 ], [ -114.786388887229748, 48.69731481405217 ], [ -114.786481479822527, 48.69731481405217 ], [ -114.786481479822527, 48.697407406644864 ], [ -114.786574072415306, 48.697407406644864 ], [ -114.786574072415306, 48.697499999237557 ], [ -114.786666665008084, 48.697499999237557 ], [ -114.786666665008084, 48.697592591830251 ], [ -114.786759257600849, 48.697592591830251 ], [ -114.786759257600849, 48.697685184422944 ], [ -114.786944442786407, 48.697685184422944 ], [ -114.786944442786407, 48.697777777015638 ], [ -114.787037035379186, 48.697777777015638 ], [ -114.787037035379186, 48.697870369608324 ], [ -114.78712962797195, 48.697870369608324 ], [ -114.78712962797195, 48.697962962201018 ], [ -114.787222220564729, 48.697962962201018 ], [ -114.787222220564729, 48.698055554793712 ], [ -114.787407405750287, 48.698055554793712 ], [ -114.787407405750287, 48.698148147386405 ], [ -114.787499998343051, 48.698148147386405 ], [ -114.787499998343051, 48.698240739979099 ], [ -114.78759259093583, 48.698240739979099 ], [ -114.78759259093583, 48.698333332571785 ], [ -114.787777776121388, 48.698333332571785 ], [ -114.787777776121388, 48.698425925164479 ], [ -114.787870368714152, 48.698425925164479 ], [ -114.787870368714152, 48.698518517757172 ], [ -114.787962961306931, 48.698518517757172 ], [ -114.787962961306931, 48.698611110349866 ], [ -114.78805555389971, 48.698611110349866 ], [ -114.78805555389971, 48.698703702942559 ], [ -114.788240739085253, 48.698703702942559 ], [ -114.788240739085253, 48.698796295535246 ], [ -114.788333331678032, 48.698796295535246 ], [ -114.788333331678032, 48.698888888127939 ], [ -114.788425924270811, 48.698888888127939 ], [ -114.788425924270811, 48.698981480720633 ], [ -114.788611109456355, 48.698981480720633 ], [ -114.788611109456355, 48.699074073313326 ], [ -114.788703702049133, 48.699074073313326 ], [ -114.788703702049133, 48.69916666590602 ], [ -114.788796294641912, 48.69916666590602 ], [ -114.788796294641912, 48.699259258498707 ], [ -114.788888887234691, 48.699259258498707 ], [ -114.788888887234691, 48.6993518510914 ], [ -114.789074072420235, 48.6993518510914 ], [ -114.789074072420235, 48.699444443684094 ], [ -114.789166665013013, 48.699444443684094 ], [ -114.789166665013013, 48.699537036276787 ], [ -114.789259257605792, 48.699537036276787 ], [ -114.789259257605792, 48.699629628869481 ], [ -114.789444442791336, 48.699629628869481 ], [ -114.789444442791336, 48.699722221462167 ], [ -114.789537035384114, 48.699722221462167 ], [ -114.789537035384114, 48.699814814054861 ], [ -114.789629627976893, 48.699814814054861 ], [ -114.789629627976893, 48.699907406647554 ], [ -114.789722220569672, 48.699907406647554 ], [ -114.789722220569672, 48.699999999240248 ], [ -114.789814813162437, 48.699999999240248 ], [ -114.789814813162437, 48.700185184425635 ], [ -114.789907405755216, 48.700185184425635 ], [ -114.789907405755216, 48.700277777018322 ], [ -114.789999998347994, 48.700277777018322 ], [ -114.789999998347994, 48.700370369611015 ], [ -114.790092590940773, 48.700370369611015 ], [ -114.790092590940773, 48.700462962203709 ], [ -114.790185183533538, 48.700462962203709 ], [ -114.790185183533538, 48.700555554796402 ], [ -114.790277776126317, 48.700555554796402 ], [ -114.790277776126317, 48.700648147389096 ], [ -114.790370368719095, 48.700648147389096 ], [ -114.790370368719095, 48.700740739981782 ], [ -114.790462961311874, 48.700740739981782 ], [ -114.790462961311874, 48.700833332574476 ], [ -114.790555553904639, 48.700833332574476 ], [ -114.790555553904639, 48.700925925167169 ], [ -114.790648146497418, 48.700925925167169 ], [ -114.790648146497418, 48.701018517759863 ], [ -114.790740739090197, 48.701018517759863 ], [ -114.790740739090197, 48.701111110352556 ], [ -114.790833331682975, 48.701111110352556 ], [ -114.790833331682975, 48.701203702945243 ], [ -114.79092592427574, 48.701203702945243 ], [ -114.79092592427574, 48.701296295537936 ], [ -114.791018516868519, 48.701296295537936 ], [ -114.791018516868519, 48.70138888813063 ], [ -114.791111109461298, 48.70138888813063 ], [ -114.791111109461298, 48.701481480723324 ], [ -114.791203702054077, 48.701481480723324 ], [ -114.791203702054077, 48.701574073316017 ], [ -114.791296294646841, 48.701574073316017 ], [ -114.791296294646841, 48.701666665908704 ], [ -114.79138888723962, 48.701666665908704 ], [ -114.79138888723962, 48.701759258501397 ], [ -114.791481479832399, 48.701759258501397 ], [ -114.791481479832399, 48.701851851094091 ], [ -114.791574072425178, 48.701851851094091 ], [ -114.791574072425178, 48.701944443686784 ], [ -114.791666665017942, 48.701944443686784 ], [ -114.791666665017942, 48.702037036279478 ], [ -114.791759257610721, 48.702037036279478 ], [ -114.791759257610721, 48.702129628872171 ], [ -114.7918518502035, 48.702129628872171 ], [ -114.7918518502035, 48.702314814057551 ], [ -114.791944442796279, 48.702314814057551 ], [ -114.791944442796279, 48.702407406650245 ], [ -114.792037035389043, 48.702407406650245 ], [ -114.792037035389043, 48.702499999242939 ], [ -114.792129627981822, 48.702499999242939 ], [ -114.792129627981822, 48.702592591835632 ], [ -114.792222220574601, 48.702592591835632 ], [ -114.792222220574601, 48.702685184428319 ], [ -114.792407405760144, 48.702685184428319 ], [ -114.792407405760144, 48.702777777021012 ], [ -114.792499998352923, 48.702777777021012 ], [ -114.792499998352923, 48.702870369613706 ], [ -114.792685183538481, 48.702870369613706 ], [ -114.792685183538481, 48.702962962206399 ], [ -114.79277777613126, 48.702962962206399 ], [ -114.79277777613126, 48.703055554799093 ], [ -114.792870368724024, 48.703055554799093 ], [ -114.792870368724024, 48.703148147391779 ], [ -114.793055553909582, 48.703148147391779 ], [ -114.793055553909582, 48.703240739984473 ], [ -114.793240739095125, 48.703240739984473 ], [ -114.793240739095125, 48.703333332577166 ], [ -114.793425924280683, 48.703333332577166 ], [ -114.793425924280683, 48.70342592516986 ], [ -114.793611109466227, 48.70342592516986 ], [ -114.793611109466227, 48.703518517762554 ], [ -114.793796294651784, 48.703518517762554 ], [ -114.793796294651784, 48.70361111035524 ], [ -114.793981479837328, 48.70361111035524 ], [ -114.793981479837328, 48.703703702947934 ], [ -114.794166665022885, 48.703703702947934 ], [ -114.794166665022885, 48.703796295540627 ], [ -114.794351850208429, 48.703796295540627 ], [ -114.794351850208429, 48.703888888133321 ], [ -114.794537035393986, 48.703888888133321 ], [ -114.794537035393986, 48.703981480726014 ], [ -114.79472222057953, 48.703981480726014 ], [ -114.79472222057953, 48.704074073318701 ], [ -114.794907405765088, 48.704074073318701 ], [ -114.794907405765088, 48.704166665911394 ], [ -114.795092590950631, 48.704166665911394 ], [ -114.795092590950631, 48.704259258504088 ], [ -114.795277776136189, 48.704259258504088 ], [ -114.795277776136189, 48.704351851096781 ], [ -114.795462961321732, 48.704351851096781 ], [ -114.795462961321732, 48.704444443689475 ], [ -114.795555553914511, 48.704444443689475 ], [ -114.795555553914511, 48.704537036282169 ], [ -114.79564814650729, 48.704537036282169 ], [ -114.79564814650729, 48.704629628874855 ], [ -114.795740739100069, 48.704629628874855 ], [ -114.795740739100069, 48.704814814060242 ], [ -114.795833331692847, 48.704814814060242 ], [ -114.795833331692847, 48.704907406652936 ], [ -114.795925924285612, 48.704907406652936 ], [ -114.795925924285612, 48.704999999245629 ], [ -114.796018516878391, 48.704999999245629 ], [ -114.796018516878391, 48.705092591838316 ], [ -114.79611110947117, 48.705092591838316 ], [ -114.79611110947117, 48.705185184431009 ], [ -114.796203702063949, 48.705185184431009 ], [ -114.796203702063949, 48.705277777023703 ], [ -114.796296294656713, 48.705277777023703 ], [ -114.796296294656713, 48.705370369616396 ], [ -114.796388887249492, 48.705370369616396 ], [ -114.796388887249492, 48.70546296220909 ], [ -114.796481479842271, 48.70546296220909 ], [ -114.796481479842271, 48.705555554801776 ], [ -114.79657407243505, 48.705555554801776 ], [ -114.79657407243505, 48.70564814739447 ], [ -114.796666665027814, 48.70564814739447 ], [ -114.796666665027814, 48.705740739987164 ], [ -114.796759257620593, 48.705740739987164 ], [ -114.796759257620593, 48.705833332579857 ], [ -114.796851850213372, 48.705833332579857 ], [ -114.796851850213372, 48.706018517765237 ], [ -114.796944442806151, 48.706018517765237 ], [ -114.796944442806151, 48.706111110357931 ], [ -114.797037035398915, 48.706111110357931 ], [ -114.797037035398915, 48.706203702950624 ], [ -114.797129627991694, 48.706203702950624 ], [ -114.797129627991694, 48.706296295543318 ], [ -114.797222220584473, 48.706296295543318 ], [ -114.797222220584473, 48.706388888136011 ], [ -114.797314813177252, 48.706388888136011 ], [ -114.797314813177252, 48.706481480728698 ], [ -114.797407405770016, 48.706481480728698 ], [ -114.797407405770016, 48.706574073321391 ], [ -114.797499998362795, 48.706574073321391 ], [ -114.797499998362795, 48.706666665914085 ], [ -114.797592590955574, 48.706666665914085 ], [ -114.797592590955574, 48.706759258506779 ], [ -114.797685183548353, 48.706759258506779 ], [ -114.797685183548353, 48.706851851099472 ], [ -114.797777776141118, 48.706851851099472 ], [ -114.797777776141118, 48.706944443692166 ], [ -114.797870368733896, 48.706944443692166 ], [ -114.797870368733896, 48.707037036284852 ], [ -114.797962961326675, 48.707037036284852 ], [ -114.797962961326675, 48.707222221470239 ], [ -114.798055553919454, 48.707222221470239 ], [ -114.798055553919454, 48.707314814062933 ], [ -114.798148146512219, 48.707314814062933 ], [ -114.798148146512219, 48.707407406655626 ], [ -114.798240739104997, 48.707407406655626 ], [ -114.798240739104997, 48.707499999248313 ], [ -114.798333331697776, 48.707499999248313 ], [ -114.798333331697776, 48.707592591841006 ], [ -114.798425924290555, 48.707592591841006 ], [ -114.798425924290555, 48.7076851844337 ], [ -114.79851851688332, 48.7076851844337 ], [ -114.79851851688332, 48.707777777026394 ], [ -114.798611109476099, 48.707777777026394 ], [ -114.798611109476099, 48.707870369619087 ], [ -114.798703702068877, 48.707870369619087 ], [ -114.798703702068877, 48.707962962211774 ], [ -114.798796294661656, 48.707962962211774 ], [ -114.798796294661656, 48.708055554804467 ], [ -114.798888887254435, 48.708055554804467 ], [ -114.798888887254435, 48.708148147397161 ], [ -114.7989814798472, 48.708148147397161 ], [ -114.7989814798472, 48.708240739989854 ], [ -114.799074072439979, 48.708240739989854 ], [ -114.799074072439979, 48.708425925175234 ], [ -114.799166665032757, 48.708425925175234 ], [ -114.799166665032757, 48.708518517767928 ], [ -114.799259257625536, 48.708518517767928 ], [ -114.799259257625536, 48.708611110360621 ], [ -114.79944444281108, 48.708611110360621 ], [ -114.79944444281108, 48.708703702953315 ], [ -114.799629627996637, 48.708703702953315 ], [ -114.799629627996637, 48.708796295546009 ], [ -114.799814813182181, 48.708796295546009 ], [ -114.799814813182181, 48.708888888138702 ], [ -114.799999998367738, 48.708888888138702 ], [ -114.799999998367738, 48.708981480731389 ], [ -114.800185183553282, 48.708981480731389 ], [ -114.800185183553282, 48.709074073324082 ], [ -114.800462961331604, 48.709074073324082 ], [ -114.800462961331604, 48.709166665916776 ], [ -114.800648146517162, 48.709166665916776 ], [ -114.800648146517162, 48.709259258509469 ], [ -114.800833331702705, 48.709259258509469 ], [ -114.800833331702705, 48.709351851102163 ], [ -114.801018516888263, 48.709351851102163 ], [ -114.801018516888263, 48.709444443694849 ], [ -114.801203702073806, 48.709444443694849 ], [ -114.801203702073806, 48.709537036287543 ], [ -114.801388887259364, 48.709537036287543 ], [ -114.801388887259364, 48.709629628880236 ], [ -114.801574072444907, 48.709629628880236 ], [ -114.801574072444907, 48.70972222147293 ], [ -114.801759257630465, 48.70972222147293 ], [ -114.801759257630465, 48.709814814065624 ], [ -114.801851850223244, 48.709814814065624 ], [ -114.801851850223244, 48.70990740665831 ], [ -114.801944442816023, 48.70990740665831 ], [ -114.801944442816023, 48.709999999251004 ], [ -114.802037035408787, 48.709999999251004 ], [ -114.802037035408787, 48.710092591843697 ], [ -114.802129628001566, 48.710092591843697 ], [ -114.802129628001566, 48.710185184436391 ], [ -114.802222220594345, 48.710185184436391 ], [ -114.802222220594345, 48.710277777029084 ], [ -114.802314813187124, 48.710277777029084 ], [ -114.802314813187124, 48.710370369621771 ], [ -114.802407405779888, 48.710370369621771 ], [ -114.802407405779888, 48.710462962214464 ], [ -114.802499998372667, 48.710462962214464 ], [ -114.802499998372667, 48.710648147399851 ], [ -114.802592590965446, 48.710648147399851 ], [ -114.802592590965446, 48.710740739992545 ], [ -114.802685183558225, 48.710740739992545 ], [ -114.802685183558225, 48.710925925177925 ], [ -114.80277777615099, 48.710925925177925 ], [ -114.80277777615099, 48.711111110363312 ], [ -114.802870368743768, 48.711111110363312 ], [ -114.802870368743768, 48.711296295548699 ], [ -114.802962961336547, 48.711296295548699 ], [ -114.802962961336547, 48.711481480734079 ], [ -114.803055553929326, 48.711481480734079 ], [ -114.803055553929326, 48.711574073326773 ], [ -114.803148146522091, 48.711574073326773 ], [ -114.803148146522091, 48.71175925851216 ], [ -114.803240739114869, 48.71175925851216 ], [ -114.803240739114869, 48.71194444369754 ], [ -114.803333331707648, 48.71194444369754 ], [ -114.803333331707648, 48.712129628882927 ], [ -114.803425924300427, 48.712129628882927 ], [ -114.803425924300427, 48.712222221475621 ], [ -114.803518516893192, 48.712222221475621 ], [ -114.803518516893192, 48.712314814068307 ], [ -114.803611109485971, 48.712314814068307 ], [ -114.803611109485971, 48.712407406661001 ], [ -114.803796294671528, 48.712407406661001 ], [ -114.803796294671528, 48.712499999253694 ], [ -114.803888887264293, 48.712499999253694 ], [ -114.803888887264293, 48.712592591846388 ], [ -114.804074072449851, 48.712592591846388 ], [ -114.804074072449851, 48.712685184439081 ], [ -114.804166665042629, 48.712685184439081 ], [ -114.804166665042629, 48.712777777031768 ], [ -114.804351850228173, 48.712777777031768 ], [ -114.804351850228173, 48.712870369624461 ], [ -114.80453703541373, 48.712870369624461 ], [ -114.80453703541373, 48.712962962217155 ], [ -114.804722220599274, 48.712962962217155 ], [ -114.804722220599274, 48.713055554809849 ], [ -114.804999998377596, 48.713055554809849 ], [ -114.804999998377596, 48.713148147402542 ], [ -114.805277776155933, 48.713148147402542 ], [ -114.805277776155933, 48.713240739995236 ], [ -114.805462961341476, 48.713240739995236 ], [ -114.805462961341476, 48.713333332587922 ], [ -114.805740739119813, 48.713333332587922 ], [ -114.805740739119813, 48.713425925180616 ], [ -114.805925924305356, 48.713425925180616 ], [ -114.805925924305356, 48.713518517773309 ], [ -114.806203702083678, 48.713518517773309 ], [ -114.806203702083678, 48.713611110366003 ], [ -114.806481479862015, 48.713611110366003 ], [ -114.806481479862015, 48.713703702958696 ], [ -114.806666665047558, 48.713703702958696 ], [ -114.806666665047558, 48.713796295551383 ], [ -114.806944442825881, 48.713796295551383 ], [ -114.806944442825881, 48.713888888144076 ], [ -114.807129628011438, 48.713888888144076 ], [ -114.807129628011438, 48.71398148073677 ], [ -114.80740740578976, 48.71398148073677 ], [ -114.80740740578976, 48.714074073329463 ], [ -114.807592590975318, 48.714074073329463 ], [ -114.807592590975318, 48.714166665922157 ], [ -114.807777776160862, 48.714166665922157 ], [ -114.807777776160862, 48.714259258514844 ], [ -114.807962961346419, 48.714259258514844 ], [ -114.807962961346419, 48.714351851107537 ], [ -114.808148146531963, 48.714351851107537 ], [ -114.808148146531963, 48.714444443700231 ], [ -114.80833333171752, 48.714444443700231 ], [ -114.80833333171752, 48.714537036292924 ], [ -114.808518516903064, 48.714537036292924 ], [ -114.808518516903064, 48.714629628885618 ], [ -114.808703702088621, 48.714629628885618 ], [ -114.808703702088621, 48.714722221478304 ], [ -114.808981479866944, 48.714722221478304 ], [ -114.808981479866944, 48.714814814070998 ], [ -114.809166665052501, 48.714814814070998 ], [ -114.809166665052501, 48.714907406663691 ], [ -114.810092590980247, 48.714907406663691 ], [ -114.810092590980247, 48.714999999256385 ], [ -114.811111109500771, 48.714999999256385 ], [ -114.811111109500771, 48.715092591849078 ], [ -114.81166666505743, 48.715092591849078 ], [ -114.81166666505743, 48.715185184441765 ], [ -114.811944442835753, 48.715185184441765 ], [ -114.811944442835753, 48.715277777034458 ], [ -114.812314813206854, 48.715277777034458 ], [ -114.812314813206854, 48.715370369627152 ], [ -114.81259259098519, 48.715370369627152 ], [ -114.81259259098519, 48.715462962219846 ], [ -114.812870368763512, 48.715462962219846 ], [ -114.812870368763512, 48.715555554812539 ], [ -114.813055553949056, 48.715555554812539 ], [ -114.813055553949056, 48.715648147405233 ], [ -114.813240739134613, 48.715648147405233 ], [ -114.813240739134613, 48.715740739997919 ], [ -114.813425924320157, 48.715740739997919 ], [ -114.813425924320157, 48.715833332590613 ], [ -114.813611109505715, 48.715833332590613 ], [ -114.813611109505715, 48.715925925183306 ], [ -114.813796294691258, 48.715925925183306 ], [ -114.813796294691258, 48.716018517776 ], [ -114.813981479876816, 48.716018517776 ], [ -114.813981479876816, 48.716111110368693 ], [ -114.814166665062359, 48.716111110368693 ], [ -114.814166665062359, 48.71620370296138 ], [ -114.814259257655138, 48.71620370296138 ], [ -114.814259257655138, 48.716296295554073 ], [ -114.814444442840696, 48.716296295554073 ], [ -114.814444442840696, 48.716388888146767 ], [ -114.814629628026239, 48.716388888146767 ], [ -114.814629628026239, 48.716481480739461 ], [ -114.814814813211797, 48.716481480739461 ], [ -114.814814813211797, 48.716574073332154 ], [ -114.81499999839734, 48.716574073332154 ], [ -114.81499999839734, 48.716666665924841 ], [ -114.815185183582898, 48.716666665924841 ], [ -114.815185183582898, 48.716759258517534 ], [ -114.81546296136122, 48.716759258517534 ], [ -114.81546296136122, 48.716851851110228 ], [ -114.815648146546778, 48.716851851110228 ], [ -114.815648146546778, 48.716944443702921 ], [ -114.8159259243251, 48.716944443702921 ], [ -114.8159259243251, 48.717037036295615 ], [ -114.816203702103422, 48.717037036295615 ], [ -114.816203702103422, 48.717129628888301 ], [ -114.816481479881745, 48.717129628888301 ], [ -114.816481479881745, 48.717222221480995 ], [ -114.816666665067302, 48.717222221480995 ], [ -114.816666665067302, 48.717314814073688 ], [ -114.816944442845625, 48.717314814073688 ], [ -114.816944442845625, 48.717407406666382 ], [ -114.817222220623947, 48.717407406666382 ], [ -114.817222220623947, 48.717499999259076 ], [ -114.817499998402283, 48.717499999259076 ], [ -114.817499998402283, 48.717592591851762 ], [ -114.817685183587827, 48.717592591851762 ], [ -114.817685183587827, 48.717685184444456 ], [ -114.817962961366163, 48.717685184444456 ], [ -114.817962961366163, 48.717777777037149 ], [ -114.818240739144485, 48.717777777037149 ], [ -114.818240739144485, 48.717870369629843 ], [ -114.818518516922808, 48.717870369629843 ], [ -114.818518516922808, 48.717962962222536 ], [ -114.818703702108365, 48.717962962222536 ], [ -114.818703702108365, 48.71805555481523 ], [ -114.818981479886688, 48.71805555481523 ], [ -114.818981479886688, 48.718148147407916 ], [ -114.81925925766501, 48.718148147407916 ], [ -114.81925925766501, 48.71824074000061 ], [ -114.822870368783256, 48.71824074000061 ], [ -114.822870368783256, 48.718333332593303 ], [ -114.823703702118223, 48.718333332593303 ], [ -114.823703702118223, 48.718425925185997 ], [ -114.824166665082103, 48.718425925185997 ], [ -114.824166665082103, 48.718518517778691 ], [ -114.824351850267661, 48.718518517778691 ], [ -114.824351850267661, 48.718611110371377 ], [ -114.824537035453204, 48.718611110371377 ], [ -114.824537035453204, 48.718703702964071 ], [ -114.824722220638762, 48.718703702964071 ], [ -114.824722220638762, 48.718796295556764 ], [ -114.824907405824305, 48.718796295556764 ], [ -114.824907405824305, 48.718888888149458 ], [ -114.824999998417084, 48.718888888149458 ], [ -114.824999998417084, 48.718981480742151 ], [ -114.825185183602642, 48.718981480742151 ], [ -114.825185183602642, 48.719074073334838 ], [ -114.825462961380964, 48.719074073334838 ], [ -114.825462961380964, 48.719166665927531 ], [ -114.825833331752065, 48.719166665927531 ], [ -114.825833331752065, 48.719259258520225 ], [ -114.826111109530387, 48.719259258520225 ], [ -114.826111109530387, 48.719351851112918 ], [ -114.82638888730871, 48.719351851112918 ], [ -114.82638888730871, 48.719444443705612 ], [ -114.826666665087046, 48.719444443705612 ], [ -114.826666665087046, 48.719537036298298 ], [ -114.827037035458147, 48.719537036298298 ], [ -114.827037035458147, 48.719629628890992 ], [ -114.82731481323647, 48.719629628890992 ], [ -114.82731481323647, 48.719722221483686 ], [ -114.827592591014792, 48.719722221483686 ], [ -114.827592591014792, 48.719814814076379 ], [ -114.827870368793128, 48.719814814076379 ], [ -114.827870368793128, 48.719907406669073 ], [ -114.828240739164229, 48.719907406669073 ], [ -114.828240739164229, 48.719999999261766 ], [ -114.828518516942552, 48.719999999261766 ], [ -114.828518516942552, 48.720092591854453 ], [ -114.828796294720874, 48.720092591854453 ], [ -114.828796294720874, 48.720185184447146 ], [ -114.829074072499196, 48.720185184447146 ], [ -114.829074072499196, 48.72027777703984 ], [ -114.830833331761937, 48.72027777703984 ], [ -114.830833331761937, 48.720185184447146 ], [ -114.83527777621515, 48.720185184447146 ], [ -114.83527777621515, 48.72027777703984 ], [ -114.835462961400708, 48.72027777703984 ], [ -114.835462961400708, 48.720370369632533 ], [ -114.835648146586252, 48.720370369632533 ], [ -114.835648146586252, 48.720462962225227 ], [ -114.835925924364574, 48.720462962225227 ], [ -114.835925924364574, 48.720555554817913 ], [ -114.836111109550131, 48.720555554817913 ], [ -114.836111109550131, 48.720648147410607 ], [ -114.83620370214291, 48.720648147410607 ], [ -114.83620370214291, 48.720740740003301 ], [ -114.836296294735675, 48.720740740003301 ], [ -114.836296294735675, 48.720833332595994 ], [ -114.836388887328454, 48.720833332595994 ], [ -114.836388887328454, 48.720925925188688 ], [ -114.836481479921233, 48.720925925188688 ], [ -114.836481479921233, 48.721111110374068 ], [ -114.836574072514011, 48.721111110374068 ], [ -114.836574072514011, 48.721296295559455 ], [ -114.836666665106776, 48.721296295559455 ], [ -114.836666665106776, 48.721481480744835 ], [ -114.836759257699555, 48.721481480744835 ], [ -114.836759257699555, 48.721666665930222 ], [ -114.836851850292334, 48.721666665930222 ], [ -114.836851850292334, 48.721851851115609 ], [ -114.836944442885112, 48.721851851115609 ], [ -114.836944442885112, 48.722037036300989 ], [ -114.837037035477891, 48.722037036300989 ], [ -114.837037035477891, 48.72231481407907 ], [ -114.837129628070656, 48.72231481407907 ], [ -114.837129628070656, 48.72249999926445 ], [ -114.837222220663435, 48.72249999926445 ], [ -114.837222220663435, 48.722685184449837 ], [ -114.837314813256214, 48.722685184449837 ], [ -114.837314813256214, 48.722870369635224 ], [ -114.837407405848992, 48.722870369635224 ], [ -114.837407405848992, 48.723055554820604 ], [ -114.837499998441757, 48.723055554820604 ], [ -114.837499998441757, 48.723240740005991 ], [ -114.837592591034536, 48.723240740005991 ], [ -114.837592591034536, 48.723425925191371 ], [ -114.837685183627315, 48.723425925191371 ], [ -114.837685183627315, 48.723611110376758 ], [ -114.837777776220094, 48.723611110376758 ], [ -114.837777776220094, 48.723796295562146 ], [ -114.837870368812858, 48.723796295562146 ], [ -114.837870368812858, 48.723981480747526 ], [ -114.837962961405637, 48.723981480747526 ], [ -114.837962961405637, 48.724074073340219 ], [ -114.838055553998416, 48.724074073340219 ], [ -114.838055553998416, 48.724166665932913 ], [ -114.838240739183959, 48.724166665932913 ], [ -114.838240739183959, 48.724259258525606 ], [ -114.838333331776738, 48.724259258525606 ], [ -114.838333331776738, 48.7243518511183 ], [ -114.838518516962296, 48.7243518511183 ], [ -114.838518516962296, 48.724444443710986 ], [ -114.838703702147839, 48.724444443710986 ], [ -114.838703702147839, 48.72453703630368 ], [ -114.838796294740618, 48.72453703630368 ], [ -114.838796294740618, 48.724629628896373 ], [ -114.838981479926161, 48.724629628896373 ], [ -114.838981479926161, 48.724722221489067 ], [ -114.83907407251894, 48.724722221489067 ], [ -114.83907407251894, 48.724814814081761 ], [ -114.839259257704498, 48.724814814081761 ], [ -114.839259257704498, 48.724907406674447 ], [ -114.83953703548282, 48.724907406674447 ], [ -114.83953703548282, 48.724999999267141 ], [ -114.839722220668364, 48.724999999267141 ], [ -114.839722220668364, 48.725092591859834 ], [ -114.8399999984467, 48.725092591859834 ], [ -114.8399999984467, 48.725185184452528 ], [ -114.840185183632244, 48.725185184452528 ], [ -114.840185183632244, 48.725277777045221 ], [ -114.84046296141058, 48.725277777045221 ], [ -114.84046296141058, 48.725370369637908 ], [ -114.840648146596124, 48.725370369637908 ], [ -114.840648146596124, 48.725462962230601 ], [ -114.840925924374446, 48.725462962230601 ], [ -114.840925924374446, 48.725555554823295 ], [ -114.841111109560003, 48.725555554823295 ], [ -114.841111109560003, 48.725648147415988 ], [ -114.841388887338326, 48.725648147415988 ], [ -114.841388887338326, 48.725740740008682 ], [ -114.841574072523883, 48.725740740008682 ], [ -114.841574072523883, 48.725833332601368 ], [ -114.841851850302206, 48.725833332601368 ], [ -114.841851850302206, 48.725925925194062 ], [ -114.842314813266086, 48.725925925194062 ], [ -114.842314813266086, 48.726018517786756 ], [ -114.842777776229951, 48.726018517786756 ], [ -114.842777776229951, 48.726111110379449 ], [ -114.843240739193831, 48.726111110379449 ], [ -114.843240739193831, 48.726203702972143 ], [ -114.844351850307135, 48.726203702972143 ], [ -114.844351850307135, 48.726296295564829 ], [ -114.845925924384318, 48.726296295564829 ], [ -114.845925924384318, 48.726388888157523 ], [ -114.84759259105428, 48.726388888157523 ], [ -114.84759259105428, 48.726481480750216 ], [ -114.849259257724228, 48.726481480750216 ], [ -114.849259257724228, 48.72657407334291 ], [ -114.850833331801411, 48.72657407334291 ], [ -114.850833331801411, 48.726666665935603 ], [ -114.852499998471373, 48.726666665935603 ], [ -114.852499998471373, 48.726759258528297 ], [ -114.853240739213575, 48.726759258528297 ], [ -114.853240739213575, 48.726851851120983 ], [ -114.853425924399133, 48.726851851120983 ], [ -114.853425924399133, 48.726944443713677 ], [ -114.853611109584676, 48.726944443713677 ], [ -114.853611109584676, 48.727037036306371 ], [ -114.853796294770234, 48.727037036306371 ], [ -114.853796294770234, 48.727129628899064 ], [ -114.854074072548556, 48.727129628899064 ], [ -114.854074072548556, 48.727222221491758 ], [ -114.8542592577341, 48.727222221491758 ], [ -114.8542592577341, 48.727314814084444 ], [ -114.854444442919657, 48.727314814084444 ], [ -114.854444442919657, 48.727407406677138 ], [ -114.85472222069798, 48.727407406677138 ], [ -114.85472222069798, 48.727499999269831 ], [ -114.854907405883537, 48.727499999269831 ], [ -114.854907405883537, 48.727592591862525 ], [ -114.855092591069081, 48.727592591862525 ], [ -114.855092591069081, 48.727685184455218 ], [ -114.855277776254638, 48.727685184455218 ], [ -114.855277776254638, 48.727777777047905 ], [ -114.855555554032961, 48.727777777047905 ], [ -114.855555554032961, 48.727870369640598 ], [ -114.85564814662574, 48.727870369640598 ], [ -114.85564814662574, 48.727962962233292 ], [ -114.855833331811283, 48.727962962233292 ], [ -114.855833331811283, 48.728055554825985 ], [ -114.856018516996841, 48.728055554825985 ], [ -114.856018516996841, 48.728148147418679 ], [ -114.856111109589619, 48.728148147418679 ], [ -114.856111109589619, 48.728240740011366 ], [ -114.856296294775163, 48.728240740011366 ], [ -114.856296294775163, 48.728333332604059 ], [ -114.856481479960721, 48.728333332604059 ], [ -114.856481479960721, 48.728425925196753 ], [ -114.856574072553485, 48.728425925196753 ], [ -114.856574072553485, 48.728518517789446 ], [ -114.856759257739043, 48.728518517789446 ], [ -114.856759257739043, 48.72861111038214 ], [ -114.856851850331822, 48.72861111038214 ], [ -114.856851850331822, 48.728703702974833 ], [ -114.857037035517365, 48.728703702974833 ], [ -114.857037035517365, 48.72879629556752 ], [ -114.857222220702923, 48.72879629556752 ], [ -114.857222220702923, 48.728888888160213 ], [ -114.857314813295687, 48.728888888160213 ], [ -114.857314813295687, 48.728981480752907 ], [ -114.857499998481245, 48.728981480752907 ], [ -114.857499998481245, 48.7290740733456 ], [ -114.857685183666788, 48.7290740733456 ], [ -114.857685183666788, 48.729166665938294 ], [ -114.857777776259567, 48.729166665938294 ], [ -114.857777776259567, 48.729259258530981 ], [ -114.857962961445125, 48.729259258530981 ], [ -114.857962961445125, 48.729351851123674 ], [ -114.858148146630668, 48.729351851123674 ], [ -114.858148146630668, 48.729444443716368 ], [ -114.858240739223447, 48.729444443716368 ], [ -114.858240739223447, 48.729537036309061 ], [ -114.858425924408991, 48.729537036309061 ], [ -114.858425924408991, 48.729629628901755 ], [ -114.85851851700177, 48.729629628901755 ], [ -114.85851851700177, 48.729722221494441 ], [ -114.858703702187327, 48.729722221494441 ], [ -114.858703702187327, 48.729814814087135 ], [ -114.858888887372871, 48.729814814087135 ], [ -114.858888887372871, 48.729907406679828 ], [ -114.858981479965649, 48.729907406679828 ], [ -114.858981479965649, 48.729999999272522 ], [ -114.859166665151207, 48.729999999272522 ], [ -114.859166665151207, 48.730092591865215 ], [ -114.859259257743972, 48.730092591865215 ], [ -114.859259257743972, 48.730185184457902 ], [ -114.859444442929529, 48.730185184457902 ], [ -114.859444442929529, 48.730277777050595 ], [ -114.859537035522308, 48.730277777050595 ], [ -114.859537035522308, 48.730370369643289 ], [ -114.859722220707852, 48.730370369643289 ], [ -114.859722220707852, 48.730462962235983 ], [ -114.85981481330063, 48.730462962235983 ], [ -114.85981481330063, 48.730555554828676 ], [ -114.859907405893409, 48.730555554828676 ], [ -114.859907405893409, 48.730648147421363 ], [ -114.860092591078953, 48.730648147421363 ], [ -114.860092591078953, 48.730740740014056 ], [ -114.860185183671732, 48.730740740014056 ], [ -114.860185183671732, 48.73083333260675 ], [ -114.86027777626451, 48.73083333260675 ], [ -114.86027777626451, 48.730925925199443 ], [ -114.860462961450054, 48.730925925199443 ], [ -114.860462961450054, 48.731018517792137 ], [ -114.860555554042833, 48.731018517792137 ], [ -114.860555554042833, 48.73111111038483 ], [ -114.860648146635612, 48.73111111038483 ], [ -114.860648146635612, 48.731203702977517 ], [ -114.860833331821155, 48.731203702977517 ], [ -114.860833331821155, 48.73129629557021 ], [ -114.861018517006713, 48.73129629557021 ], [ -114.861018517006713, 48.731388888162904 ], [ -114.861111109599477, 48.731388888162904 ], [ -114.861111109599477, 48.731481480755598 ], [ -114.861296294785035, 48.731481480755598 ], [ -114.861296294785035, 48.731574073348291 ], [ -114.861481479970578, 48.731574073348291 ], [ -114.861481479970578, 48.731666665940978 ], [ -114.861574072563357, 48.731666665940978 ], [ -114.861574072563357, 48.731759258533671 ], [ -114.861759257748915, 48.731759258533671 ], [ -114.861759257748915, 48.731851851126365 ], [ -114.861944442934458, 48.731851851126365 ], [ -114.861944442934458, 48.731944443719058 ], [ -114.862129628120016, 48.731944443719058 ], [ -114.862129628120016, 48.732037036311752 ], [ -114.862222220712795, 48.732037036311752 ], [ -114.862222220712795, 48.732129628904438 ], [ -114.862407405898338, 48.732129628904438 ], [ -114.862407405898338, 48.732222221497132 ], [ -114.862592591083896, 48.732222221497132 ], [ -114.862592591083896, 48.732314814089825 ], [ -114.86268518367666, 48.732314814089825 ], [ -114.86268518367666, 48.732407406682519 ], [ -114.862870368862218, 48.732407406682519 ], [ -114.862870368862218, 48.732499999275213 ], [ -114.863055554047762, 48.732499999275213 ], [ -114.863055554047762, 48.732592591867899 ], [ -114.86314814664054, 48.732592591867899 ], [ -114.86314814664054, 48.732685184460593 ], [ -114.863333331826098, 48.732685184460593 ], [ -114.863333331826098, 48.732777777053286 ], [ -114.863518517011642, 48.732777777053286 ], [ -114.863518517011642, 48.73287036964598 ], [ -114.863703702197199, 48.73287036964598 ], [ -114.863703702197199, 48.732962962238673 ], [ -114.863796294789964, 48.732962962238673 ], [ -114.863796294789964, 48.73305555483136 ], [ -114.863981479975521, 48.73305555483136 ], [ -114.863981479975521, 48.733148147424053 ], [ -114.864166665161065, 48.733148147424053 ], [ -114.864166665161065, 48.733240740016747 ], [ -114.864259257753844, 48.733240740016747 ], [ -114.864259257753844, 48.73333333260944 ], [ -114.864444442939401, 48.73333333260944 ], [ -114.864444442939401, 48.733425925202134 ], [ -114.864629628124945, 48.733425925202134 ], [ -114.864629628124945, 48.733518517794828 ], [ -114.864814813310502, 48.733518517794828 ], [ -114.864814813310502, 48.733611110387514 ], [ -114.864907405903267, 48.733611110387514 ], [ -114.864907405903267, 48.733703702980208 ], [ -114.865092591088825, 48.733703702980208 ], [ -114.865092591088825, 48.733796295572901 ], [ -114.865277776274382, 48.733796295572901 ], [ -114.865277776274382, 48.733888888165595 ], [ -114.865370368867147, 48.733888888165595 ], [ -114.865370368867147, 48.734074073350975 ], [ -114.865462961459926, 48.734074073350975 ], [ -114.865462961459926, 48.734166665943668 ], [ -114.865740739238248, 48.734166665943668 ], [ -114.865740739238248, 48.734259258536362 ], [ -114.866111109609349, 48.734259258536362 ], [ -114.866111109609349, 48.734351851129055 ], [ -114.866203702202128, 48.734351851129055 ], [ -114.866203702202128, 48.734444443721749 ], [ -114.866388887387686, 48.734444443721749 ], [ -114.866388887387686, 48.734537036314435 ], [ -114.86648147998045, 48.734537036314435 ], [ -114.86648147998045, 48.734629628907129 ], [ -114.866666665166008, 48.734629628907129 ], [ -114.866666665166008, 48.734722221499823 ], [ -114.866851850351551, 48.734722221499823 ], [ -114.866851850351551, 48.734814814092516 ], [ -114.86694444294433, 48.734814814092516 ], [ -114.86694444294433, 48.73490740668521 ], [ -114.867129628129888, 48.73490740668521 ], [ -114.867129628129888, 48.734999999277896 ], [ -114.867222220722653, 48.734999999277896 ], [ -114.867222220722653, 48.73509259187059 ], [ -114.86740740590821, 48.73509259187059 ], [ -114.86740740590821, 48.735185184463283 ], [ -114.867592591093754, 48.735185184463283 ], [ -114.867592591093754, 48.735277777055977 ], [ -114.867685183686532, 48.735277777055977 ], [ -114.867685183686532, 48.73537036964867 ], [ -114.86787036887209, 48.73537036964867 ], [ -114.86787036887209, 48.735462962241364 ], [ -114.867962961464855, 48.735462962241364 ], [ -114.867962961464855, 48.73555555483405 ], [ -114.868148146650412, 48.73555555483405 ], [ -114.868148146650412, 48.735648147426744 ], [ -114.868333331835956, 48.735648147426744 ], [ -114.868333331835956, 48.735740740019438 ], [ -114.868425924428735, 48.735740740019438 ], [ -114.868425924428735, 48.735833332612131 ], [ -114.868611109614292, 48.735833332612131 ], [ -114.868611109614292, 48.735925925204825 ], [ -114.868796294799836, 48.735925925204825 ], [ -114.868796294799836, 48.736018517797511 ], [ -114.868888887392615, 48.736018517797511 ], [ -114.868888887392615, 48.736111110390205 ], [ -114.869074072578172, 48.736111110390205 ], [ -114.869074072578172, 48.736203702982898 ], [ -114.869166665170937, 48.736203702982898 ], [ -114.869166665170937, 48.736296295575592 ], [ -114.869351850356495, 48.736296295575592 ], [ -114.869351850356495, 48.736388888168285 ], [ -114.869537035542038, 48.736388888168285 ], [ -114.869537035542038, 48.736481480760972 ], [ -114.869629628134817, 48.736481480760972 ], [ -114.869629628134817, 48.736574073353665 ], [ -114.869814813320374, 48.736574073353665 ], [ -114.869814813320374, 48.736666665946359 ], [ -114.869907405913139, 48.736666665946359 ], [ -114.869907405913139, 48.736759258539053 ], [ -114.870092591098697, 48.736759258539053 ], [ -114.870092591098697, 48.736851851131746 ], [ -114.87027777628424, 48.736851851131746 ], [ -114.87027777628424, 48.736944443724433 ], [ -114.870370368877019, 48.736944443724433 ], [ -114.870370368877019, 48.737037036317126 ], [ -114.870555554062577, 48.737037036317126 ], [ -114.870555554062577, 48.73712962890982 ], [ -114.870648146655341, 48.73712962890982 ], [ -114.870648146655341, 48.737222221502513 ], [ -114.870833331840899, 48.737222221502513 ], [ -114.870833331840899, 48.737314814095207 ], [ -114.871018517026442, 48.737314814095207 ], [ -114.871018517026442, 48.737407406687893 ], [ -114.871111109619221, 48.737407406687893 ], [ -114.871111109619221, 48.737499999280587 ], [ -114.871296294804779, 48.737499999280587 ], [ -114.871296294804779, 48.73759259187328 ], [ -114.871388887397543, 48.73759259187328 ], [ -114.871388887397543, 48.737685184465974 ], [ -114.871574072583101, 48.737685184465974 ], [ -114.871574072583101, 48.737777777058668 ], [ -114.871759257768659, 48.737777777058668 ], [ -114.871759257768659, 48.737870369651361 ], [ -114.871851850361423, 48.737870369651361 ], [ -114.871851850361423, 48.738055554836741 ], [ -114.871944442954202, 48.738055554836741 ], [ -114.871944442954202, 48.738148147429435 ], [ -114.87212962813976, 48.738148147429435 ], [ -114.87212962813976, 48.738240740022128 ], [ -114.872314813325303, 48.738240740022128 ], [ -114.872314813325303, 48.738333332614822 ], [ -114.872499998510861, 48.738333332614822 ], [ -114.872499998510861, 48.738425925207508 ], [ -114.872685183696404, 48.738425925207508 ], [ -114.872685183696404, 48.738518517800202 ], [ -114.872870368881962, 48.738518517800202 ], [ -114.872870368881962, 48.738611110392895 ], [ -114.873055554067506, 48.738611110392895 ], [ -114.873055554067506, 48.738703702985589 ], [ -114.873240739253063, 48.738703702985589 ], [ -114.873240739253063, 48.738796295578283 ], [ -114.873425924438607, 48.738796295578283 ], [ -114.873425924438607, 48.738888888170969 ], [ -114.873611109624164, 48.738888888170969 ], [ -114.873611109624164, 48.738981480763663 ], [ -114.873796294809708, 48.738981480763663 ], [ -114.873796294809708, 48.739074073356356 ], [ -114.873981479995265, 48.739074073356356 ], [ -114.873981479995265, 48.73916666594905 ], [ -114.87407407258803, 48.73916666594905 ], [ -114.87407407258803, 48.739259258541743 ], [ -114.874259257773588, 48.739259258541743 ], [ -114.874259257773588, 48.73935185113443 ], [ -114.874351850366367, 48.73935185113443 ], [ -114.874351850366367, 48.739444443727123 ], [ -114.87453703555191, 48.739444443727123 ], [ -114.87453703555191, 48.739537036319817 ], [ -114.874629628144689, 48.739537036319817 ], [ -114.874629628144689, 48.73962962891251 ], [ -114.874814813330246, 48.73962962891251 ], [ -114.874814813330246, 48.739722221505204 ], [ -114.874907405923011, 48.739722221505204 ], [ -114.874907405923011, 48.739814814097898 ], [ -114.875092591108569, 48.739814814097898 ], [ -114.875092591108569, 48.739907406690584 ], [ -114.875185183701348, 48.739907406690584 ], [ -114.875185183701348, 48.739999999283278 ], [ -114.875370368886891, 48.739999999283278 ], [ -114.875370368886891, 48.740092591875971 ], [ -114.87546296147967, 48.740092591875971 ], [ -114.87546296147967, 48.740185184468665 ], [ -114.875648146665213, 48.740185184468665 ], [ -114.875648146665213, 48.740277777061358 ], [ -114.875740739257992, 48.740277777061358 ], [ -114.875740739257992, 48.740370369654045 ], [ -114.87592592444355, 48.740370369654045 ], [ -114.87592592444355, 48.740462962246738 ], [ -114.876018517036314, 48.740462962246738 ], [ -114.876018517036314, 48.740555554839432 ], [ -114.876203702221872, 48.740555554839432 ], [ -114.876203702221872, 48.740648147432125 ], [ -114.876296294814651, 48.740648147432125 ], [ -114.876296294814651, 48.740740740024819 ], [ -114.876481480000194, 48.740740740024819 ], [ -114.876481480000194, 48.740833332617505 ], [ -114.876574072592973, 48.740833332617505 ], [ -114.876574072592973, 48.740925925210199 ], [ -114.876666665185752, 48.740925925210199 ], [ -114.876666665185752, 48.741018517802893 ], [ -114.876759257778517, 48.741018517802893 ], [ -114.876759257778517, 48.741111110395586 ], [ -114.876851850371295, 48.741111110395586 ], [ -114.876851850371295, 48.74120370298828 ], [ -114.876944442964074, 48.74120370298828 ], [ -114.876944442964074, 48.741296295580966 ], [ -114.877037035556853, 48.741296295580966 ], [ -114.877037035556853, 48.74138888817366 ], [ -114.877129628149618, 48.74138888817366 ], [ -114.877129628149618, 48.74166666595174 ], [ -114.877222220742397, 48.74166666595174 ], [ -114.877222220742397, 48.74185185113712 ], [ -114.877314813335175, 48.74185185113712 ], [ -114.877314813335175, 48.742129628915201 ], [ -114.877407405927954, 48.742129628915201 ], [ -114.877407405927954, 48.742407406693275 ], [ -114.877499998520719, 48.742407406693275 ], [ -114.877499998520719, 48.742592591878662 ], [ -114.877592591113498, 48.742592591878662 ], [ -114.877592591113498, 48.742870369656735 ], [ -114.877685183706276, 48.742870369656735 ], [ -114.877685183706276, 48.743148147434816 ], [ -114.877777776299055, 48.743148147434816 ], [ -114.877777776299055, 48.743333332620196 ], [ -114.87787036889182, 48.743333332620196 ], [ -114.87787036889182, 48.743611110398277 ], [ -114.877962961484599, 48.743611110398277 ], [ -114.877962961484599, 48.74388888817635 ], [ -114.878055554077378, 48.74388888817635 ], [ -114.878055554077378, 48.744074073361737 ], [ -114.878148146670156, 48.744074073361737 ], [ -114.878148146670156, 48.744351851139811 ], [ -114.878240739262935, 48.744351851139811 ], [ -114.878240739262935, 48.744537036325198 ], [ -114.8783333318557, 48.744537036325198 ], [ -114.8783333318557, 48.744814814103272 ], [ -114.878425924448479, 48.744814814103272 ], [ -114.878425924448479, 48.744999999288659 ], [ -114.878518517041257, 48.744999999288659 ], [ -114.878518517041257, 48.745185184474039 ], [ -114.878611109634036, 48.745185184474039 ], [ -114.878611109634036, 48.745370369659426 ], [ -114.878703702226801, 48.745370369659426 ], [ -114.878703702226801, 48.745555554844813 ], [ -114.87879629481958, 48.745555554844813 ], [ -114.87879629481958, 48.745740740030193 ], [ -114.878888887412359, 48.745740740030193 ], [ -114.878888887412359, 48.746018517808274 ], [ -114.878981480005137, 48.746018517808274 ], [ -114.878981480005137, 48.746203702993654 ], [ -114.879074072597902, 48.746203702993654 ], [ -114.879074072597902, 48.746388888179041 ], [ -114.879166665190681, 48.746388888179041 ], [ -114.879166665190681, 48.746574073364428 ], [ -114.87925925778346, 48.746574073364428 ], [ -114.87925925778346, 48.746759258549808 ], [ -114.879351850376239, 48.746759258549808 ], [ -114.879351850376239, 48.746944443735195 ], [ -114.879444442969003, 48.746944443735195 ], [ -114.879444442969003, 48.747129628920575 ], [ -114.879537035561782, 48.747129628920575 ], [ -114.879537035561782, 48.747407406698656 ], [ -114.879629628154561, 48.747407406698656 ], [ -114.879629628154561, 48.747592591884036 ], [ -114.87972222074734, 48.747592591884036 ], [ -114.87972222074734, 48.747777777069423 ], [ -114.879814813340104, 48.747777777069423 ], [ -114.879814813340104, 48.74796296225481 ], [ -114.879907405932883, 48.74796296225481 ], [ -114.879907405932883, 48.74814814744019 ], [ -114.879999998525662, 48.74814814744019 ], [ -114.879999998525662, 48.748333332625577 ], [ -114.880092591118441, 48.748333332625577 ], [ -114.880092591118441, 48.748518517810957 ], [ -114.880185183711205, 48.748518517810957 ], [ -114.880185183711205, 48.748703702996345 ], [ -114.880277776303984, 48.748703702996345 ], [ -114.880277776303984, 48.748981480774425 ], [ -114.880370368896763, 48.748981480774425 ], [ -114.880370368896763, 48.749166665959805 ], [ -114.880462961489542, 48.749166665959805 ], [ -114.880462961489542, 48.749351851145192 ], [ -114.880555554082306, 48.749351851145192 ], [ -114.880555554082306, 48.749444443737886 ], [ -114.880648146675085, 48.749444443737886 ], [ -114.880648146675085, 48.749537036330572 ], [ -114.880740739267864, 48.749537036330572 ], [ -114.880740739267864, 48.74972222151596 ], [ -114.880833331860643, 48.74972222151596 ], [ -114.880833331860643, 48.749814814108653 ], [ -114.880925924453408, 48.749814814108653 ], [ -114.880925924453408, 48.749907406701347 ], [ -114.881018517046186, 48.749907406701347 ], [ -114.881018517046186, 48.749999999294033 ], [ -114.881111109638965, 48.749999999294033 ], [ -114.881111109638965, 48.750092591886727 ], [ -114.881203702231744, 48.750092591886727 ], [ -114.881203702231744, 48.750277777072114 ], [ -114.881296294824523, 48.750277777072114 ], [ -114.881296294824523, 48.750370369664807 ], [ -114.881388887417287, 48.750370369664807 ], [ -114.881388887417287, 48.750462962257494 ], [ -114.881481480010066, 48.750462962257494 ], [ -114.881481480010066, 48.750555554850187 ], [ -114.881574072602845, 48.750555554850187 ], [ -114.881574072602845, 48.750648147442881 ], [ -114.881666665195624, 48.750648147442881 ], [ -114.881666665195624, 48.750740740035575 ], [ -114.881759257788389, 48.750740740035575 ], [ -114.881759257788389, 48.750833332628268 ], [ -114.881851850381167, 48.750833332628268 ], [ -114.881851850381167, 48.750925925220962 ], [ -114.881944442973946, 48.750925925220962 ], [ -114.881944442973946, 48.751018517813648 ], [ -114.882037035566725, 48.751018517813648 ], [ -114.882037035566725, 48.751111110406342 ], [ -114.88212962815949, 48.751111110406342 ], [ -114.88212962815949, 48.751203702999035 ], [ -114.882222220752269, 48.751203702999035 ], [ -114.882222220752269, 48.751296295591729 ], [ -114.882314813345047, 48.751296295591729 ], [ -114.882314813345047, 48.751481480777109 ], [ -114.882407405937826, 48.751481480777109 ], [ -114.882407405937826, 48.751574073369802 ], [ -114.882499998530591, 48.751574073369802 ], [ -114.882499998530591, 48.751666665962496 ], [ -114.88259259112337, 48.751666665962496 ], [ -114.88259259112337, 48.75175925855519 ], [ -114.882685183716148, 48.75175925855519 ], [ -114.882685183716148, 48.751851851147883 ], [ -114.882777776308927, 48.751851851147883 ], [ -114.882777776308927, 48.75194444374057 ], [ -114.882870368901692, 48.75194444374057 ], [ -114.882870368901692, 48.752037036333263 ], [ -114.882962961494471, 48.752037036333263 ], [ -114.882962961494471, 48.752129628925957 ], [ -114.88305555408725, 48.752129628925957 ], [ -114.88305555408725, 48.75222222151865 ], [ -114.883148146680028, 48.75222222151865 ], [ -114.883148146680028, 48.752314814111344 ], [ -114.883240739272793, 48.752314814111344 ], [ -114.883240739272793, 48.75240740670403 ], [ -114.883333331865572, 48.75240740670403 ], [ -114.883333331865572, 48.752592591889417 ], [ -114.883425924458351, 48.752592591889417 ], [ -114.883425924458351, 48.752685184482111 ], [ -114.883518517051129, 48.752685184482111 ], [ -114.883518517051129, 48.752777777074805 ], [ -114.883611109643894, 48.752777777074805 ], [ -114.883611109643894, 48.752870369667491 ], [ -114.883703702236673, 48.752870369667491 ], [ -114.883703702236673, 48.752962962260185 ], [ -114.883796294829452, 48.752962962260185 ], [ -114.883796294829452, 48.753055554852878 ], [ -114.883888887422231, 48.753055554852878 ], [ -114.883888887422231, 48.753148147445572 ], [ -114.883981480014995, 48.753148147445572 ], [ -114.883981480014995, 48.753240740038265 ], [ -114.884074072607774, 48.753240740038265 ], [ -114.884074072607774, 48.753333332630959 ], [ -114.884166665200553, 48.753333332630959 ], [ -114.884166665200553, 48.753425925223645 ], [ -114.884259257793332, 48.753425925223645 ], [ -114.884259257793332, 48.753518517816339 ], [ -114.884351850386111, 48.753518517816339 ], [ -114.884351850386111, 48.753611110409032 ], [ -114.884444442978875, 48.753611110409032 ], [ -114.884444442978875, 48.75379629559442 ], [ -114.884537035571654, 48.75379629559442 ], [ -114.884537035571654, 48.753888888187106 ], [ -114.884629628164433, 48.753888888187106 ], [ -114.884629628164433, 48.7539814807798 ], [ -114.884722220757212, 48.7539814807798 ], [ -114.884722220757212, 48.754074073372493 ], [ -114.884814813349976, 48.754074073372493 ], [ -114.884814813349976, 48.754166665965187 ], [ -114.884907405942755, 48.754166665965187 ], [ -114.884907405942755, 48.75425925855788 ], [ -114.884999998535534, 48.75425925855788 ], [ -114.884999998535534, 48.754351851150567 ], [ -114.885092591128313, 48.754351851150567 ], [ -114.885092591128313, 48.75444444374326 ], [ -114.885185183721077, 48.75444444374326 ], [ -114.885185183721077, 48.754537036335954 ], [ -114.885277776313856, 48.754537036335954 ], [ -114.885277776313856, 48.754629628928647 ], [ -114.885370368906635, 48.754629628928647 ], [ -114.885370368906635, 48.754722221521341 ], [ -114.885462961499414, 48.754722221521341 ], [ -114.885462961499414, 48.754907406706721 ], [ -114.885555554092178, 48.754907406706721 ], [ -114.885555554092178, 48.754999999299415 ], [ -114.885648146684957, 48.754999999299415 ], [ -114.885648146684957, 48.755092591892108 ], [ -114.885740739277736, 48.755092591892108 ], [ -114.885740739277736, 48.755185184484802 ], [ -114.885833331870515, 48.755185184484802 ], [ -114.885833331870515, 48.755277777077495 ], [ -114.88592592446328, 48.755277777077495 ], [ -114.88592592446328, 48.755370369670182 ], [ -114.886018517056058, 48.755370369670182 ], [ -114.886018517056058, 48.755462962262875 ], [ -114.886111109648837, 48.755462962262875 ], [ -114.886111109648837, 48.755555554855569 ], [ -114.886203702241616, 48.755555554855569 ], [ -114.886203702241616, 48.755648147448262 ], [ -114.886296294834381, 48.755648147448262 ], [ -114.886296294834381, 48.755740740040956 ], [ -114.886388887427159, 48.755740740040956 ], [ -114.886388887427159, 48.755833332633642 ], [ -114.886481480019938, 48.755833332633642 ], [ -114.886481480019938, 48.755925925226336 ], [ -114.886574072612717, 48.755925925226336 ], [ -114.886574072612717, 48.756111110411723 ], [ -114.886666665205482, 48.756111110411723 ], [ -114.886666665205482, 48.756203703004417 ], [ -114.886759257798261, 48.756203703004417 ], [ -114.886759257798261, 48.756296295597103 ], [ -114.886851850391039, 48.756296295597103 ], [ -114.886851850391039, 48.756388888189797 ], [ -114.886944442983818, 48.756388888189797 ], [ -114.886944442983818, 48.75648148078249 ], [ -114.887037035576583, 48.75648148078249 ], [ -114.887037035576583, 48.756574073375184 ], [ -114.887129628169362, 48.756574073375184 ], [ -114.887129628169362, 48.756666665967877 ], [ -114.887222220762141, 48.756666665967877 ], [ -114.887222220762141, 48.756759258560564 ], [ -114.887314813354919, 48.756759258560564 ], [ -114.887314813354919, 48.756851851153257 ], [ -114.887407405947684, 48.756851851153257 ], [ -114.887407405947684, 48.756944443745951 ], [ -114.887499998540463, 48.756944443745951 ], [ -114.887499998540463, 48.757037036338644 ], [ -114.887592591133242, 48.757037036338644 ], [ -114.887592591133242, 48.757129628931338 ], [ -114.88768518372602, 48.757129628931338 ], [ -114.88768518372602, 48.757314814116718 ], [ -114.887777776318799, 48.757314814116718 ], [ -114.887777776318799, 48.757407406709412 ], [ -114.887870368911564, 48.757407406709412 ], [ -114.887870368911564, 48.757499999302105 ], [ -114.887962961504343, 48.757499999302105 ], [ -114.887962961504343, 48.757592591894799 ], [ -114.888055554097122, 48.757592591894799 ], [ -114.888055554097122, 48.757685184487492 ], [ -114.8881481466899, 48.757685184487492 ], [ -114.8881481466899, 48.757777777080179 ], [ -114.888240739282665, 48.757777777080179 ], [ -114.888240739282665, 48.757870369672872 ], [ -114.888333331875444, 48.757870369672872 ], [ -114.888333331875444, 48.757962962265566 ], [ -114.888425924468223, 48.757962962265566 ], [ -114.888425924468223, 48.758055554858259 ], [ -114.888518517061001, 48.758055554858259 ], [ -114.888518517061001, 48.758148147450953 ], [ -114.888611109653766, 48.758148147450953 ], [ -114.888611109653766, 48.75824074004364 ], [ -114.888703702246545, 48.75824074004364 ], [ -114.888703702246545, 48.758425925229027 ], [ -114.888796294839324, 48.758425925229027 ], [ -114.888796294839324, 48.75851851782172 ], [ -114.888888887432103, 48.75851851782172 ], [ -114.888888887432103, 48.758611110414414 ], [ -114.888981480024867, 48.758611110414414 ], [ -114.888981480024867, 48.7587037030071 ], [ -114.889074072617646, 48.7587037030071 ], [ -114.889074072617646, 48.758796295599794 ], [ -114.889166665210425, 48.758796295599794 ], [ -114.889166665210425, 48.758888888192487 ], [ -114.889259257803204, 48.758888888192487 ], [ -114.889259257803204, 48.758981480785181 ], [ -114.889351850395968, 48.758981480785181 ], [ -114.889351850395968, 48.759074073377874 ], [ -114.889444442988747, 48.759074073377874 ], [ -114.889444442988747, 48.759166665970561 ], [ -114.889537035581526, 48.759166665970561 ], [ -114.889537035581526, 48.759259258563254 ], [ -114.889629628174305, 48.759259258563254 ], [ -114.889629628174305, 48.759351851155948 ], [ -114.889722220767069, 48.759351851155948 ], [ -114.889722220767069, 48.759444443748642 ], [ -114.889814813359848, 48.759444443748642 ], [ -114.889814813359848, 48.759629628934022 ], [ -114.889907405952627, 48.759629628934022 ], [ -114.889907405952627, 48.759722221526715 ], [ -114.889999998545406, 48.759722221526715 ], [ -114.889999998545406, 48.759814814119409 ], [ -114.890092591138171, 48.759814814119409 ], [ -114.890092591138171, 48.759907406712102 ], [ -114.890185183730949, 48.759907406712102 ], [ -114.890185183730949, 48.759999999304796 ], [ -114.890277776323728, 48.759999999304796 ], [ -114.890277776323728, 48.760092591897489 ], [ -114.890370368916507, 48.760092591897489 ], [ -114.890370368916507, 48.760185184490176 ], [ -114.890462961509272, 48.760185184490176 ], [ -114.890462961509272, 48.760277777082869 ], [ -114.89055555410205, 48.760277777082869 ], [ -114.89055555410205, 48.760370369675563 ], [ -114.890648146694829, 48.760370369675563 ], [ -114.890648146694829, 48.760462962268257 ], [ -114.890740739287608, 48.760462962268257 ], [ -114.890740739287608, 48.76055555486095 ], [ -114.890833331880387, 48.76055555486095 ], [ -114.890833331880387, 48.760648147453637 ], [ -114.890925924473152, 48.760648147453637 ], [ -114.890925924473152, 48.76074074004633 ], [ -114.891111109658709, 48.76074074004633 ], [ -114.891111109658709, 48.760833332639024 ], [ -114.891203702251488, 48.760833332639024 ], [ -114.891203702251488, 48.760925925231717 ], [ -114.891296294844253, 48.760925925231717 ], [ -114.891296294844253, 48.761018517824411 ], [ -114.891388887437031, 48.761018517824411 ], [ -114.891388887437031, 48.761111110417097 ], [ -114.89148148002981, 48.761111110417097 ], [ -114.89148148002981, 48.761203703009791 ], [ -114.891574072622589, 48.761203703009791 ], [ -114.891574072622589, 48.761296295602484 ], [ -114.891759257808133, 48.761296295602484 ], [ -114.891759257808133, 48.761388888195178 ], [ -114.89194444299369, 48.761388888195178 ], [ -114.89194444299369, 48.761481480787872 ], [ -114.892129628179234, 48.761481480787872 ], [ -114.892129628179234, 48.761574073380558 ], [ -114.892314813364791, 48.761574073380558 ], [ -114.892314813364791, 48.761666665973252 ], [ -114.892407405957556, 48.761666665973252 ], [ -114.892407405957556, 48.761759258565945 ], [ -114.892592591143114, 48.761759258565945 ], [ -114.892592591143114, 48.761851851158639 ], [ -114.892777776328657, 48.761851851158639 ], [ -114.892777776328657, 48.761944443751332 ], [ -114.892962961514215, 48.761944443751332 ], [ -114.892962961514215, 48.762037036344026 ], [ -114.893148146699758, 48.762037036344026 ], [ -114.893148146699758, 48.762129628936712 ], [ -114.893425924478095, 48.762129628936712 ], [ -114.893425924478095, 48.762222221529406 ], [ -114.893703702256417, 48.762222221529406 ], [ -114.893703702256417, 48.762314814122099 ], [ -114.893981480034739, 48.762314814122099 ], [ -114.893981480034739, 48.762407406714793 ], [ -114.894259257813076, 48.762407406714793 ], [ -114.894259257813076, 48.762499999307487 ], [ -114.894537035591398, 48.762499999307487 ], [ -114.894537035591398, 48.762592591900173 ], [ -114.89481481336972, 48.762592591900173 ], [ -114.89481481336972, 48.762685184492867 ], [ -114.895092591148043, 48.762685184492867 ], [ -114.895092591148043, 48.76277777708556 ], [ -114.895370368926379, 48.76277777708556 ], [ -114.895370368926379, 48.762870369678254 ], [ -114.895462961519144, 48.762870369678254 ], [ -114.895462961519144, 48.762962962270947 ], [ -114.895648146704701, 48.762962962270947 ], [ -114.895648146704701, 48.763055554863634 ], [ -114.89574073929748, 48.763055554863634 ], [ -114.89574073929748, 48.763148147456327 ], [ -114.895925924483024, 48.763148147456327 ], [ -114.895925924483024, 48.763240740049021 ], [ -114.896018517075802, 48.763240740049021 ], [ -114.896018517075802, 48.763333332641714 ], [ -114.896203702261346, 48.763333332641714 ], [ -114.896203702261346, 48.763425925234408 ], [ -114.896296294854125, 48.763425925234408 ], [ -114.896296294854125, 48.763611110419788 ], [ -114.896388887446903, 48.763611110419788 ], [ -114.896388887446903, 48.763703703012482 ], [ -114.896481480039682, 48.763703703012482 ], [ -114.896481480039682, 48.763796295605175 ], [ -114.896574072632447, 48.763796295605175 ], [ -114.896574072632447, 48.763888888197869 ], [ -114.896666665225226, 48.763888888197869 ], [ -114.896666665225226, 48.763981480790555 ], [ -114.896759257818005, 48.763981480790555 ], [ -114.896759257818005, 48.764074073383249 ], [ -114.896851850410783, 48.764074073383249 ], [ -114.896851850410783, 48.764166665975942 ], [ -114.896944443003548, 48.764166665975942 ], [ -114.896944443003548, 48.764259258568636 ], [ -114.897037035596327, 48.764259258568636 ], [ -114.897037035596327, 48.764444443754023 ], [ -114.897129628189106, 48.764444443754023 ], [ -114.897129628189106, 48.764537036346709 ], [ -114.897222220781885, 48.764537036346709 ], [ -114.897222220781885, 48.764629628939403 ], [ -114.897314813374663, 48.764629628939403 ], [ -114.897314813374663, 48.76481481412479 ], [ -114.897407405967428, 48.76481481412479 ], [ -114.897407405967428, 48.764907406717484 ], [ -114.897499998560207, 48.764907406717484 ], [ -114.897499998560207, 48.765092591902864 ], [ -114.897592591152986, 48.765092591902864 ], [ -114.897592591152986, 48.765277777088251 ], [ -114.897685183745764, 48.765277777088251 ], [ -114.897685183745764, 48.765462962273631 ], [ -114.897777776338529, 48.765462962273631 ], [ -114.897777776338529, 48.765555554866324 ], [ -114.897870368931308, 48.765555554866324 ], [ -114.897870368931308, 48.765740740051712 ], [ -114.897962961524087, 48.765740740051712 ], [ -114.897962961524087, 48.765925925237092 ], [ -114.898055554116866, 48.765925925237092 ], [ -114.898055554116866, 48.766018517829785 ], [ -114.89814814670963, 48.766018517829785 ], [ -114.89814814670963, 48.766203703015172 ], [ -114.898240739302409, 48.766203703015172 ], [ -114.898240739302409, 48.766388888200559 ], [ -114.898333331895188, 48.766388888200559 ], [ -114.898333331895188, 48.766481480793246 ], [ -114.898425924487967, 48.766481480793246 ], [ -114.898425924487967, 48.766666665978633 ], [ -114.898518517080731, 48.766666665978633 ], [ -114.898518517080731, 48.76685185116402 ], [ -114.89861110967351, 48.76685185116402 ], [ -114.89861110967351, 48.766944443756707 ], [ -114.898703702266289, 48.766944443756707 ], [ -114.898703702266289, 48.767129628942094 ], [ -114.898796294859068, 48.767129628942094 ], [ -114.898796294859068, 48.767314814127481 ], [ -114.898888887451832, 48.767314814127481 ], [ -114.898888887451832, 48.767407406720167 ], [ -114.898981480044611, 48.767407406720167 ], [ -114.898981480044611, 48.767592591905554 ], [ -114.89907407263739, 48.767592591905554 ], [ -114.89907407263739, 48.767777777090942 ], [ -114.899166665230169, 48.767777777090942 ], [ -114.899166665230169, 48.767870369683628 ], [ -114.899259257822933, 48.767870369683628 ], [ -114.899259257822933, 48.768055554869015 ], [ -114.899351850415712, 48.768055554869015 ], [ -114.899351850415712, 48.768240740054402 ], [ -114.899444443008491, 48.768240740054402 ], [ -114.899444443008491, 48.768425925239782 ], [ -114.89953703560127, 48.768425925239782 ], [ -114.89953703560127, 48.768518517832476 ], [ -114.899629628194035, 48.768518517832476 ], [ -114.899629628194035, 48.768703703017863 ], [ -114.899722220786813, 48.768703703017863 ], [ -114.899722220786813, 48.768888888203243 ], [ -114.899814813379592, 48.768888888203243 ], [ -114.899814813379592, 48.768981480795937 ], [ -114.899907405972371, 48.768981480795937 ], [ -114.899907405972371, 48.769166665981324 ], [ -114.899999998565136, 48.769166665981324 ], [ -114.899999998565136, 48.769351851166704 ], [ -114.900092591157915, 48.769351851166704 ], [ -114.900092591157915, 48.769444443759397 ], [ -114.900185183750693, 48.769444443759397 ], [ -114.900185183750693, 48.769629628944784 ], [ -114.900277776343472, 48.769629628944784 ], [ -114.900277776343472, 48.769814814130164 ], [ -114.900370368936251, 48.769814814130164 ], [ -114.900370368936251, 48.769907406722858 ], [ -114.900462961529016, 48.769907406722858 ], [ -114.900462961529016, 48.770092591908245 ], [ -114.900555554121794, 48.770092591908245 ], [ -114.900555554121794, 48.770277777093625 ], [ -114.900648146714573, 48.770277777093625 ], [ -114.900648146714573, 48.770370369686319 ], [ -114.900740739307352, 48.770370369686319 ], [ -114.900740739307352, 48.770555554871706 ], [ -114.900833331900117, 48.770555554871706 ], [ -114.900833331900117, 48.770740740057086 ], [ -114.900925924492896, 48.770740740057086 ], [ -114.900925924492896, 48.770925925242473 ], [ -114.901018517085674, 48.770925925242473 ], [ -114.901018517085674, 48.771203703020554 ], [ -114.901111109678453, 48.771203703020554 ], [ -114.901111109678453, 48.771481480798627 ], [ -114.901203702271218, 48.771481480798627 ], [ -114.901203702271218, 48.771759258576701 ], [ -114.901296294863997, 48.771759258576701 ], [ -114.901296294863997, 48.772037036354781 ], [ -114.901388887456775, 48.772037036354781 ], [ -114.901388887456775, 48.772222221540162 ], [ -114.901481480049554, 48.772222221540162 ], [ -114.901481480049554, 48.772499999318242 ], [ -114.901574072642319, 48.772499999318242 ], [ -114.901574072642319, 48.772777777096316 ], [ -114.901666665235098, 48.772777777096316 ], [ -114.901666665235098, 48.773055554874396 ], [ -114.901759257827877, 48.773055554874396 ], [ -114.901759257827877, 48.77333333265247 ], [ -114.901851850420655, 48.77333333265247 ], [ -114.901851850420655, 48.773611110430551 ], [ -114.90194444301342, 48.773611110430551 ], [ -114.90194444301342, 48.773888888208624 ], [ -114.902037035606199, 48.773888888208624 ], [ -114.902037035606199, 48.774074073394011 ], [ -114.902129628198978, 48.774074073394011 ], [ -114.902129628198978, 48.774351851172085 ], [ -114.902222220791757, 48.774351851172085 ], [ -114.902222220791757, 48.774629628950159 ], [ -114.902314813384521, 48.774629628950159 ], [ -114.902314813384521, 48.774907406728239 ], [ -114.9024074059773, 48.774907406728239 ], [ -114.9024074059773, 48.775185184506313 ], [ -114.902499998570079, 48.775185184506313 ], [ -114.902499998570079, 48.775462962284394 ], [ -114.902592591162858, 48.775462962284394 ], [ -114.902592591162858, 48.775740740062467 ], [ -114.902685183755622, 48.775740740062467 ], [ -114.902685183755622, 48.775925925247854 ], [ -114.902777776348401, 48.775925925247854 ], [ -114.902777776348401, 48.776018517840548 ], [ -114.90287036894118, 48.776018517840548 ], [ -114.90287036894118, 48.776111110433234 ], [ -114.902962961533959, 48.776111110433234 ], [ -114.902962961533959, 48.776296295618621 ], [ -114.903055554126723, 48.776296295618621 ], [ -114.903055554126723, 48.776388888211315 ], [ -114.903148146719502, 48.776388888211315 ], [ -114.903148146719502, 48.776574073396695 ], [ -114.903240739312281, 48.776574073396695 ], [ -114.903240739312281, 48.776666665989389 ], [ -114.90333333190506, 48.776666665989389 ], [ -114.90333333190506, 48.776851851174776 ], [ -114.903425924497839, 48.776851851174776 ], [ -114.903425924497839, 48.776944443767469 ], [ -114.903518517090603, 48.776944443767469 ], [ -114.903518517090603, 48.777129628952849 ], [ -114.903611109683382, 48.777129628952849 ], [ -114.903611109683382, 48.777222221545543 ], [ -114.903703702276161, 48.777222221545543 ], [ -114.903703702276161, 48.777314814138236 ], [ -114.90379629486894, 48.777314814138236 ], [ -114.90379629486894, 48.777499999323624 ], [ -114.903888887461704, 48.777499999323624 ], [ -114.903888887461704, 48.77759259191631 ], [ -114.903981480054483, 48.77759259191631 ], [ -114.903981480054483, 48.777777777101697 ], [ -114.904074072647262, 48.777777777101697 ], [ -114.904074072647262, 48.777870369694391 ], [ -114.904166665240041, 48.777870369694391 ], [ -114.904166665240041, 48.777962962287084 ], [ -114.904259257832805, 48.777962962287084 ], [ -114.904259257832805, 48.778055554879771 ], [ -114.904351850425584, 48.778055554879771 ], [ -114.904351850425584, 48.778148147472464 ], [ -114.904537035611142, 48.778148147472464 ], [ -114.904537035611142, 48.778240740065158 ], [ -114.904629628203907, 48.778240740065158 ], [ -114.904629628203907, 48.778333332657851 ], [ -114.904722220796685, 48.778333332657851 ], [ -114.904722220796685, 48.778425925250545 ], [ -114.904814813389464, 48.778425925250545 ], [ -114.904814813389464, 48.778518517843231 ], [ -114.904907405982243, 48.778518517843231 ], [ -114.904907405982243, 48.778611110435925 ], [ -114.904999998575008, 48.778611110435925 ], [ -114.904999998575008, 48.778703703028619 ], [ -114.905185183760565, 48.778703703028619 ], [ -114.905185183760565, 48.778796295621312 ], [ -114.905277776353344, 48.778796295621312 ], [ -114.905277776353344, 48.778888888214006 ], [ -114.905370368946109, 48.778888888214006 ], [ -114.905370368946109, 48.778981480806692 ], [ -114.905555554131666, 48.778981480806692 ], [ -114.905555554131666, 48.779074073399386 ], [ -114.90574073931721, 48.779074073399386 ], [ -114.90574073931721, 48.779166665992079 ], [ -114.905925924502768, 48.779166665992079 ], [ -114.905925924502768, 48.779259258584773 ], [ -114.90620370228109, 48.779259258584773 ], [ -114.90620370228109, 48.779351851177466 ], [ -114.906388887466647, 48.779351851177466 ], [ -114.906388887466647, 48.779444443770153 ], [ -114.906574072652191, 48.779444443770153 ], [ -114.906574072652191, 48.779537036362846 ], [ -114.906759257837749, 48.779537036362846 ], [ -114.906759257837749, 48.77962962895554 ], [ -114.906944443023292, 48.77962962895554 ], [ -114.906944443023292, 48.779722221548234 ], [ -114.90712962820885, 48.779722221548234 ], [ -114.90712962820885, 48.779814814140927 ], [ -114.907314813394393, 48.779814814140927 ], [ -114.907314813394393, 48.779907406733621 ], [ -114.90759259117273, 48.779907406733621 ], [ -114.90759259117273, 48.779999999326307 ], [ -114.907962961543831, 48.779999999326307 ], [ -114.907962961543831, 48.780092591919001 ], [ -114.908333331914932, 48.780092591919001 ], [ -114.908333331914932, 48.780185184511694 ], [ -114.908796294878798, 48.780185184511694 ], [ -114.908796294878798, 48.780277777104388 ], [ -114.909166665249899, 48.780277777104388 ], [ -114.909166665249899, 48.780370369697081 ], [ -114.909537035621, 48.780370369697081 ], [ -114.909537035621, 48.780462962289768 ], [ -114.90999999858488, 48.780462962289768 ], [ -114.90999999858488, 48.780555554882461 ], [ -114.910370368955981, 48.780555554882461 ], [ -114.910370368955981, 48.780648147475155 ], [ -114.910740739327082, 48.780648147475155 ], [ -114.910740739327082, 48.780740740067849 ], [ -114.911388887476519, 48.780740740067849 ], [ -114.911388887476519, 48.780833332660542 ], [ -114.912222220811486, 48.780833332660542 ], [ -114.912222220811486, 48.780925925253229 ], [ -114.914074072667006, 48.780925925253229 ], [ -114.914074072667006, 48.780833332660542 ], [ -114.916666665264714, 48.780833332660542 ], [ -114.916666665264714, 48.780925925253229 ], [ -114.917222220821358, 48.780925925253229 ], [ -114.917222220821358, 48.781018517845922 ], [ -114.917777776378017, 48.781018517845922 ], [ -114.917777776378017, 48.781111110438616 ], [ -114.918055554156339, 48.781111110438616 ], [ -114.918055554156339, 48.781203703031309 ], [ -114.918333331934662, 48.781203703031309 ], [ -114.918333331934662, 48.781296295624003 ], [ -114.918611109712998, 48.781296295624003 ], [ -114.918611109712998, 48.781388888216689 ], [ -114.91888888749132, 48.781388888216689 ], [ -114.91888888749132, 48.781481480809383 ], [ -114.919074072676864, 48.781481480809383 ], [ -114.919074072676864, 48.781574073402076 ], [ -114.919259257862421, 48.781574073402076 ], [ -114.919259257862421, 48.78166666599477 ], [ -114.919444443047979, 48.78166666599477 ], [ -114.919444443047979, 48.781759258587464 ], [ -114.919722220826301, 48.781759258587464 ], [ -114.919722220826301, 48.781851851180157 ], [ -114.919907406011845, 48.781851851180157 ], [ -114.919907406011845, 48.781944443772844 ], [ -114.920092591197402, 48.781944443772844 ], [ -114.920092591197402, 48.782037036365537 ], [ -114.920277776382946, 48.782037036365537 ], [ -114.920277776382946, 48.782129628958231 ], [ -114.920462961568504, 48.782129628958231 ], [ -114.920462961568504, 48.782222221550924 ], [ -114.920740739346826, 48.782222221550924 ], [ -114.920740739346826, 48.782314814143618 ], [ -114.920925924532384, 48.782314814143618 ], [ -114.920925924532384, 48.782407406736304 ], [ -114.921111109717927, 48.782407406736304 ], [ -114.921111109717927, 48.782499999328998 ], [ -114.921296294903485, 48.782499999328998 ], [ -114.921296294903485, 48.782592591921691 ], [ -114.921481480089028, 48.782592591921691 ], [ -114.921481480089028, 48.782685184514385 ], [ -114.921666665274586, 48.782685184514385 ], [ -114.921666665274586, 48.782777777107079 ], [ -114.921944443052908, 48.782777777107079 ], [ -114.921944443052908, 48.782870369699765 ], [ -114.922129628238451, 48.782870369699765 ], [ -114.922129628238451, 48.782962962292459 ], [ -114.922314813424009, 48.782962962292459 ], [ -114.922314813424009, 48.783055554885152 ], [ -114.922499998609567, 48.783055554885152 ], [ -114.922499998609567, 48.783148147477846 ], [ -114.92268518379511, 48.783148147477846 ], [ -114.92268518379511, 48.783240740070539 ], [ -114.922870368980668, 48.783240740070539 ], [ -114.922870368980668, 48.783333332663226 ], [ -114.923055554166211, 48.783333332663226 ], [ -114.923055554166211, 48.783425925255919 ], [ -114.923240739351769, 48.783425925255919 ], [ -114.923240739351769, 48.783518517848613 ], [ -114.923425924537312, 48.783518517848613 ], [ -114.923425924537312, 48.783611110441306 ], [ -114.92361110972287, 48.783611110441306 ], [ -114.92361110972287, 48.783703703034 ], [ -114.923796294908414, 48.783703703034 ], [ -114.923796294908414, 48.783796295626686 ], [ -114.923981480093971, 48.783796295626686 ], [ -114.923981480093971, 48.78388888821938 ], [ -114.924166665279515, 48.78388888821938 ], [ -114.924166665279515, 48.783981480812074 ], [ -114.924351850465072, 48.783981480812074 ], [ -114.924351850465072, 48.784074073404767 ], [ -114.924537035650616, 48.784074073404767 ], [ -114.924537035650616, 48.784166665997461 ], [ -114.924722220836173, 48.784166665997461 ], [ -114.924722220836173, 48.784259258590154 ], [ -114.924907406021717, 48.784259258590154 ], [ -114.924907406021717, 48.784351851182841 ], [ -114.925092591207274, 48.784351851182841 ], [ -114.925092591207274, 48.784444443775534 ], [ -114.925277776392818, 48.784444443775534 ], [ -114.925277776392818, 48.784537036368228 ], [ -114.925462961578376, 48.784537036368228 ], [ -114.925462961578376, 48.784629628960921 ], [ -114.925555554171154, 48.784629628960921 ], [ -114.925555554171154, 48.784722221553615 ], [ -114.925740739356698, 48.784722221553615 ], [ -114.925740739356698, 48.784814814146301 ], [ -114.925925924542256, 48.784814814146301 ], [ -114.925925924542256, 48.784907406738995 ], [ -114.926111109727799, 48.784907406738995 ], [ -114.926111109727799, 48.784999999331689 ], [ -114.926296294913357, 48.784999999331689 ], [ -114.926296294913357, 48.785092591924382 ], [ -114.926388887506121, 48.785092591924382 ], [ -114.926388887506121, 48.785185184517076 ], [ -114.926574072691679, 48.785185184517076 ], [ -114.926574072691679, 48.785277777109762 ], [ -114.926666665284458, 48.785277777109762 ], [ -114.926666665284458, 48.785370369702456 ], [ -114.926851850470001, 48.785370369702456 ], [ -114.926851850470001, 48.785462962295149 ], [ -114.927037035655559, 48.785462962295149 ], [ -114.927037035655559, 48.785555554887843 ], [ -114.927129628248323, 48.785555554887843 ], [ -114.927129628248323, 48.785648147480536 ], [ -114.927314813433881, 48.785648147480536 ], [ -114.927314813433881, 48.785740740073223 ], [ -114.927499998619425, 48.785740740073223 ], [ -114.927499998619425, 48.785833332665916 ], [ -114.927592591212203, 48.785833332665916 ], [ -114.927592591212203, 48.78592592525861 ], [ -114.927777776397761, 48.78592592525861 ], [ -114.927777776397761, 48.786018517851303 ], [ -114.927962961583304, 48.786018517851303 ], [ -114.927962961583304, 48.786111110443997 ], [ -114.928055554176083, 48.786111110443997 ], [ -114.928055554176083, 48.786203703036684 ], [ -114.928240739361627, 48.786203703036684 ], [ -114.928240739361627, 48.786296295629377 ], [ -114.928333331954406, 48.786296295629377 ], [ -114.928333331954406, 48.786481480814764 ], [ -114.928425924547184, 48.786481480814764 ], [ -114.928425924547184, 48.786574073407458 ], [ -114.928518517139963, 48.786574073407458 ], [ -114.928518517139963, 48.786759258592838 ], [ -114.928611109732728, 48.786759258592838 ], [ -114.928611109732728, 48.786851851185531 ], [ -114.928703702325507, 48.786851851185531 ], [ -114.928703702325507, 48.787037036370918 ], [ -114.928796294918286, 48.787037036370918 ], [ -114.928796294918286, 48.787222221556299 ], [ -114.928888887511064, 48.787222221556299 ], [ -114.928888887511064, 48.787314814148992 ], [ -114.928981480103843, 48.787314814148992 ], [ -114.928981480103843, 48.787499999334379 ], [ -114.929074072696608, 48.787499999334379 ], [ -114.929074072696608, 48.787592591927073 ], [ -114.929166665289387, 48.787592591927073 ], [ -114.929166665289387, 48.787777777112453 ], [ -114.929259257882165, 48.787777777112453 ], [ -114.929259257882165, 48.787870369705146 ], [ -114.929351850474944, 48.787870369705146 ], [ -114.929351850474944, 48.788055554890533 ], [ -114.929444443067709, 48.788055554890533 ], [ -114.929444443067709, 48.788240740075913 ], [ -114.929537035660488, 48.788240740075913 ], [ -114.929537035660488, 48.788333332668607 ], [ -114.929629628253267, 48.788333332668607 ], [ -114.929629628253267, 48.788518517853994 ], [ -114.929722220846045, 48.788518517853994 ], [ -114.929722220846045, 48.788611110446688 ], [ -114.92981481343881, 48.788611110446688 ], [ -114.92981481343881, 48.788796295632068 ], [ -114.929907406031589, 48.788796295632068 ], [ -114.929907406031589, 48.788888888224761 ], [ -114.929999998624368, 48.788888888224761 ], [ -114.929999998624368, 48.788981480817455 ], [ -114.930092591217146, 48.788981480817455 ], [ -114.930092591217146, 48.789074073410148 ], [ -114.930185183809911, 48.789074073410148 ], [ -114.930185183809911, 48.789166666002835 ], [ -114.930370368995469, 48.789166666002835 ], [ -114.930370368995469, 48.789259258595528 ], [ -114.930462961588248, 48.789259258595528 ], [ -114.930462961588248, 48.789351851188222 ], [ -114.930648146773791, 48.789351851188222 ], [ -114.930648146773791, 48.789444443780916 ], [ -114.93074073936657, 48.789444443780916 ], [ -114.93074073936657, 48.789537036373609 ], [ -114.930925924552113, 48.789537036373609 ], [ -114.930925924552113, 48.789629628966296 ], [ -114.931018517144892, 48.789629628966296 ], [ -114.931018517144892, 48.789722221558989 ], [ -114.93120370233045, 48.789722221558989 ], [ -114.93120370233045, 48.789814814151683 ], [ -114.931296294923214, 48.789814814151683 ], [ -114.931296294923214, 48.789907406744376 ], [ -114.931481480108772, 48.789907406744376 ], [ -114.931481480108772, 48.78999999933707 ], [ -114.931574072701551, 48.78999999933707 ], [ -114.931574072701551, 48.790092591929756 ], [ -114.931759257887094, 48.790092591929756 ], [ -114.931759257887094, 48.79018518452245 ], [ -114.931944443072652, 48.79018518452245 ], [ -114.931944443072652, 48.790277777115143 ], [ -114.932037035665431, 48.790277777115143 ], [ -114.932037035665431, 48.790370369707837 ], [ -114.932222220850974, 48.790370369707837 ], [ -114.932222220850974, 48.790462962300531 ], [ -114.932407406036532, 48.790462962300531 ], [ -114.932407406036532, 48.790555554893217 ], [ -114.932592591222075, 48.790555554893217 ], [ -114.932592591222075, 48.790648147485911 ], [ -114.932777776407633, 48.790648147485911 ], [ -114.932777776407633, 48.790740740078604 ], [ -114.932962961593176, 48.790740740078604 ], [ -114.932962961593176, 48.790833332671298 ], [ -114.933055554185955, 48.790833332671298 ], [ -114.933055554185955, 48.790925925263991 ], [ -114.933240739371499, 48.790925925263991 ], [ -114.933240739371499, 48.791018517856685 ], [ -114.933425924557056, 48.791018517856685 ], [ -114.933425924557056, 48.791111110449371 ], [ -114.9336111097426, 48.791111110449371 ], [ -114.9336111097426, 48.791203703042065 ], [ -114.933796294928158, 48.791203703042065 ], [ -114.933796294928158, 48.791296295634758 ], [ -114.933888887520936, 48.791296295634758 ], [ -114.933888887520936, 48.791388888227452 ], [ -114.93407407270648, 48.791388888227452 ], [ -114.93407407270648, 48.791481480820146 ], [ -114.934259257892037, 48.791481480820146 ], [ -114.934259257892037, 48.791574073412832 ], [ -114.934444443077581, 48.791574073412832 ], [ -114.934444443077581, 48.791666666005526 ], [ -114.934629628263139, 48.791666666005526 ], [ -114.934629628263139, 48.791759258598219 ], [ -114.934814813448682, 48.791759258598219 ], [ -114.934814813448682, 48.791851851190913 ], [ -114.934907406041461, 48.791851851190913 ], [ -114.934907406041461, 48.791944443783606 ], [ -114.935092591227018, 48.791944443783606 ], [ -114.935092591227018, 48.792037036376293 ], [ -114.935277776412562, 48.792037036376293 ], [ -114.935277776412562, 48.792129628968986 ], [ -114.93546296159812, 48.792129628968986 ], [ -114.93546296159812, 48.79222222156168 ], [ -114.935648146783663, 48.79222222156168 ], [ -114.935648146783663, 48.792314814154373 ], [ -114.935833331969221, 48.792314814154373 ], [ -114.935833331969221, 48.792407406747067 ], [ -114.935925924561985, 48.792407406747067 ], [ -114.935925924561985, 48.792499999339753 ], [ -114.936111109747543, 48.792499999339753 ], [ -114.936111109747543, 48.792592591932447 ], [ -114.936296294933086, 48.792592591932447 ], [ -114.936296294933086, 48.792685184525141 ], [ -114.936481480118644, 48.792685184525141 ], [ -114.936481480118644, 48.792777777117834 ], [ -114.936666665304188, 48.792777777117834 ], [ -114.936666665304188, 48.792870369710528 ], [ -114.936851850489745, 48.792870369710528 ], [ -114.936851850489745, 48.792962962303221 ], [ -114.936944443082524, 48.792962962303221 ], [ -114.936944443082524, 48.793055554895908 ], [ -114.937129628268067, 48.793055554895908 ], [ -114.937129628268067, 48.793148147488601 ], [ -114.937314813453625, 48.793148147488601 ], [ -114.937314813453625, 48.793240740081295 ], [ -114.937499998639169, 48.793240740081295 ], [ -114.937499998639169, 48.793333332673988 ], [ -114.937685183824726, 48.793333332673988 ], [ -114.937685183824726, 48.793425925266682 ], [ -114.93787036901027, 48.793425925266682 ], [ -114.93787036901027, 48.793518517859368 ], [ -114.937962961603048, 48.793518517859368 ], [ -114.937962961603048, 48.793611110452062 ], [ -114.938148146788606, 48.793611110452062 ], [ -114.938148146788606, 48.793703703044756 ], [ -114.93833333197415, 48.793703703044756 ], [ -114.93833333197415, 48.793796295637449 ], [ -114.938518517159707, 48.793796295637449 ], [ -114.938518517159707, 48.793888888230143 ], [ -114.938703702345251, 48.793888888230143 ], [ -114.938703702345251, 48.793981480822829 ], [ -114.93879629493803, 48.793981480822829 ], [ -114.93879629493803, 48.794074073415523 ], [ -114.938981480123573, 48.794074073415523 ], [ -114.938981480123573, 48.794166666008216 ], [ -114.939074072716352, 48.794166666008216 ], [ -114.939074072716352, 48.79425925860091 ], [ -114.939259257901909, 48.79425925860091 ], [ -114.939259257901909, 48.794351851193603 ], [ -114.939444443087453, 48.794351851193603 ], [ -114.939444443087453, 48.79444444378629 ], [ -114.939537035680232, 48.79444444378629 ], [ -114.939537035680232, 48.794537036378983 ], [ -114.939722220865775, 48.794537036378983 ], [ -114.939722220865775, 48.794629628971677 ], [ -114.939907406051333, 48.794629628971677 ], [ -114.939907406051333, 48.794722221564371 ], [ -114.939999998644112, 48.794722221564371 ], [ -114.939999998644112, 48.794814814157064 ], [ -114.940185183829655, 48.794814814157064 ], [ -114.940185183829655, 48.794907406749751 ], [ -114.940370369015213, 48.794907406749751 ], [ -114.940370369015213, 48.794999999342444 ], [ -114.940462961607977, 48.794999999342444 ], [ -114.940462961607977, 48.795092591935138 ], [ -114.940648146793535, 48.795092591935138 ], [ -114.940648146793535, 48.795185184527831 ], [ -114.940833331979078, 48.795185184527831 ], [ -114.940833331979078, 48.795277777120525 ], [ -114.940925924571857, 48.795277777120525 ], [ -114.940925924571857, 48.795370369713218 ], [ -114.941111109757415, 48.795370369713218 ], [ -114.941111109757415, 48.795462962305905 ], [ -114.941296294942958, 48.795462962305905 ], [ -114.941296294942958, 48.795555554898598 ], [ -114.941388887535737, 48.795555554898598 ], [ -114.941388887535737, 48.795648147491292 ], [ -114.941574072721295, 48.795648147491292 ], [ -114.941574072721295, 48.795740740083986 ], [ -114.941759257906838, 48.795740740083986 ], [ -114.941759257906838, 48.795833332676679 ], [ -114.941851850499617, 48.795833332676679 ], [ -114.941851850499617, 48.795925925269366 ], [ -114.942037035685161, 48.795925925269366 ], [ -114.942037035685161, 48.796018517862059 ], [ -114.942222220870718, 48.796018517862059 ], [ -114.942222220870718, 48.796111110454753 ], [ -114.942314813463497, 48.796111110454753 ], [ -114.942314813463497, 48.796203703047446 ], [ -114.942499998649041, 48.796203703047446 ], [ -114.942499998649041, 48.79629629564014 ], [ -114.942685183834598, 48.79629629564014 ], [ -114.942685183834598, 48.796388888232826 ], [ -114.942777776427363, 48.796388888232826 ], [ -114.942777776427363, 48.79648148082552 ], [ -114.94296296161292, 48.79648148082552 ], [ -114.94296296161292, 48.796574073418213 ], [ -114.943055554205699, 48.796574073418213 ], [ -114.943055554205699, 48.796666666010907 ], [ -114.943240739391243, 48.796666666010907 ], [ -114.943240739391243, 48.796759258603601 ], [ -114.9434259245768, 48.796759258603601 ], [ -114.9434259245768, 48.796851851196287 ], [ -114.943518517169565, 48.796851851196287 ], [ -114.943518517169565, 48.796944443788981 ], [ -114.943703702355123, 48.796944443788981 ], [ -114.943703702355123, 48.797037036381674 ], [ -114.943888887540666, 48.797037036381674 ], [ -114.943888887540666, 48.797129628974368 ], [ -114.943981480133445, 48.797129628974368 ], [ -114.943981480133445, 48.797222221567061 ], [ -114.944166665319003, 48.797222221567061 ], [ -114.944166665319003, 48.797314814159748 ], [ -114.944351850504546, 48.797314814159748 ], [ -114.944351850504546, 48.797407406752441 ], [ -114.944444443097325, 48.797407406752441 ], [ -114.944444443097325, 48.797499999345135 ], [ -114.944629628282883, 48.797499999345135 ], [ -114.944629628282883, 48.797592591937828 ], [ -114.944814813468426, 48.797592591937828 ], [ -114.944814813468426, 48.797685184530522 ], [ -114.944907406061205, 48.797685184530522 ], [ -114.944907406061205, 48.797777777123216 ], [ -114.945092591246748, 48.797777777123216 ], [ -114.945092591246748, 48.797870369715902 ], [ -114.945277776432306, 48.797870369715902 ], [ -114.945277776432306, 48.797962962308596 ], [ -114.945370369025085, 48.797962962308596 ], [ -114.945370369025085, 48.798055554901289 ], [ -114.945555554210628, 48.798055554901289 ], [ -114.945555554210628, 48.798148147493983 ], [ -114.945740739396186, 48.798148147493983 ], [ -114.945740739396186, 48.798240740086676 ], [ -114.94583333198895, 48.798240740086676 ], [ -114.94583333198895, 48.798333332679363 ], [ -114.946018517174508, 48.798333332679363 ], [ -114.946018517174508, 48.798425925272056 ], [ -114.946203702360052, 48.798425925272056 ], [ -114.946203702360052, 48.79851851786475 ], [ -114.94629629495283, 48.79851851786475 ], [ -114.94629629495283, 48.798611110457443 ], [ -114.946481480138388, 48.798611110457443 ], [ -114.946481480138388, 48.798703703050137 ], [ -114.946666665323932, 48.798703703050137 ], [ -114.946666665323932, 48.798796295642823 ], [ -114.94675925791671, 48.798796295642823 ], [ -114.94675925791671, 48.798888888235517 ], [ -114.946944443102254, 48.798888888235517 ], [ -114.946944443102254, 48.798981480828211 ], [ -114.947129628287811, 48.798981480828211 ], [ -114.947129628287811, 48.799074073420904 ], [ -114.94722222088059, 48.799074073420904 ], [ -114.94722222088059, 48.799166666013598 ], [ -114.947407406066134, 48.799166666013598 ], [ -114.947407406066134, 48.799259258606284 ], [ -114.947499998658913, 48.799259258606284 ], [ -114.947499998658913, 48.799351851198978 ], [ -114.94768518384447, 48.799351851198978 ], [ -114.94768518384447, 48.799444443791671 ], [ -114.947870369030014, 48.799444443791671 ], [ -114.947870369030014, 48.799537036384365 ], [ -114.947962961622792, 48.799537036384365 ], [ -114.947962961622792, 48.799629628977058 ], [ -114.948148146808336, 48.799629628977058 ], [ -114.948148146808336, 48.799722221569752 ], [ -114.948333331993894, 48.799722221569752 ], [ -114.948333331993894, 48.799814814162438 ], [ -114.948425924586672, 48.799814814162438 ], [ -114.948425924586672, 48.799907406755132 ], [ -114.948518517179437, 48.799907406755132 ], [ -114.948518517179437, 48.799999999347826 ], [ -114.948611109772216, 48.799999999347826 ], [ -114.948611109772216, 48.800092591940519 ], [ -114.948703702364995, 48.800092591940519 ], [ -114.948703702364995, 48.800185184533213 ], [ -114.948888887550538, 48.800185184533213 ], [ -114.948888887550538, 48.800277777125899 ], [ -114.948981480143317, 48.800277777125899 ], [ -114.948981480143317, 48.800370369718593 ], [ -114.949074072736096, 48.800370369718593 ], [ -114.949074072736096, 48.800462962311286 ], [ -114.949166665328875, 48.800462962311286 ], [ -114.949166665328875, 48.80055555490398 ], [ -114.949259257921639, 48.80055555490398 ], [ -114.949259257921639, 48.80074074008936 ], [ -114.949351850514418, 48.80074074008936 ], [ -114.949351850514418, 48.800833332682053 ], [ -114.949444443107197, 48.800833332682053 ], [ -114.949444443107197, 48.800925925274747 ], [ -114.949537035699976, 48.800925925274747 ], [ -114.949537035699976, 48.801111110460134 ], [ -114.94962962829274, 48.801111110460134 ], [ -114.94962962829274, 48.801203703052821 ], [ -114.949722220885519, 48.801203703052821 ], [ -114.949722220885519, 48.801388888238208 ], [ -114.949814813478298, 48.801388888238208 ], [ -114.949814813478298, 48.801481480830901 ], [ -114.949907406071077, 48.801481480830901 ], [ -114.949907406071077, 48.801574073423595 ], [ -114.949999998663841, 48.801574073423595 ], [ -114.949999998663841, 48.801759258608975 ], [ -114.95009259125662, 48.801759258608975 ], [ -114.95009259125662, 48.801851851201668 ], [ -114.950185183849399, 48.801851851201668 ], [ -114.950185183849399, 48.802037036387055 ], [ -114.950277776442178, 48.802037036387055 ], [ -114.950277776442178, 48.802129628979749 ], [ -114.950370369034943, 48.802129628979749 ], [ -114.950370369034943, 48.802222221572436 ], [ -114.950462961627721, 48.802222221572436 ], [ -114.950462961627721, 48.802407406757823 ], [ -114.9505555542205, 48.802407406757823 ], [ -114.9505555542205, 48.802499999350516 ], [ -114.950648146813279, 48.802499999350516 ], [ -114.950648146813279, 48.802685184535896 ], [ -114.950740739406044, 48.802685184535896 ], [ -114.950740739406044, 48.80277777712859 ], [ -114.950833331998822, 48.80277777712859 ], [ -114.950833331998822, 48.802870369721283 ], [ -114.950925924591601, 48.802870369721283 ], [ -114.950925924591601, 48.80305555490667 ], [ -114.95101851718438, 48.80305555490667 ], [ -114.95101851718438, 48.803148147499357 ], [ -114.951111109777159, 48.803148147499357 ], [ -114.951111109777159, 48.80324074009205 ], [ -114.951203702369924, 48.80324074009205 ], [ -114.951203702369924, 48.803425925277438 ], [ -114.951296294962702, 48.803425925277438 ], [ -114.951296294962702, 48.803518517870131 ], [ -114.951388887555481, 48.803518517870131 ], [ -114.951388887555481, 48.803796295648205 ], [ -114.95148148014826, 48.803796295648205 ], [ -114.95148148014826, 48.803981480833592 ], [ -114.951574072741025, 48.803981480833592 ], [ -114.951574072741025, 48.804166666018972 ], [ -114.951666665333804, 48.804166666018972 ], [ -114.951666665333804, 48.804351851204359 ], [ -114.951759257926582, 48.804351851204359 ], [ -114.951759257926582, 48.804537036389746 ], [ -114.951851850519361, 48.804537036389746 ], [ -114.951851850519361, 48.804722221575126 ], [ -114.951944443112126, 48.804722221575126 ], [ -114.951944443112126, 48.804999999353207 ], [ -114.952037035704905, 48.804999999353207 ], [ -114.952037035704905, 48.805185184538587 ], [ -114.952129628297683, 48.805185184538587 ], [ -114.952129628297683, 48.805370369723974 ], [ -114.952222220890462, 48.805370369723974 ], [ -114.952222220890462, 48.805555554909354 ], [ -114.952314813483227, 48.805555554909354 ], [ -114.952314813483227, 48.805740740094741 ], [ -114.952407406076006, 48.805740740094741 ], [ -114.952407406076006, 48.805925925280128 ], [ -114.952499998668785, 48.805925925280128 ], [ -114.952499998668785, 48.806203703058202 ], [ -114.952592591261563, 48.806203703058202 ], [ -114.952592591261563, 48.806666666021663 ], [ -114.952685183854328, 48.806666666021663 ], [ -114.952685183854328, 48.807129628985123 ], [ -114.952777776447107, 48.807129628985123 ], [ -114.952777776447107, 48.807685184541278 ], [ -114.952870369039886, 48.807685184541278 ], [ -114.952870369039886, 48.808148147504738 ], [ -114.952962961632664, 48.808148147504738 ], [ -114.952962961632664, 48.808703703060893 ], [ -114.953055554225429, 48.808703703060893 ], [ -114.953055554225429, 48.809259258617047 ], [ -114.953148146818208, 48.809259258617047 ], [ -114.953148146818208, 48.809722221580508 ], [ -114.953240739410987, 48.809722221580508 ], [ -114.953240739410987, 48.810277777136662 ], [ -114.953333332003766, 48.810277777136662 ], [ -114.953333332003766, 48.810740740100123 ], [ -114.95342592459653, 48.810740740100123 ], [ -114.95342592459653, 48.811296295656277 ], [ -114.953518517189309, 48.811296295656277 ], [ -114.953518517189309, 48.811851851212424 ], [ -114.953611109782088, 48.811851851212424 ], [ -114.953611109782088, 48.812314814175885 ], [ -114.953703702374867, 48.812314814175885 ], [ -114.953703702374867, 48.812870369732039 ], [ -114.953796294967631, 48.812870369732039 ], [ -114.953796294967631, 48.8133333326955 ], [ -114.95388888756041, 48.8133333326955 ], [ -114.95388888756041, 48.813888888251654 ], [ -114.953981480153189, 48.813888888251654 ], [ -114.953981480153189, 48.814444443807808 ], [ -114.954074072745968, 48.814444443807808 ], [ -114.954074072745968, 48.814907406771269 ], [ -114.954166665338747, 48.814907406771269 ], [ -114.954166665338747, 48.815462962327423 ], [ -114.954259257931511, 48.815462962327423 ], [ -114.954259257931511, 48.815925925290884 ], [ -114.95435185052429, 48.815925925290884 ], [ -114.95435185052429, 48.816481480847038 ], [ -114.954444443117069, 48.816481480847038 ], [ -114.954444443117069, 48.817037036403192 ], [ -114.954537035709848, 48.817037036403192 ], [ -114.954537035709848, 48.817499999366653 ], [ -114.954629628302612, 48.817499999366653 ], [ -114.954629628302612, 48.818055554922807 ], [ -114.954722220895391, 48.818055554922807 ], [ -114.954722220895391, 48.818518517886268 ], [ -114.95481481348817, 48.818518517886268 ], [ -114.95481481348817, 48.819074073442415 ], [ -114.954907406080949, 48.819074073442415 ], [ -114.954907406080949, 48.81962962899857 ], [ -114.954999998673713, 48.81962962899857 ], [ -114.954999998673713, 48.82009259196203 ], [ -114.955092591266492, 48.82009259196203 ], [ -114.955092591266492, 48.820648147518185 ], [ -114.955185183859271, 48.820648147518185 ], [ -114.955185183859271, 48.821111110481645 ], [ -114.95527777645205, 48.821111110481645 ], [ -114.95527777645205, 48.8216666660378 ], [ -114.955370369044815, 48.8216666660378 ], [ -114.955370369044815, 48.822222221593954 ], [ -114.955462961637593, 48.822222221593954 ], [ -114.955462961637593, 48.822685184557415 ], [ -114.955555554230372, 48.822685184557415 ], [ -114.955555554230372, 48.823240740113569 ], [ -114.955648146823151, 48.823240740113569 ], [ -114.955648146823151, 48.82370370307703 ], [ -114.955740739415916, 48.82370370307703 ], [ -114.955740739415916, 48.824259258633184 ], [ -114.955833332008694, 48.824259258633184 ], [ -114.955833332008694, 48.824629629003951 ], [ -114.955925924601473, 48.824629629003951 ], [ -114.955925924601473, 48.824999999374718 ], [ -114.956018517194252, 48.824999999374718 ], [ -114.956018517194252, 48.825277777152799 ], [ -114.956111109787017, 48.825277777152799 ], [ -114.956111109787017, 48.825462962338179 ], [ -114.956203702379796, 48.825462962338179 ], [ -114.956203702379796, 48.825648147523566 ], [ -114.956296294972574, 48.825648147523566 ], [ -114.956296294972574, 48.825833332708946 ], [ -114.956388887565353, 48.825833332708946 ], [ -114.956388887565353, 48.826018517894333 ], [ -114.956481480158118, 48.826018517894333 ], [ -114.956481480158118, 48.826111110487027 ], [ -114.956574072750897, 48.826111110487027 ], [ -114.956574072750897, 48.826296295672414 ], [ -114.956666665343676, 48.826296295672414 ], [ -114.956666665343676, 48.826481480857794 ], [ -114.956759257936454, 48.826481480857794 ], [ -114.956759257936454, 48.826666666043181 ], [ -114.956851850529219, 48.826666666043181 ], [ -114.956851850529219, 48.826851851228561 ], [ -114.956944443121998, 48.826851851228561 ], [ -114.956944443121998, 48.826944443821255 ], [ -114.957037035714777, 48.826944443821255 ], [ -114.957037035714777, 48.827037036413948 ], [ -114.957129628307555, 48.827037036413948 ], [ -114.957129628307555, 48.827222221599335 ], [ -114.957222220900334, 48.827222221599335 ], [ -114.957222220900334, 48.827314814192022 ], [ -114.957314813493099, 48.827314814192022 ], [ -114.957314813493099, 48.827407406784715 ], [ -114.957407406085878, 48.827407406784715 ], [ -114.957407406085878, 48.827499999377409 ], [ -114.957499998678657, 48.827499999377409 ], [ -114.957499998678657, 48.827685184562796 ], [ -114.957592591271435, 48.827685184562796 ], [ -114.957592591271435, 48.827777777155482 ], [ -114.9576851838642, 48.827777777155482 ], [ -114.9576851838642, 48.827870369748176 ], [ -114.957777776456979, 48.827870369748176 ], [ -114.957777776456979, 48.82796296234087 ], [ -114.957870369049758, 48.82796296234087 ], [ -114.957870369049758, 48.828148147526257 ], [ -114.957962961642536, 48.828148147526257 ], [ -114.957962961642536, 48.828240740118943 ], [ -114.958055554235301, 48.828240740118943 ], [ -114.958055554235301, 48.828333332711637 ], [ -114.95814814682808, 48.828333332711637 ], [ -114.95814814682808, 48.82842592530433 ], [ -114.958240739420859, 48.82842592530433 ], [ -114.958240739420859, 48.828518517897024 ], [ -114.958333332013638, 48.828518517897024 ], [ -114.958333332013638, 48.828611110489717 ], [ -114.958425924606402, 48.828611110489717 ], [ -114.958425924606402, 48.828703703082411 ], [ -114.958518517199181, 48.828703703082411 ], [ -114.958518517199181, 48.828796295675097 ], [ -114.95861110979196, 48.828796295675097 ], [ -114.95861110979196, 48.828888888267791 ], [ -114.958703702384739, 48.828888888267791 ], [ -114.958703702384739, 48.828981480860485 ], [ -114.958888887570282, 48.828981480860485 ], [ -114.958888887570282, 48.829074073453178 ], [ -114.958981480163061, 48.829074073453178 ], [ -114.958981480163061, 48.829166666045872 ], [ -114.95907407275584, 48.829166666045872 ], [ -114.95907407275584, 48.829259258638558 ], [ -114.959259257941383, 48.829259258638558 ], [ -114.959259257941383, 48.829351851231252 ], [ -114.959351850534162, 48.829351851231252 ], [ -114.959351850534162, 48.829444443823945 ], [ -114.959444443126941, 48.829444443823945 ], [ -114.959444443126941, 48.829537036416639 ], [ -114.959537035719706, 48.829537036416639 ], [ -114.959537035719706, 48.829629629009332 ], [ -114.959722220905263, 48.829629629009332 ], [ -114.959722220905263, 48.829722221602019 ], [ -114.959814813498042, 48.829722221602019 ], [ -114.959814813498042, 48.829814814194712 ], [ -114.959907406090807, 48.829814814194712 ], [ -114.959907406090807, 48.829907406787406 ], [ -114.959999998683585, 48.829907406787406 ], [ -114.959999998683585, 48.829999999380099 ], [ -114.960185183869143, 48.829999999380099 ], [ -114.960185183869143, 48.830092591972793 ], [ -114.960277776461908, 48.830092591972793 ], [ -114.960277776461908, 48.83018518456548 ], [ -114.960370369054687, 48.83018518456548 ], [ -114.960370369054687, 48.830277777158173 ], [ -114.960462961647465, 48.830277777158173 ], [ -114.960462961647465, 48.830370369750867 ], [ -114.960648146833023, 48.830370369750867 ], [ -114.960648146833023, 48.83046296234356 ], [ -114.960740739425788, 48.83046296234356 ], [ -114.960740739425788, 48.830555554936254 ], [ -114.960833332018566, 48.830555554936254 ], [ -114.960833332018566, 48.830648147528947 ], [ -114.960925924611345, 48.830648147528947 ], [ -114.960925924611345, 48.830740740121634 ], [ -114.961111109796889, 48.830740740121634 ], [ -114.961111109796889, 48.830833332714327 ], [ -114.961203702389668, 48.830833332714327 ], [ -114.961203702389668, 48.830925925307021 ], [ -114.961296294982446, 48.830925925307021 ], [ -114.961296294982446, 48.831018517899714 ], [ -114.96148148016799, 48.831018517899714 ], [ -114.96148148016799, 48.831111110492408 ], [ -114.961574072760769, 48.831111110492408 ], [ -114.961574072760769, 48.831203703085095 ], [ -114.961666665353548, 48.831203703085095 ], [ -114.961666665353548, 48.831296295677788 ], [ -114.961759257946326, 48.831296295677788 ], [ -114.961759257946326, 48.831388888270482 ], [ -114.96194444313187, 48.831388888270482 ], [ -114.96194444313187, 48.831481480863175 ], [ -114.962037035724649, 48.831481480863175 ], [ -114.962037035724649, 48.831574073455869 ], [ -114.962129628317427, 48.831574073455869 ], [ -114.962129628317427, 48.831666666048555 ], [ -114.962222220910192, 48.831666666048555 ], [ -114.962222220910192, 48.831759258641249 ], [ -114.96240740609575, 48.831759258641249 ], [ -114.96240740609575, 48.831851851233942 ], [ -114.962499998688529, 48.831851851233942 ], [ -114.962499998688529, 48.831944443826636 ], [ -114.962592591281293, 48.831944443826636 ], [ -114.962592591281293, 48.832037036419329 ], [ -114.962685183874072, 48.832037036419329 ], [ -114.962685183874072, 48.832129629012016 ], [ -114.96287036905963, 48.832129629012016 ], [ -114.96287036905963, 48.832222221604709 ], [ -114.962962961652394, 48.832222221604709 ], [ -114.962962961652394, 48.832314814197403 ], [ -114.963055554245173, 48.832314814197403 ], [ -114.963055554245173, 48.832407406790097 ], [ -114.963240739430731, 48.832407406790097 ], [ -114.963240739430731, 48.83249999938279 ], [ -114.963333332023495, 48.83249999938279 ], [ -114.963333332023495, 48.832592591975477 ], [ -114.963425924616274, 48.832592591975477 ], [ -114.963425924616274, 48.83268518456817 ], [ -114.963518517209053, 48.83268518456817 ], [ -114.963518517209053, 48.832777777160864 ], [ -114.963703702394611, 48.832777777160864 ], [ -114.963703702394611, 48.832870369753557 ], [ -114.963796294987375, 48.832870369753557 ], [ -114.963796294987375, 48.832962962346251 ], [ -114.963888887580154, 48.832962962346251 ], [ -114.963888887580154, 48.833055554938944 ], [ -114.963981480172933, 48.833055554938944 ], [ -114.963981480172933, 48.833148147531631 ], [ -114.964166665358476, 48.833148147531631 ], [ -114.964166665358476, 48.833240740124324 ], [ -114.964259257951255, 48.833240740124324 ], [ -114.964259257951255, 48.833333332717018 ], [ -114.964351850544034, 48.833333332717018 ], [ -114.964351850544034, 48.833425925309712 ], [ -114.964444443136813, 48.833425925309712 ], [ -114.964444443136813, 48.833518517902405 ], [ -114.964629628322356, 48.833518517902405 ], [ -114.964629628322356, 48.833611110495092 ], [ -114.964722220915135, 48.833611110495092 ], [ -114.964722220915135, 48.833703703087785 ], [ -114.964814813507914, 48.833703703087785 ], [ -114.964814813507914, 48.833796295680479 ], [ -114.964907406100679, 48.833796295680479 ], [ -114.964907406100679, 48.833888888273172 ], [ -114.965092591286236, 48.833888888273172 ], [ -114.965092591286236, 48.833981480865866 ], [ -114.965185183879015, 48.833981480865866 ], [ -114.965185183879015, 48.834074073458552 ], [ -114.96527777647178, 48.834074073458552 ], [ -114.96527777647178, 48.834166666051246 ], [ -114.965462961657337, 48.834166666051246 ], [ -114.965462961657337, 48.834259258643939 ], [ -114.965555554250116, 48.834259258643939 ], [ -114.965555554250116, 48.834351851236633 ], [ -114.965648146842881, 48.834351851236633 ], [ -114.965648146842881, 48.834444443829327 ], [ -114.96574073943566, 48.834444443829327 ], [ -114.96574073943566, 48.834537036422013 ], [ -114.965925924621217, 48.834537036422013 ], [ -114.965925924621217, 48.834629629014707 ], [ -114.966018517213982, 48.834629629014707 ], [ -114.966018517213982, 48.8347222216074 ], [ -114.966111109806761, 48.8347222216074 ], [ -114.966111109806761, 48.834814814200094 ], [ -114.96620370239954, 48.834814814200094 ], [ -114.96620370239954, 48.834907406792787 ], [ -114.966388887585083, 48.834907406792787 ], [ -114.966388887585083, 48.834999999385481 ], [ -114.966481480177862, 48.834999999385481 ], [ -114.966481480177862, 48.835092591978167 ], [ -114.966574072770641, 48.835092591978167 ], [ -114.966574072770641, 48.835185184570861 ], [ -114.966666665363419, 48.835185184570861 ], [ -114.966666665363419, 48.835277777163554 ], [ -114.966851850548963, 48.835277777163554 ], [ -114.966851850548963, 48.835370369756248 ], [ -114.966944443141742, 48.835370369756248 ], [ -114.966944443141742, 48.835462962348942 ], [ -114.967037035734521, 48.835462962348942 ], [ -114.967037035734521, 48.835555554941628 ], [ -114.967222220920064, 48.835555554941628 ], [ -114.967222220920064, 48.835648147534322 ], [ -114.967314813512843, 48.835648147534322 ], [ -114.967314813512843, 48.835740740127015 ], [ -114.967407406105622, 48.835740740127015 ], [ -114.967407406105622, 48.835833332719709 ], [ -114.967499998698401, 48.835833332719709 ], [ -114.967499998698401, 48.835925925312402 ], [ -114.967685183883944, 48.835925925312402 ], [ -114.967685183883944, 48.836018517905089 ], [ -114.967777776476723, 48.836018517905089 ], [ -114.967777776476723, 48.836111110497782 ], [ -114.967870369069502, 48.836111110497782 ], [ -114.967870369069502, 48.836203703090476 ], [ -114.967962961662266, 48.836203703090476 ], [ -114.967962961662266, 48.836296295683169 ], [ -114.968148146847824, 48.836296295683169 ], [ -114.968148146847824, 48.836388888275863 ], [ -114.968240739440603, 48.836388888275863 ], [ -114.968240739440603, 48.836481480868549 ], [ -114.968425924626146, 48.836481480868549 ], [ -114.968425924626146, 48.836574073461243 ], [ -114.968518517218925, 48.836574073461243 ], [ -114.968518517218925, 48.836666666053937 ], [ -114.968611109811704, 48.836666666053937 ], [ -114.968611109811704, 48.83675925864663 ], [ -114.968796294997247, 48.83675925864663 ], [ -114.968796294997247, 48.836851851239324 ], [ -114.968888887590026, 48.836851851239324 ], [ -114.968888887590026, 48.83694444383201 ], [ -114.96907407277557, 48.83694444383201 ], [ -114.96907407277557, 48.837037036424704 ], [ -114.969166665368348, 48.837037036424704 ], [ -114.969166665368348, 48.837129629017397 ], [ -114.969259257961127, 48.837129629017397 ], [ -114.969259257961127, 48.837222221610091 ], [ -114.969444443146671, 48.837222221610091 ], [ -114.969444443146671, 48.837314814202784 ], [ -114.969537035739449, 48.837314814202784 ], [ -114.969537035739449, 48.837407406795478 ], [ -114.969629628332228, 48.837407406795478 ], [ -114.969629628332228, 48.837499999388164 ], [ -114.969814813517772, 48.837499999388164 ], [ -114.969814813517772, 48.837592591980858 ], [ -114.969907406110551, 48.837592591980858 ], [ -114.969907406110551, 48.837685184573552 ], [ -114.970092591296108, 48.837685184573552 ], [ -114.970092591296108, 48.837777777166245 ], [ -114.970185183888887, 48.837777777166245 ], [ -114.970185183888887, 48.837870369758939 ], [ -114.970277776481652, 48.837870369758939 ], [ -114.970277776481652, 48.837962962351625 ], [ -114.970462961667209, 48.837962962351625 ], [ -114.970462961667209, 48.838055554944319 ], [ -114.970555554259988, 48.838055554944319 ], [ -114.970555554259988, 48.838148147537012 ], [ -114.970740739445532, 48.838148147537012 ], [ -114.970740739445532, 48.838240740129706 ], [ -114.97083333203831, 48.838240740129706 ], [ -114.97083333203831, 48.838333332722399 ], [ -114.970925924631089, 48.838333332722399 ], [ -114.970925924631089, 48.838425925315086 ], [ -114.971111109816633, 48.838425925315086 ], [ -114.971111109816633, 48.838518517907779 ], [ -114.971203702409412, 48.838518517907779 ], [ -114.971203702409412, 48.838611110500473 ], [ -114.971388887594955, 48.838611110500473 ], [ -114.971388887594955, 48.838703703093167 ], [ -114.971481480187734, 48.838703703093167 ], [ -114.971481480187734, 48.83879629568586 ], [ -114.971574072780513, 48.83879629568586 ], [ -114.971574072780513, 48.838888888278547 ], [ -114.971759257966056, 48.838888888278547 ], [ -114.971759257966056, 48.83898148087124 ], [ -114.971851850558835, 48.83898148087124 ], [ -114.971851850558835, 48.839074073463934 ], [ -114.971944443151614, 48.839074073463934 ], [ -114.971944443151614, 48.839166666056627 ], [ -114.972129628337157, 48.839166666056627 ], [ -114.972129628337157, 48.839259258649321 ], [ -114.972222220929936, 48.839259258649321 ], [ -114.972222220929936, 48.839351851242007 ], [ -114.972407406115494, 48.839351851242007 ], [ -114.972407406115494, 48.839444443834701 ], [ -114.972499998708258, 48.839444443834701 ], [ -114.972499998708258, 48.839537036427394 ], [ -114.972592591301037, 48.839537036427394 ], [ -114.972592591301037, 48.839629629020088 ], [ -114.972685183893816, 48.839629629020088 ], [ -114.972685183893816, 48.839722221612782 ], [ -114.972777776486595, 48.839722221612782 ], [ -114.972777776486595, 48.839814814205475 ], [ -114.972870369079359, 48.839814814205475 ], [ -114.972870369079359, 48.839907406798162 ], [ -114.972962961672138, 48.839907406798162 ], [ -114.972962961672138, 48.839999999390855 ], [ -114.973055554264917, 48.839999999390855 ], [ -114.973055554264917, 48.840092591983549 ], [ -114.973148146857696, 48.840092591983549 ], [ -114.973148146857696, 48.840185184576242 ], [ -114.973240739450475, 48.840185184576242 ], [ -114.973240739450475, 48.840277777168936 ], [ -114.973333332043239, 48.840277777168936 ], [ -114.973333332043239, 48.840370369761622 ], [ -114.973425924636018, 48.840370369761622 ], [ -114.973425924636018, 48.840462962354316 ], [ -114.973518517228797, 48.840462962354316 ], [ -114.973518517228797, 48.840555554947009 ], [ -114.973611109821576, 48.840555554947009 ], [ -114.973611109821576, 48.840648147539703 ], [ -114.97370370241434, 48.840648147539703 ], [ -114.97370370241434, 48.840740740132397 ], [ -114.973796295007119, 48.840740740132397 ], [ -114.973796295007119, 48.840833332725083 ], [ -114.973888887599898, 48.840833332725083 ], [ -114.973888887599898, 48.840925925317777 ], [ -114.973981480192677, 48.840925925317777 ], [ -114.973981480192677, 48.84101851791047 ], [ -114.974074072785442, 48.84101851791047 ], [ -114.974074072785442, 48.841111110503164 ], [ -114.97416666537822, 48.841111110503164 ], [ -114.97416666537822, 48.841203703095857 ], [ -114.974259257970999, 48.841203703095857 ], [ -114.974259257970999, 48.841296295688544 ], [ -114.974351850563778, 48.841296295688544 ], [ -114.974351850563778, 48.841388888281237 ], [ -114.974444443156543, 48.841388888281237 ], [ -114.974444443156543, 48.841574073466624 ], [ -114.974537035749321, 48.841574073466624 ], [ -114.974537035749321, 48.841666666059318 ], [ -114.9746296283421, 48.841666666059318 ], [ -114.9746296283421, 48.841759258652012 ], [ -114.974722220934879, 48.841759258652012 ], [ -114.974722220934879, 48.841851851244698 ], [ -114.974814813527644, 48.841851851244698 ], [ -114.974814813527644, 48.842037036430085 ], [ -114.974907406120423, 48.842037036430085 ], [ -114.974907406120423, 48.842129629022779 ], [ -114.974999998713201, 48.842129629022779 ], [ -114.974999998713201, 48.842222221615472 ], [ -114.97509259130598, 48.842222221615472 ], [ -114.97509259130598, 48.842314814208159 ], [ -114.975185183898745, 48.842314814208159 ], [ -114.975185183898745, 48.842407406800852 ], [ -114.975277776491524, 48.842407406800852 ], [ -114.975277776491524, 48.842592591986239 ], [ -114.975370369084303, 48.842592591986239 ], [ -114.975370369084303, 48.842685184578933 ], [ -114.975462961677081, 48.842685184578933 ], [ -114.975462961677081, 48.842870369764313 ], [ -114.975555554269846, 48.842870369764313 ], [ -114.975555554269846, 48.8430555549497 ], [ -114.975648146862625, 48.8430555549497 ], [ -114.975648146862625, 48.84324074013508 ], [ -114.975740739455404, 48.84324074013508 ], [ -114.975740739455404, 48.843425925320467 ], [ -114.975833332048182, 48.843425925320467 ], [ -114.975833332048182, 48.843611110505854 ], [ -114.975925924640947, 48.843611110505854 ], [ -114.975925924640947, 48.843796295691234 ], [ -114.976018517233726, 48.843796295691234 ], [ -114.976018517233726, 48.843981480876622 ], [ -114.976111109826505, 48.843981480876622 ], [ -114.976111109826505, 48.844074073469315 ], [ -114.976203702419284, 48.844074073469315 ], [ -114.976203702419284, 48.844166666062009 ], [ -114.976296295012062, 48.844166666062009 ], [ -114.976296295012062, 48.844259258654695 ], [ -114.976388887604827, 48.844259258654695 ], [ -114.976388887604827, 48.844351851247389 ], [ -114.976481480197606, 48.844351851247389 ], [ -114.976481480197606, 48.844444443840082 ], [ -114.976574072790385, 48.844444443840082 ], [ -114.976574072790385, 48.844537036432776 ], [ -114.976666665383163, 48.844537036432776 ], [ -114.976666665383163, 48.844629629025469 ], [ -114.976851850568707, 48.844629629025469 ], [ -114.976851850568707, 48.844722221618156 ], [ -114.976944443161486, 48.844722221618156 ], [ -114.976944443161486, 48.844814814210849 ], [ -114.977037035754265, 48.844814814210849 ], [ -114.977037035754265, 48.844907406803543 ], [ -114.977129628347029, 48.844907406803543 ], [ -114.977129628347029, 48.844999999396236 ], [ -114.977222220939808, 48.844999999396236 ], [ -114.977222220939808, 48.84509259198893 ], [ -114.977407406125366, 48.84509259198893 ], [ -114.977407406125366, 48.845185184581617 ], [ -114.97749999871813, 48.845185184581617 ], [ -114.97749999871813, 48.84527777717431 ], [ -114.977685183903688, 48.84527777717431 ], [ -114.977685183903688, 48.845370369767004 ], [ -114.977777776496467, 48.845370369767004 ], [ -114.977777776496467, 48.845462962359697 ], [ -114.97796296168201, 48.845462962359697 ], [ -114.97796296168201, 48.845555554952391 ], [ -114.978055554274789, 48.845555554952391 ], [ -114.978055554274789, 48.845648147545077 ], [ -114.978148146867568, 48.845648147545077 ], [ -114.978148146867568, 48.845740740137771 ], [ -114.978333332053111, 48.845740740137771 ], [ -114.978333332053111, 48.845833332730464 ], [ -114.978518517238669, 48.845833332730464 ], [ -114.978518517238669, 48.845925925323158 ], [ -114.978703702424212, 48.845925925323158 ], [ -114.978703702424212, 48.846018517915851 ], [ -114.97888888760977, 48.846018517915851 ], [ -114.97888888760977, 48.846111110508545 ], [ -114.979074072795314, 48.846111110508545 ], [ -114.979074072795314, 48.846203703101231 ], [ -114.979259257980871, 48.846203703101231 ], [ -114.979259257980871, 48.846296295693925 ], [ -114.979444443166415, 48.846296295693925 ], [ -114.979444443166415, 48.846388888286619 ], [ -114.979629628351972, 48.846388888286619 ], [ -114.979629628351972, 48.846481480879312 ], [ -114.979907406130295, 48.846481480879312 ], [ -114.979907406130295, 48.846574073472006 ], [ -114.980092591315852, 48.846574073472006 ], [ -114.980092591315852, 48.846666666064692 ], [ -114.980370369094175, 48.846666666064692 ], [ -114.980370369094175, 48.846759258657386 ], [ -114.980555554279718, 48.846759258657386 ], [ -114.980555554279718, 48.846851851250079 ], [ -114.980833332058054, 48.846851851250079 ], [ -114.980833332058054, 48.846944443842773 ], [ -114.981111109836377, 48.846944443842773 ], [ -114.981111109836377, 48.847037036435466 ], [ -114.98129629502192, 48.847037036435466 ], [ -114.98129629502192, 48.847129629028153 ], [ -114.981574072800257, 48.847129629028153 ], [ -114.981574072800257, 48.847222221620846 ], [ -114.9817592579858, 48.847222221620846 ], [ -114.9817592579858, 48.84731481421354 ], [ -114.982037035764122, 48.84731481421354 ], [ -114.982037035764122, 48.847407406806234 ], [ -114.98222222094968, 48.847407406806234 ], [ -114.98222222094968, 48.847499999398927 ], [ -114.982499998728002, 48.847499999398927 ], [ -114.982499998728002, 48.847592591991614 ], [ -114.98268518391356, 48.847592591991614 ], [ -114.98268518391356, 48.847685184584307 ], [ -114.982962961691882, 48.847685184584307 ], [ -114.982962961691882, 48.847777777177001 ], [ -114.983240739470205, 48.847777777177001 ], [ -114.983240739470205, 48.847870369769694 ], [ -114.983425924655762, 48.847870369769694 ], [ -114.983425924655762, 48.847962962362388 ], [ -114.983703702434084, 48.847962962362388 ], [ -114.983703702434084, 48.848055554955074 ], [ -114.983888887619642, 48.848055554955074 ], [ -114.983888887619642, 48.848148147547768 ], [ -114.984166665397964, 48.848148147547768 ], [ -114.984166665397964, 48.848240740140461 ], [ -114.984351850583508, 48.848240740140461 ], [ -114.984351850583508, 48.848333332733155 ], [ -114.984629628361844, 48.848333332733155 ], [ -114.984629628361844, 48.848425925325849 ], [ -114.984814813547388, 48.848425925325849 ], [ -114.984814813547388, 48.848518517918542 ], [ -114.98509259132571, 48.848518517918542 ], [ -114.98509259132571, 48.848611110511229 ], [ -114.985370369104047, 48.848611110511229 ], [ -114.985370369104047, 48.848703703103922 ], [ -114.98555555428959, 48.848703703103922 ], [ -114.98555555428959, 48.848796295696616 ], [ -114.985833332067926, 48.848796295696616 ], [ -114.985833332067926, 48.848888888289309 ], [ -114.98601851725347, 48.848888888289309 ], [ -114.98601851725347, 48.848981480882003 ], [ -114.986296295031792, 48.848981480882003 ], [ -114.986296295031792, 48.849074073474689 ], [ -114.98648148021735, 48.849074073474689 ], [ -114.98648148021735, 48.849166666067383 ], [ -114.986759257995672, 48.849166666067383 ], [ -114.986759257995672, 48.849259258660076 ], [ -114.98694444318123, 48.849259258660076 ], [ -114.98694444318123, 48.84935185125277 ], [ -114.987222220959552, 48.84935185125277 ], [ -114.987222220959552, 48.849444443845464 ], [ -114.987499998737874, 48.849444443845464 ], [ -114.987499998737874, 48.84953703643815 ], [ -114.987685183923432, 48.84953703643815 ], [ -114.987685183923432, 48.849629629030844 ], [ -114.987962961701754, 48.849629629030844 ], [ -114.987962961701754, 48.849722221623537 ], [ -114.988148146887298, 48.849722221623537 ], [ -114.988148146887298, 48.849814814216231 ], [ -114.988425924665634, 48.849814814216231 ], [ -114.988425924665634, 48.849907406808924 ], [ -114.988611109851178, 48.849907406808924 ], [ -114.988611109851178, 48.849999999401611 ], [ -114.988888887629514, 48.849999999401611 ], [ -114.988888887629514, 48.850092591994304 ], [ -114.989074072815058, 48.850092591994304 ], [ -114.989074072815058, 48.850185184586998 ], [ -114.98935185059338, 48.850185184586998 ], [ -114.98935185059338, 48.850277777179691 ], [ -114.989629628371716, 48.850277777179691 ], [ -114.989629628371716, 48.850370369772385 ], [ -114.98981481355726, 48.850370369772385 ], [ -114.98981481355726, 48.850462962365071 ], [ -114.990092591335582, 48.850462962365071 ], [ -114.990092591335582, 48.850555554957765 ], [ -114.99027777652114, 48.850555554957765 ], [ -114.99027777652114, 48.850648147550459 ], [ -114.990555554299462, 48.850648147550459 ], [ -114.990555554299462, 48.850740740143152 ], [ -114.99074073948502, 48.850740740143152 ], [ -114.99074073948502, 48.850833332735846 ], [ -114.991018517263342, 48.850833332735846 ], [ -114.991018517263342, 48.850925925328539 ], [ -114.991203702448885, 48.850925925328539 ], [ -114.991203702448885, 48.851018517921226 ], [ -114.991481480227222, 48.851018517921226 ], [ -114.991481480227222, 48.851111110513919 ], [ -114.991759258005544, 48.851111110513919 ], [ -114.991759258005544, 48.851203703106613 ], [ -114.991944443191088, 48.851203703106613 ], [ -114.991944443191088, 48.851296295699306 ], [ -114.992222220969424, 48.851296295699306 ], [ -114.992222220969424, 48.851388888292 ], [ -114.992407406154967, 48.851388888292 ], [ -114.992407406154967, 48.851481480884686 ], [ -114.992685183933304, 48.851481480884686 ], [ -114.992685183933304, 48.85157407347738 ], [ -114.992870369118847, 48.85157407347738 ], [ -114.992870369118847, 48.851666666070074 ], [ -114.99314814689717, 48.851666666070074 ], [ -114.99314814689717, 48.851759258662767 ], [ -114.993333332082727, 48.851759258662767 ], [ -114.993333332082727, 48.851851851255461 ], [ -114.99361110986105, 48.851851851255461 ], [ -114.99361110986105, 48.851944443848147 ], [ -114.993888887639372, 48.851944443848147 ], [ -114.993888887639372, 48.852037036440841 ], [ -114.99407407282493, 48.852037036440841 ], [ -114.99407407282493, 48.852129629033534 ], [ -114.994351850603252, 48.852129629033534 ], [ -114.994351850603252, 48.852222221626228 ], [ -114.994537035788809, 48.852222221626228 ], [ -114.994537035788809, 48.852314814218921 ], [ -114.994814813567132, 48.852314814218921 ], [ -114.994814813567132, 48.852407406811608 ], [ -114.994999998752675, 48.852407406811608 ], [ -114.994999998752675, 48.852499999404301 ], [ -114.995277776531012, 48.852499999404301 ], [ -114.995277776531012, 48.852592591996995 ], [ -114.995462961716555, 48.852592591996995 ], [ -114.995462961716555, 48.852685184589689 ], [ -114.995740739494892, 48.852685184589689 ], [ -114.995740739494892, 48.852777777182382 ], [ -114.996018517273214, 48.852777777182382 ], [ -114.996018517273214, 48.852870369775076 ], [ -114.996203702458757, 48.852870369775076 ], [ -114.996203702458757, 48.852962962367762 ], [ -114.996481480237094, 48.852962962367762 ], [ -114.996481480237094, 48.853055554960456 ], [ -114.996666665422637, 48.853055554960456 ], [ -114.996666665422637, 48.853148147553149 ], [ -114.99694444320096, 48.853148147553149 ], [ -114.99694444320096, 48.853240740145843 ], [ -114.997129628386517, 48.853240740145843 ], [ -114.997129628386517, 48.853333332738536 ], [ -114.997407406164839, 48.853333332738536 ], [ -114.997407406164839, 48.853425925331223 ], [ -114.997592591350397, 48.853425925331223 ], [ -114.997592591350397, 48.853518517923916 ], [ -114.997870369128719, 48.853518517923916 ], [ -114.997870369128719, 48.85361111051661 ], [ -114.998148146907042, 48.85361111051661 ], [ -114.998148146907042, 48.853703703109304 ], [ -114.998333332092599, 48.853703703109304 ], [ -114.998333332092599, 48.853796295701997 ], [ -114.998611109870922, 48.853796295701997 ], [ -114.998611109870922, 48.853888888294684 ], [ -114.998796295056479, 48.853888888294684 ], [ -114.998796295056479, 48.853981480887377 ], [ -114.999074072834802, 48.853981480887377 ], [ -114.999074072834802, 48.854074073480071 ], [ -114.999259258020345, 48.854074073480071 ], [ -114.999259258020345, 48.854166666072764 ], [ -114.999537035798681, 48.854166666072764 ], [ -114.999537035798681, 48.854259258665458 ], [ -114.999722220984225, 48.854259258665458 ], [ -114.999722220984225, 48.854351851258144 ], [ -114.999999998762547, 48.854351851258144 ], [ -114.999999998762547, 48.854444443850838 ], [ -115.000277776540884, 48.854444443850838 ], [ -115.000277776540884, 48.854537036443531 ], [ -115.000462961726427, 48.854537036443531 ], [ -115.000462961726427, 48.854629629036225 ], [ -115.000740739504749, 48.854629629036225 ], [ -115.000740739504749, 48.854722221628919 ], [ -115.000925924690307, 48.854722221628919 ], [ -115.000925924690307, 48.854814814221605 ], [ -115.001111109875851, 48.854814814221605 ], [ -115.001111109875851, 48.854907406814299 ], [ -115.001203702468629, 48.854907406814299 ], [ -115.001203702468629, 48.854999999406992 ], [ -115.001388887654187, 48.854999999406992 ], [ -115.001388887654187, 48.855092591999686 ], [ -115.001481480246952, 48.855092591999686 ], [ -115.001481480246952, 48.855185184592379 ], [ -115.001666665432509, 48.855185184592379 ], [ -115.001666665432509, 48.855277777185073 ], [ -115.001759258025288, 48.855277777185073 ], [ -115.001759258025288, 48.855370369777759 ], [ -115.001944443210832, 48.855370369777759 ], [ -115.001944443210832, 48.855462962370453 ], [ -115.00203703580361, 48.855462962370453 ], [ -115.00203703580361, 48.855555554963146 ], [ -115.002222220989168, 48.855555554963146 ], [ -115.002222220989168, 48.85564814755584 ], [ -115.002314813581933, 48.85564814755584 ], [ -115.002314813581933, 48.855740740148534 ], [ -115.00249999876749, 48.855740740148534 ], [ -115.00249999876749, 48.85583333274122 ], [ -115.002592591360269, 48.85583333274122 ], [ -115.002592591360269, 48.855925925333914 ], [ -115.002777776545813, 48.855925925333914 ], [ -115.002777776545813, 48.856018517926607 ], [ -115.002870369138591, 48.856018517926607 ], [ -115.002870369138591, 48.856111110519301 ], [ -115.003055554324135, 48.856111110519301 ], [ -115.003055554324135, 48.856203703111994 ], [ -115.003148146916914, 48.856203703111994 ], [ -115.003148146916914, 48.856296295704681 ], [ -115.003333332102471, 48.856296295704681 ], [ -115.003333332102471, 48.856388888297374 ], [ -115.003425924695236, 48.856388888297374 ], [ -115.003425924695236, 48.856481480890068 ], [ -115.003611109880794, 48.856481480890068 ], [ -115.003611109880794, 48.856574073482761 ], [ -115.003703702473572, 48.856574073482761 ], [ -115.003703702473572, 48.856666666075455 ], [ -115.003796295066337, 48.856666666075455 ], [ -115.003796295066337, 48.856759258668141 ], [ -115.003981480251895, 48.856759258668141 ], [ -115.003981480251895, 48.856851851260835 ], [ -115.004074072844674, 48.856851851260835 ], [ -115.004074072844674, 48.856944443853529 ], [ -115.004259258030217, 48.856944443853529 ], [ -115.004259258030217, 48.857037036446222 ], [ -115.004351850622996, 48.857037036446222 ], [ -115.004351850622996, 48.857129629038916 ], [ -115.004537035808539, 48.857129629038916 ], [ -115.004537035808539, 48.857222221631609 ], [ -115.004629628401318, 48.857222221631609 ], [ -115.004629628401318, 48.857314814224296 ], [ -115.004722220994097, 48.857314814224296 ], [ -115.004722220994097, 48.857407406816989 ], [ -115.004907406179655, 48.857407406816989 ], [ -115.004907406179655, 48.857499999409683 ], [ -115.004999998772419, 48.857499999409683 ], [ -115.004999998772419, 48.857592592002376 ], [ -115.005092591365198, 48.857592592002376 ], [ -115.005092591365198, 48.85768518459507 ], [ -115.005185183957977, 48.85768518459507 ], [ -115.005185183957977, 48.857777777187756 ], [ -115.00537036914352, 48.857777777187756 ], [ -115.00537036914352, 48.85787036978045 ], [ -115.005462961736299, 48.85787036978045 ], [ -115.005462961736299, 48.857962962373144 ], [ -115.005555554329078, 48.857962962373144 ], [ -115.005555554329078, 48.858055554965837 ], [ -115.005740739514621, 48.858055554965837 ], [ -115.005740739514621, 48.858148147558531 ], [ -115.0058333321074, 48.858148147558531 ], [ -115.0058333321074, 48.858240740151217 ], [ -115.005925924700179, 48.858240740151217 ], [ -115.005925924700179, 48.858333332743911 ], [ -115.006111109885722, 48.858333332743911 ], [ -115.006111109885722, 48.858425925336604 ], [ -115.006203702478501, 48.858425925336604 ], [ -115.006203702478501, 48.858518517929298 ], [ -115.00629629507128, 48.858518517929298 ], [ -115.00629629507128, 48.858611110521991 ], [ -115.006481480256824, 48.858611110521991 ], [ -115.006481480256824, 48.858703703114678 ], [ -115.006574072849602, 48.858703703114678 ], [ -115.006574072849602, 48.858796295707371 ], [ -115.006666665442381, 48.858796295707371 ], [ -115.006666665442381, 48.858888888300065 ], [ -115.006851850627925, 48.858888888300065 ], [ -115.006851850627925, 48.858981480892758 ], [ -115.006944443220704, 48.858981480892758 ], [ -115.006944443220704, 48.859074073485452 ], [ -115.007037035813482, 48.859074073485452 ], [ -115.007037035813482, 48.859166666078139 ], [ -115.007222220999026, 48.859166666078139 ], [ -115.007222220999026, 48.859259258670832 ], [ -115.007314813591805, 48.859259258670832 ], [ -115.007314813591805, 48.859351851263526 ], [ -115.007407406184583, 48.859351851263526 ], [ -115.007407406184583, 48.859444443856219 ], [ -115.007592591370127, 48.859444443856219 ], [ -115.007592591370127, 48.859537036448913 ], [ -115.007685183962906, 48.859537036448913 ], [ -115.007685183962906, 48.859629629041606 ], [ -115.007777776555685, 48.859629629041606 ], [ -115.007777776555685, 48.859722221634293 ], [ -115.007870369148463, 48.859722221634293 ], [ -115.007870369148463, 48.859814814226986 ], [ -115.008055554334007, 48.859814814226986 ], [ -115.008055554334007, 48.85990740681968 ], [ -115.008148146926786, 48.85990740681968 ], [ -115.008148146926786, 48.859999999412373 ], [ -115.008240739519564, 48.859999999412373 ], [ -115.008240739519564, 48.860092592005067 ], [ -115.008425924705108, 48.860092592005067 ], [ -115.008425924705108, 48.860185184597754 ], [ -115.008518517297887, 48.860185184597754 ], [ -115.008518517297887, 48.860277777190447 ], [ -115.008611109890666, 48.860277777190447 ], [ -115.008611109890666, 48.860370369783141 ], [ -115.008796295076209, 48.860370369783141 ], [ -115.008796295076209, 48.860462962375834 ], [ -115.008888887668988, 48.860462962375834 ], [ -115.008888887668988, 48.860555554968528 ], [ -115.008981480261767, 48.860555554968528 ], [ -115.008981480261767, 48.860648147561214 ], [ -115.00916666544731, 48.860648147561214 ], [ -115.00916666544731, 48.860740740153908 ], [ -115.009259258040089, 48.860740740153908 ], [ -115.009259258040089, 48.860833332746601 ], [ -115.009351850632868, 48.860833332746601 ], [ -115.009351850632868, 48.860925925339295 ], [ -115.009537035818411, 48.860925925339295 ], [ -115.009537035818411, 48.861018517931988 ], [ -115.00962962841119, 48.861018517931988 ], [ -115.00962962841119, 48.861111110524675 ], [ -115.009722221003969, 48.861111110524675 ], [ -115.009722221003969, 48.861203703117368 ], [ -115.009907406189512, 48.861203703117368 ], [ -115.009907406189512, 48.861296295710062 ], [ -115.009999998782291, 48.861296295710062 ], [ -115.009999998782291, 48.861388888302756 ], [ -115.01009259137507, 48.861388888302756 ], [ -115.01009259137507, 48.861481480895449 ], [ -115.010185183967849, 48.861481480895449 ], [ -115.010185183967849, 48.861574073488143 ], [ -115.010277776560613, 48.861574073488143 ], [ -115.010277776560613, 48.861666666080829 ], [ -115.010370369153392, 48.861666666080829 ], [ -115.010370369153392, 48.861759258673523 ], [ -115.010462961746171, 48.861759258673523 ], [ -115.010462961746171, 48.861851851266216 ], [ -115.010648146931715, 48.861851851266216 ], [ -115.010648146931715, 48.86194444385891 ], [ -115.010740739524493, 48.86194444385891 ], [ -115.010740739524493, 48.862037036451603 ], [ -115.010833332117272, 48.862037036451603 ], [ -115.010833332117272, 48.86212962904429 ], [ -115.010925924710051, 48.86212962904429 ], [ -115.010925924710051, 48.862222221636983 ], [ -115.01101851730283, 48.862222221636983 ], [ -115.01101851730283, 48.862314814229677 ], [ -115.011111109895594, 48.862314814229677 ], [ -115.011111109895594, 48.862407406822371 ], [ -115.011296295081152, 48.862407406822371 ], [ -115.011296295081152, 48.862499999415064 ], [ -115.011388887673931, 48.862499999415064 ], [ -115.011388887673931, 48.862592592007751 ], [ -115.011481480266696, 48.862592592007751 ], [ -115.011481480266696, 48.862685184600444 ], [ -115.011574072859474, 48.862685184600444 ], [ -115.011574072859474, 48.862777777193138 ], [ -115.011666665452253, 48.862777777193138 ], [ -115.011666665452253, 48.862870369785831 ], [ -115.011759258045032, 48.862870369785831 ], [ -115.011759258045032, 48.862962962378525 ], [ -115.011851850637797, 48.862962962378525 ], [ -115.011851850637797, 48.863055554971211 ], [ -115.012037035823354, 48.863055554971211 ], [ -115.012037035823354, 48.863148147563905 ], [ -115.012129628416133, 48.863148147563905 ], [ -115.012129628416133, 48.863240740156598 ], [ -115.012222221008898, 48.863240740156598 ], [ -115.012222221008898, 48.863333332749292 ], [ -115.012314813601677, 48.863333332749292 ], [ -115.012314813601677, 48.863425925341986 ], [ -115.012407406194455, 48.863425925341986 ], [ -115.012407406194455, 48.863518517934672 ], [ -115.012499998787234, 48.863518517934672 ], [ -115.012499998787234, 48.863611110527366 ], [ -115.012592591379999, 48.863611110527366 ], [ -115.012592591379999, 48.863703703120059 ], [ -115.012777776565557, 48.863703703120059 ], [ -115.012777776565557, 48.863796295712753 ], [ -115.012870369158335, 48.863796295712753 ], [ -115.012870369158335, 48.863888888305446 ], [ -115.0129629617511, 48.863888888305446 ], [ -115.0129629617511, 48.86398148089814 ], [ -115.013055554343879, 48.86398148089814 ], [ -115.013055554343879, 48.864074073490826 ], [ -115.013148146936658, 48.864074073490826 ], [ -115.013148146936658, 48.86416666608352 ], [ -115.013240739529436, 48.86416666608352 ], [ -115.013240739529436, 48.864259258676213 ], [ -115.01342592471498, 48.864259258676213 ], [ -115.01342592471498, 48.864351851268907 ], [ -115.013518517307759, 48.864351851268907 ], [ -115.013518517307759, 48.864444443861601 ], [ -115.013611109900538, 48.864444443861601 ], [ -115.013611109900538, 48.864537036454287 ], [ -115.013796295086081, 48.864537036454287 ], [ -115.013796295086081, 48.864629629046981 ], [ -115.01388888767886, 48.864629629046981 ], [ -115.01388888767886, 48.864722221639674 ], [ -115.014074072864403, 48.864722221639674 ], [ -115.014074072864403, 48.864814814232368 ], [ -115.014259258049961, 48.864814814232368 ], [ -115.014259258049961, 48.864907406825061 ], [ -115.014444443235519, 48.864907406825061 ], [ -115.014444443235519, 48.864999999417748 ], [ -115.014722221013841, 48.864999999417748 ], [ -115.014722221013841, 48.865092592010441 ], [ -115.014999998792163, 48.865092592010441 ], [ -115.014999998792163, 48.865185184603135 ], [ -115.015277776570485, 48.865185184603135 ], [ -115.015277776570485, 48.865277777195828 ], [ -115.015648146941587, 48.865277777195828 ], [ -115.015648146941587, 48.865370369788522 ], [ -115.015925924719923, 48.865370369788522 ], [ -115.015925924719923, 48.865462962381208 ], [ -115.016481480276568, 48.865462962381208 ], [ -115.016481480276568, 48.865555554973902 ], [ -115.024907406219128, 48.865555554973902 ], [ -115.024907406219128, 48.865648147566596 ], [ -115.025740739554109, 48.865648147566596 ], [ -115.025740739554109, 48.865740740159289 ], [ -115.026481480296312, 48.865740740159289 ], [ -115.026481480296312, 48.865833332751983 ], [ -115.027222221038514, 48.865833332751983 ], [ -115.027222221038514, 48.865925925344669 ], [ -115.027962961780716, 48.865925925344669 ], [ -115.027962961780716, 48.866018517937363 ], [ -115.028703702522918, 48.866018517937363 ], [ -115.028703702522918, 48.866111110530056 ], [ -115.02898148030124, 48.866111110530056 ], [ -115.02898148030124, 48.86620370312275 ], [ -115.029351850672342, 48.86620370312275 ], [ -115.029351850672342, 48.866296295715443 ], [ -115.029629628450678, 48.866296295715443 ], [ -115.029629628450678, 48.866388888308137 ], [ -115.029907406229, 48.866388888308137 ], [ -115.029907406229, 48.866481480900823 ], [ -115.030185184007323, 48.866481480900823 ], [ -115.030185184007323, 48.866574073493517 ], [ -115.030462961785659, 48.866574073493517 ], [ -115.030462961785659, 48.866666666086211 ], [ -115.030740739563981, 48.866666666086211 ], [ -115.030740739563981, 48.866759258678904 ], [ -115.030925924749525, 48.866759258678904 ], [ -115.030925924749525, 48.866851851271598 ], [ -115.031203702527861, 48.866851851271598 ], [ -115.031203702527861, 48.866944443864284 ], [ -115.031481480306184, 48.866944443864284 ], [ -115.031481480306184, 48.867037036456978 ], [ -115.031666665491727, 48.867037036456978 ], [ -115.031666665491727, 48.867129629049671 ], [ -115.031851850677285, 48.867129629049671 ], [ -115.031851850677285, 48.867222221642365 ], [ -115.032037035862828, 48.867222221642365 ], [ -115.032037035862828, 48.867314814235058 ], [ -115.032222221048386, 48.867314814235058 ], [ -115.032222221048386, 48.867407406827745 ], [ -115.032314813641165, 48.867407406827745 ], [ -115.032314813641165, 48.867499999420438 ], [ -115.032499998826708, 48.867499999420438 ], [ -115.032499998826708, 48.867592592013132 ], [ -115.032685184012266, 48.867592592013132 ], [ -115.032685184012266, 48.867685184605826 ], [ -115.032870369197809, 48.867685184605826 ], [ -115.032870369197809, 48.867777777198519 ], [ -115.033055554383367, 48.867777777198519 ], [ -115.033055554383367, 48.867870369791206 ], [ -115.03324073956891, 48.867870369791206 ], [ -115.03324073956891, 48.867962962383899 ], [ -115.033425924754468, 48.867962962383899 ], [ -115.033425924754468, 48.868055554976593 ], [ -115.033611109940011, 48.868055554976593 ], [ -115.033611109940011, 48.868148147569286 ], [ -115.033796295125569, 48.868148147569286 ], [ -115.033796295125569, 48.86824074016198 ], [ -115.033888887718348, 48.86824074016198 ], [ -115.033888887718348, 48.868333332754673 ], [ -115.034074072903891, 48.868333332754673 ], [ -115.034074072903891, 48.86842592534736 ], [ -115.034259258089449, 48.86842592534736 ], [ -115.034259258089449, 48.868518517940053 ], [ -115.034444443274992, 48.868518517940053 ], [ -115.034444443274992, 48.868611110532747 ], [ -115.03462962846055, 48.868611110532747 ], [ -115.03462962846055, 48.868703703125441 ], [ -115.034814813646094, 48.868703703125441 ], [ -115.034814813646094, 48.868796295718134 ], [ -115.034907406238872, 48.868796295718134 ], [ -115.034907406238872, 48.868888888310821 ], [ -115.035092591424416, 48.868888888310821 ], [ -115.035092591424416, 48.868981480903514 ], [ -115.035277776609973, 48.868981480903514 ], [ -115.035277776609973, 48.869074073496208 ], [ -115.035462961795517, 48.869074073496208 ], [ -115.035462961795517, 48.869166666088901 ], [ -115.035555554388296, 48.869166666088901 ], [ -115.035555554388296, 48.869259258681595 ], [ -115.035740739573853, 48.869259258681595 ], [ -115.035740739573853, 48.869351851274281 ], [ -115.035925924759397, 48.869351851274281 ], [ -115.035925924759397, 48.869444443866975 ], [ -115.036111109944954, 48.869444443866975 ], [ -115.036111109944954, 48.869537036459668 ], [ -115.036203702537719, 48.869537036459668 ], [ -115.036203702537719, 48.869629629052362 ], [ -115.036388887723277, 48.869629629052362 ], [ -115.036388887723277, 48.869722221645056 ], [ -115.036574072908834, 48.869722221645056 ], [ -115.036574072908834, 48.869814814237742 ], [ -115.036759258094378, 48.869814814237742 ], [ -115.036759258094378, 48.869907406830436 ], [ -115.036851850687157, 48.869907406830436 ], [ -115.036851850687157, 48.869999999423129 ], [ -115.0370370358727, 48.869999999423129 ], [ -115.0370370358727, 48.870092592015823 ], [ -115.037222221058258, 48.870092592015823 ], [ -115.037222221058258, 48.870185184608516 ], [ -115.037407406243801, 48.870185184608516 ], [ -115.037407406243801, 48.870277777201203 ], [ -115.03749999883658, 48.870277777201203 ], [ -115.03749999883658, 48.870370369793896 ], [ -115.037685184022138, 48.870370369793896 ], [ -115.037685184022138, 48.87046296238659 ], [ -115.037870369207681, 48.87046296238659 ], [ -115.037870369207681, 48.870555554979283 ], [ -115.038055554393239, 48.870555554979283 ], [ -115.038055554393239, 48.870648147571977 ], [ -115.038148146986003, 48.870648147571977 ], [ -115.038148146986003, 48.870740740164671 ], [ -115.038333332171561, 48.870740740164671 ], [ -115.038333332171561, 48.870833332757357 ], [ -115.038518517357105, 48.870833332757357 ], [ -115.038518517357105, 48.870925925350051 ], [ -115.038703702542662, 48.870925925350051 ], [ -115.038703702542662, 48.871018517942744 ], [ -115.038796295135441, 48.871018517942744 ], [ -115.038796295135441, 48.871111110535438 ], [ -115.038981480320984, 48.871111110535438 ], [ -115.038981480320984, 48.871203703128131 ], [ -115.039166665506542, 48.871203703128131 ], [ -115.039166665506542, 48.871296295720818 ], [ -115.039351850692086, 48.871296295720818 ], [ -115.039351850692086, 48.871388888313511 ], [ -115.039444443284864, 48.871388888313511 ], [ -115.039444443284864, 48.871481480906205 ], [ -115.039629628470422, 48.871481480906205 ], [ -115.039629628470422, 48.871574073498898 ], [ -115.039814813655966, 48.871574073498898 ], [ -115.039814813655966, 48.871666666091592 ], [ -115.039999998841523, 48.871666666091592 ], [ -115.039999998841523, 48.871759258684278 ], [ -115.040092591434288, 48.871759258684278 ], [ -115.040092591434288, 48.871851851276972 ], [ -115.040185184027067, 48.871851851276972 ], [ -115.040185184027067, 48.871944443869666 ], [ -115.040277776619845, 48.871944443869666 ], [ -115.040277776619845, 48.872037036462359 ], [ -115.040462961805389, 48.872037036462359 ], [ -115.040462961805389, 48.872129629055053 ], [ -115.040555554398168, 48.872129629055053 ], [ -115.040555554398168, 48.872222221647739 ], [ -115.040648146990947, 48.872222221647739 ], [ -115.040648146990947, 48.872314814240433 ], [ -115.040740739583725, 48.872314814240433 ], [ -115.040740739583725, 48.872407406833126 ], [ -115.040925924769269, 48.872407406833126 ], [ -115.040925924769269, 48.87249999942582 ], [ -115.041018517362048, 48.87249999942582 ], [ -115.041018517362048, 48.872592592018513 ], [ -115.041111109954826, 48.872592592018513 ], [ -115.041111109954826, 48.872685184611207 ], [ -115.041203702547591, 48.872685184611207 ], [ -115.041203702547591, 48.872777777203893 ], [ -115.04129629514037, 48.872777777203893 ], [ -115.04129629514037, 48.872870369796587 ], [ -115.041481480325928, 48.872870369796587 ], [ -115.041481480325928, 48.872962962389281 ], [ -115.041574072918692, 48.872962962389281 ], [ -115.041574072918692, 48.873055554981974 ], [ -115.041666665511471, 48.873055554981974 ], [ -115.041666665511471, 48.873148147574668 ], [ -115.04175925810425, 48.873148147574668 ], [ -115.04175925810425, 48.873240740167354 ], [ -115.041944443289793, 48.873240740167354 ], [ -115.041944443289793, 48.873333332760048 ], [ -115.042037035882572, 48.873333332760048 ], [ -115.042037035882572, 48.873425925352741 ], [ -115.042129628475351, 48.873425925352741 ], [ -115.042129628475351, 48.873518517945435 ], [ -115.04222222106813, 48.873518517945435 ], [ -115.04222222106813, 48.873611110538128 ], [ -115.042407406253673, 48.873611110538128 ], [ -115.042407406253673, 48.873703703130815 ], [ -115.042499998846452, 48.873703703130815 ], [ -115.042499998846452, 48.873796295723508 ], [ -115.042592591439231, 48.873796295723508 ], [ -115.042592591439231, 48.873888888316202 ], [ -115.04268518403201, 48.873888888316202 ], [ -115.04268518403201, 48.873981480908895 ], [ -115.042870369217553, 48.873981480908895 ], [ -115.042870369217553, 48.874074073501589 ], [ -115.042962961810332, 48.874074073501589 ], [ -115.042962961810332, 48.874166666094276 ], [ -115.043055554403111, 48.874166666094276 ], [ -115.043055554403111, 48.874259258686969 ], [ -115.043148146995875, 48.874259258686969 ], [ -115.043148146995875, 48.874351851279663 ], [ -115.043240739588654, 48.874351851279663 ], [ -115.043240739588654, 48.874444443872356 ], [ -115.043425924774212, 48.874444443872356 ], [ -115.043425924774212, 48.87453703646505 ], [ -115.043518517366977, 48.87453703646505 ], [ -115.043518517366977, 48.874629629057736 ], [ -115.043611109959755, 48.874629629057736 ], [ -115.043611109959755, 48.87472222165043 ], [ -115.043703702552534, 48.87472222165043 ], [ -115.043703702552534, 48.874814814243123 ], [ -115.043888887738078, 48.874814814243123 ], [ -115.043888887738078, 48.874907406835817 ], [ -115.043981480330856, 48.874907406835817 ], [ -115.043981480330856, 48.87499999942851 ], [ -115.044074072923635, 48.87499999942851 ], [ -115.044074072923635, 48.875092592021204 ], [ -115.044166665516414, 48.875092592021204 ], [ -115.044166665516414, 48.87518518461389 ], [ -115.044351850701958, 48.87518518461389 ], [ -115.044351850701958, 48.875277777206584 ], [ -115.044444443294736, 48.875277777206584 ], [ -115.044444443294736, 48.875370369799278 ], [ -115.044537035887515, 48.875370369799278 ], [ -115.044537035887515, 48.875462962391971 ], [ -115.04462962848028, 48.875462962391971 ], [ -115.04462962848028, 48.875555554984665 ], [ -115.044907406258616, 48.875555554984665 ], [ -115.044907406258616, 48.875648147577351 ], [ -115.04509259144416, 48.875648147577351 ], [ -115.04509259144416, 48.875740740170045 ], [ -115.045370369222482, 48.875740740170045 ], [ -115.045370369222482, 48.875833332762738 ], [ -115.04555555440804, 48.875833332762738 ], [ -115.04555555440804, 48.875925925355432 ], [ -115.045833332186362, 48.875925925355432 ], [ -115.045833332186362, 48.876018517948125 ], [ -115.04601851737192, 48.876018517948125 ], [ -115.04601851737192, 48.876111110540812 ], [ -115.046296295150242, 48.876111110540812 ], [ -115.046296295150242, 48.876203703133505 ], [ -115.0464814803358, 48.876203703133505 ], [ -115.0464814803358, 48.876296295726199 ], [ -115.046666665521343, 48.876296295726199 ], [ -115.046666665521343, 48.876388888318893 ], [ -115.046944443299665, 48.876388888318893 ], [ -115.046944443299665, 48.876481480911586 ], [ -115.047129628485223, 48.876481480911586 ], [ -115.047129628485223, 48.876574073504273 ], [ -115.047407406263545, 48.876574073504273 ], [ -115.047407406263545, 48.876666666096966 ], [ -115.047592591449103, 48.876666666096966 ], [ -115.047592591449103, 48.87675925868966 ], [ -115.047870369227425, 48.87675925868966 ], [ -115.047870369227425, 48.876851851282353 ], [ -115.048055554412969, 48.876851851282353 ], [ -115.048055554412969, 48.876944443875047 ], [ -115.048240739598526, 48.876944443875047 ], [ -115.048240739598526, 48.877037036467733 ], [ -115.048518517376849, 48.877037036467733 ], [ -115.048518517376849, 48.877129629060427 ], [ -115.048703702562406, 48.877129629060427 ], [ -115.048703702562406, 48.87722222165312 ], [ -115.048981480340728, 48.87722222165312 ], [ -115.048981480340728, 48.877314814245814 ], [ -115.049074072933507, 48.877314814245814 ], [ -115.049074072933507, 48.877407406838508 ], [ -115.049259258119051, 48.877407406838508 ], [ -115.049259258119051, 48.877499999431201 ], [ -115.04935185071183, 48.877499999431201 ], [ -115.04935185071183, 48.877592592023888 ], [ -115.049537035897387, 48.877592592023888 ], [ -115.049537035897387, 48.877685184616581 ], [ -115.049629628490152, 48.877685184616581 ], [ -115.049629628490152, 48.877777777209275 ], [ -115.04981481367571, 48.877777777209275 ], [ -115.04981481367571, 48.877870369801968 ], [ -115.049907406268488, 48.877870369801968 ], [ -115.049907406268488, 48.877962962394662 ], [ -115.050092591454032, 48.877962962394662 ], [ -115.050092591454032, 48.878055554987348 ], [ -115.050185184046811, 48.878055554987348 ], [ -115.050185184046811, 48.878148147580042 ], [ -115.050462961825133, 48.878148147580042 ], [ -115.050462961825133, 48.878240740172735 ], [ -115.051018517381792, 48.878240740172735 ], [ -115.051018517381792, 48.878333332765429 ], [ -115.052222221087874, 48.878333332765429 ], [ -115.052222221087874, 48.878518517950809 ], [ -115.052314813680638, 48.878518517950809 ], [ -115.052314813680638, 48.87879629572889 ], [ -115.052407406273417, 48.87879629572889 ], [ -115.052407406273417, 48.87898148091427 ], [ -115.052499998866196, 48.87898148091427 ], [ -115.052499998866196, 48.87925925869235 ], [ -115.052592591458975, 48.87925925869235 ], [ -115.052592591458975, 48.879537036470424 ], [ -115.052685184051739, 48.879537036470424 ], [ -115.052685184051739, 48.879814814248505 ], [ -115.052777776644518, 48.879814814248505 ], [ -115.052777776644518, 48.880092592026578 ], [ -115.052870369237297, 48.880092592026578 ], [ -115.052870369237297, 48.880370369804659 ], [ -115.052962961830076, 48.880370369804659 ], [ -115.052962961830076, 48.880648147582733 ], [ -115.053055554422841, 48.880648147582733 ], [ -115.053055554422841, 48.880925925360806 ], [ -115.053148147015619, 48.880925925360806 ], [ -115.053148147015619, 48.881111110546193 ], [ -115.053240739608398, 48.881111110546193 ], [ -115.053240739608398, 48.881388888324267 ], [ -115.053333332201177, 48.881388888324267 ], [ -115.053333332201177, 48.881666666102348 ], [ -115.053425924793942, 48.881666666102348 ], [ -115.053425924793942, 48.881944443880421 ], [ -115.053518517386721, 48.881944443880421 ], [ -115.053518517386721, 48.882222221658502 ], [ -115.053611109979499, 48.882222221658502 ], [ -115.053611109979499, 48.882499999436575 ], [ -115.053703702572278, 48.882499999436575 ], [ -115.053703702572278, 48.882777777214656 ], [ -115.053796295165043, 48.882777777214656 ], [ -115.053796295165043, 48.882962962400036 ], [ -115.053888887757822, 48.882962962400036 ], [ -115.053888887757822, 48.883240740178117 ], [ -115.0539814803506, 48.883240740178117 ], [ -115.0539814803506, 48.88351851795619 ], [ -115.054074072943379, 48.88351851795619 ], [ -115.054074072943379, 48.883703703141578 ], [ -115.054166665536144, 48.883703703141578 ], [ -115.054166665536144, 48.883981480919651 ], [ -115.054259258128923, 48.883981480919651 ], [ -115.054259258128923, 48.884166666105038 ], [ -115.054351850721702, 48.884166666105038 ], [ -115.054351850721702, 48.884444443883112 ], [ -115.05444444331448, 48.884444443883112 ], [ -115.05444444331448, 48.884629629068499 ], [ -115.054537035907245, 48.884629629068499 ], [ -115.054537035907245, 48.884814814253879 ], [ -115.054629628500024, 48.884814814253879 ], [ -115.054629628500024, 48.88509259203196 ], [ -115.054722221092803, 48.88509259203196 ], [ -115.054722221092803, 48.88527777721734 ], [ -115.054814813685581, 48.88527777721734 ], [ -115.054814813685581, 48.885462962402727 ], [ -115.054907406278346, 48.885462962402727 ], [ -115.054907406278346, 48.8857407401808 ], [ -115.054999998871125, 48.8857407401808 ], [ -115.054999998871125, 48.885925925366188 ], [ -115.055092591463904, 48.885925925366188 ], [ -115.055092591463904, 48.886203703144268 ], [ -115.055185184056683, 48.886203703144268 ], [ -115.055185184056683, 48.886388888329648 ], [ -115.055277776649447, 48.886388888329648 ], [ -115.055277776649447, 48.886574073515035 ], [ -115.055370369242226, 48.886574073515035 ], [ -115.055370369242226, 48.886851851293109 ], [ -115.055462961835005, 48.886851851293109 ], [ -115.055462961835005, 48.887037036478496 ], [ -115.055555554427784, 48.887037036478496 ], [ -115.055555554427784, 48.88731481425657 ], [ -115.055648147020563, 48.88731481425657 ], [ -115.055648147020563, 48.887499999441957 ], [ -115.055740739613327, 48.887499999441957 ], [ -115.055740739613327, 48.887870369812724 ], [ -115.055833332206106, 48.887870369812724 ], [ -115.055833332206106, 48.888240740183491 ], [ -115.055925924798885, 48.888240740183491 ], [ -115.055925924798885, 48.888611110554265 ], [ -115.056018517391664, 48.888611110554265 ], [ -115.056018517391664, 48.888981480925032 ], [ -115.056111109984428, 48.888981480925032 ], [ -115.056111109984428, 48.8893518512958 ], [ -115.056203702577207, 48.8893518512958 ], [ -115.056203702577207, 48.889722221666567 ], [ -115.056296295169986, 48.889722221666567 ], [ -115.056296295169986, 48.890092592037334 ], [ -115.056388887762765, 48.890092592037334 ], [ -115.056388887762765, 48.890462962408108 ], [ -115.056481480355529, 48.890462962408108 ], [ -115.056481480355529, 48.890833332778875 ], [ -115.056574072948308, 48.890833332778875 ], [ -115.056574072948308, 48.891203703149642 ], [ -115.056666665541087, 48.891203703149642 ], [ -115.056666665541087, 48.89157407352041 ], [ -115.056759258133866, 48.89157407352041 ], [ -115.056759258133866, 48.891944443891184 ], [ -115.05685185072663, 48.891944443891184 ], [ -115.05685185072663, 48.892314814261951 ], [ -115.056944443319409, 48.892314814261951 ], [ -115.056944443319409, 48.893148147596179 ], [ -115.057037035912188, 48.893148147596179 ], [ -115.057037035912188, 48.893981480930407 ], [ -115.057129628504967, 48.893981480930407 ], [ -115.057129628504967, 48.894907406857335 ], [ -115.057222221097732, 48.894907406857335 ], [ -115.057222221097732, 48.902777777236167 ], [ -115.057129628504967, 48.902777777236167 ], [ -115.057129628504967, 48.906018517980399 ], [ -115.056759258133866, 48.906018517980399 ], [ -115.056759258133866, 48.905925925387706 ], [ -115.056666665541087, 48.905925925387706 ], [ -115.056666665541087, 48.906018517980399 ], [ -115.056388887762765, 48.906018517980399 ], [ -115.056388887762765, 48.906111110573086 ], [ -115.056296295169986, 48.906111110573086 ], [ -115.056296295169986, 48.906203703165779 ], [ -115.056111109984428, 48.906203703165779 ], [ -115.056111109984428, 48.907037036500007 ], [ -115.056203702577207, 48.907037036500007 ], [ -115.056203702577207, 48.907314814278088 ], [ -115.056296295169986, 48.907314814278088 ], [ -115.056296295169986, 48.907499999463468 ], [ -115.056388887762765, 48.907499999463468 ], [ -115.056388887762765, 48.907592592056162 ], [ -115.056481480355529, 48.907592592056162 ], [ -115.056481480355529, 48.907685184648855 ], [ -115.056759258133866, 48.907685184648855 ], [ -115.056759258133866, 48.907777777241549 ], [ -115.057037035912188, 48.907777777241549 ], [ -115.057037035912188, 48.910185184651546 ], [ -115.056944443319409, 48.910185184651546 ], [ -115.056944443319409, 48.913148147617697 ], [ -115.05685185072663, 48.913148147617697 ], [ -115.05685185072663, 48.916111110583849 ], [ -115.056759258133866, 48.916111110583849 ], [ -115.056759258133866, 48.919074073549993 ], [ -115.056666665541087, 48.919074073549993 ], [ -115.056666665541087, 48.922037036516144 ], [ -115.056574072948308, 48.922037036516144 ], [ -115.056574072948308, 48.924537036518835 ], [ -115.056666665541087, 48.924537036518835 ], [ -115.056666665541087, 48.924814814296916 ], [ -115.056759258133866, 48.924814814296916 ], [ -115.056759258133866, 48.925092592074989 ], [ -115.05685185072663, 48.925092592074989 ], [ -115.05685185072663, 48.925277777260376 ], [ -115.056944443319409, 48.925277777260376 ], [ -115.056944443319409, 48.92555555503845 ], [ -115.057037035912188, 48.92555555503845 ], [ -115.057037035912188, 48.925740740223837 ], [ -115.057129628504967, 48.925740740223837 ], [ -115.057129628504967, 48.926018518001911 ], [ -115.057222221097732, 48.926018518001911 ], [ -115.057222221097732, 48.926203703187298 ], [ -115.05731481369051, 48.926203703187298 ], [ -115.05731481369051, 48.926388888372678 ], [ -115.057407406283289, 48.926388888372678 ], [ -115.057407406283289, 48.926666666150759 ], [ -115.057499998876068, 48.926666666150759 ], [ -115.057499998876068, 48.926851851336139 ], [ -115.057592591468833, 48.926851851336139 ], [ -115.057592591468833, 48.927129629114219 ], [ -115.057685184061611, 48.927129629114219 ], [ -115.057685184061611, 48.927499999484986 ], [ -115.05777777665439, 48.927499999484986 ], [ -115.05777777665439, 48.927962962448447 ], [ -115.057870369247169, 48.927962962448447 ], [ -115.057870369247169, 48.928425925411908 ], [ -115.057962961839934, 48.928425925411908 ], [ -115.057962961839934, 48.928888888375369 ], [ -115.058055554432713, 48.928888888375369 ], [ -115.058055554432713, 48.929351851338829 ], [ -115.058148147025491, 48.929351851338829 ], [ -115.058148147025491, 48.92981481430229 ], [ -115.05824073961827, 48.92981481430229 ], [ -115.05824073961827, 48.930277777265751 ], [ -115.058333332211035, 48.930277777265751 ] ], [ [ -115.058148147025491, 48.930277777265751 ], [ -115.058148147025491, 48.929999999487677 ], [ -115.058055554432713, 48.929999999487677 ], [ -115.058055554432713, 48.929907406894984 ], [ -115.057962961839934, 48.929907406894984 ], [ -115.057962961839934, 48.929537036524216 ], [ -115.057870369247169, 48.929537036524216 ], [ -115.057870369247169, 48.929444443931523 ], [ -115.05777777665439, 48.929444443931523 ], [ -115.05777777665439, 48.929166666153449 ], [ -115.057685184061611, 48.929166666153449 ], [ -115.057685184061611, 48.929074073560756 ], [ -115.057592591468833, 48.929074073560756 ], [ -115.057592591468833, 48.928888888375369 ], [ -115.057499998876068, 48.928888888375369 ], [ -115.057499998876068, 48.928796295782675 ], [ -115.057407406283289, 48.928796295782675 ], [ -115.057407406283289, 48.928703703189989 ], [ -115.05731481369051, 48.928703703189989 ], [ -115.05731481369051, 48.928611110597295 ], [ -115.057222221097732, 48.928611110597295 ], [ -115.057222221097732, 48.928425925411908 ], [ -115.057037035912188, 48.928425925411908 ], [ -115.057037035912188, 48.928333332819214 ], [ -115.056944443319409, 48.928333332819214 ], [ -115.056944443319409, 48.928240740226528 ], [ -115.056759258133866, 48.928240740226528 ], [ -115.056759258133866, 48.928148147633834 ], [ -115.056574072948308, 48.928148147633834 ], [ -115.056574072948308, 48.928055555041141 ], [ -115.056388887762765, 48.928055555041141 ], [ -115.056388887762765, 48.927962962448447 ], [ -115.056296295169986, 48.927962962448447 ], [ -115.056296295169986, 48.926666666150759 ], [ -115.056388887762765, 48.926666666150759 ], [ -115.056388887762765, 48.926203703187298 ], [ -115.056296295169986, 48.926203703187298 ], [ -115.056296295169986, 48.926111110594604 ], [ -115.056203702577207, 48.926111110594604 ], [ -115.056203702577207, 48.925833332816531 ], [ -115.056111109984428, 48.925833332816531 ], [ -115.056111109984428, 48.925740740223837 ], [ -115.055925924798885, 48.925740740223837 ], [ -115.055925924798885, 48.925648147631144 ], [ -115.055833332206106, 48.925648147631144 ], [ -115.055833332206106, 48.92555555503845 ], [ -115.055740739613327, 48.92555555503845 ], [ -115.055740739613327, 48.925462962445756 ], [ -115.055648147020563, 48.925462962445756 ], [ -115.055648147020563, 48.925370369853063 ], [ -115.055555554427784, 48.925370369853063 ], [ -115.055555554427784, 48.924629629111529 ], [ -115.055648147020563, 48.924629629111529 ], [ -115.055648147020563, 48.924259258740761 ], [ -115.055555554427784, 48.924259258740761 ], [ -115.055555554427784, 48.924166666148068 ], [ -115.055462961835005, 48.924166666148068 ], [ -115.055462961835005, 48.923888888369994 ], [ -115.055370369242226, 48.923888888369994 ], [ -115.055370369242226, 48.923796295777301 ], [ -115.055277776649447, 48.923796295777301 ], [ -115.055277776649447, 48.923703703184607 ], [ -115.055185184056683, 48.923703703184607 ], [ -115.055185184056683, 48.923611110591914 ], [ -115.055092591463904, 48.923611110591914 ], [ -115.055092591463904, 48.92351851799922 ], [ -115.054814813685581, 48.92351851799922 ], [ -115.054814813685581, 48.923425925406526 ], [ -115.054722221092803, 48.923425925406526 ], [ -115.054722221092803, 48.923240740221146 ], [ -115.054629628500024, 48.923240740221146 ], [ -115.054629628500024, 48.923148147628453 ], [ -115.054537035907245, 48.923148147628453 ], [ -115.054537035907245, 48.922962962443066 ], [ -115.05444444331448, 48.922962962443066 ], [ -115.05444444331448, 48.922870369850379 ], [ -115.054259258128923, 48.922870369850379 ], [ -115.054259258128923, 48.922962962443066 ], [ -115.054166665536144, 48.922962962443066 ], [ -115.054166665536144, 48.923055555035759 ], [ -115.0539814803506, 48.923055555035759 ], [ -115.0539814803506, 48.923148147628453 ], [ -115.053796295165043, 48.923148147628453 ], [ -115.053796295165043, 48.92333333281384 ], [ -115.053703702572278, 48.92333333281384 ], [ -115.053703702572278, 48.923425925406526 ], [ -115.053425924793942, 48.923425925406526 ], [ -115.053425924793942, 48.92351851799922 ], [ -115.053240739608398, 48.92351851799922 ], [ -115.053240739608398, 48.923611110591914 ], [ -115.053148147015619, 48.923611110591914 ], [ -115.053148147015619, 48.923703703184607 ], [ -115.053055554422841, 48.923703703184607 ], [ -115.053055554422841, 48.923888888369994 ], [ -115.052962961830076, 48.923888888369994 ], [ -115.052962961830076, 48.923981480962681 ], [ -115.052777776644518, 48.923981480962681 ], [ -115.052777776644518, 48.924074073555374 ], [ -115.052870369237297, 48.924074073555374 ], [ -115.052870369237297, 48.924166666148068 ], [ -115.052962961830076, 48.924166666148068 ], [ -115.052962961830076, 48.924351851333455 ], [ -115.052870369237297, 48.924351851333455 ], [ -115.052870369237297, 48.924444443926141 ], [ -115.052962961830076, 48.924444443926141 ], [ -115.052962961830076, 48.924629629111529 ], [ -115.053055554422841, 48.924629629111529 ], [ -115.053055554422841, 48.924814814296916 ], [ -115.053240739608398, 48.924814814296916 ], [ -115.053240739608398, 48.924907406889602 ], [ -115.053333332201177, 48.924907406889602 ], [ -115.053333332201177, 48.924999999482296 ], [ -115.053611109979499, 48.924999999482296 ], [ -115.053611109979499, 48.925092592074989 ], [ -115.054166665536144, 48.925092592074989 ], [ -115.054166665536144, 48.925185184667683 ], [ -115.054259258128923, 48.925185184667683 ], [ -115.054259258128923, 48.925370369853063 ], [ -115.05444444331448, 48.925370369853063 ], [ -115.05444444331448, 48.925462962445756 ], [ -115.054537035907245, 48.925462962445756 ], [ -115.054537035907245, 48.925648147631144 ], [ -115.054629628500024, 48.925648147631144 ], [ -115.054629628500024, 48.926111110594604 ], [ -115.054537035907245, 48.926111110594604 ], [ -115.054537035907245, 48.926203703187298 ], [ -115.054351850721702, 48.926203703187298 ], [ -115.054351850721702, 48.926388888372678 ], [ -115.05444444331448, 48.926388888372678 ], [ -115.05444444331448, 48.927037036521526 ], [ -115.054351850721702, 48.927037036521526 ], [ -115.054351850721702, 48.927499999484986 ], [ -115.054722221092803, 48.927499999484986 ], [ -115.054722221092803, 48.92759259207768 ], [ -115.054999998871125, 48.92759259207768 ], [ -115.054999998871125, 48.927685184670374 ], [ -115.055092591463904, 48.927685184670374 ], [ -115.055092591463904, 48.927870369855754 ], [ -115.054999998871125, 48.927870369855754 ], [ -115.054999998871125, 48.927962962448447 ], [ -115.054907406278346, 48.927962962448447 ], [ -115.054907406278346, 48.928055555041141 ], [ -115.054722221092803, 48.928055555041141 ], [ -115.054722221092803, 48.928333332819214 ], [ -115.054629628500024, 48.928333332819214 ], [ -115.054629628500024, 48.928425925411908 ], [ -115.054259258128923, 48.928425925411908 ], [ -115.054259258128923, 48.928796295782675 ], [ -115.054351850721702, 48.928796295782675 ], [ -115.054351850721702, 48.928888888375369 ], [ -115.05444444331448, 48.928888888375369 ], [ -115.05444444331448, 48.928981480968062 ], [ -115.054537035907245, 48.928981480968062 ], [ -115.054537035907245, 48.929074073560756 ], [ -115.054814813685581, 48.929074073560756 ], [ -115.054814813685581, 48.929166666153449 ], [ -115.054907406278346, 48.929166666153449 ], [ -115.054907406278346, 48.929351851338829 ], [ -115.055092591463904, 48.929351851338829 ], [ -115.055092591463904, 48.929444443931523 ], [ -115.055185184056683, 48.929444443931523 ], [ -115.055185184056683, 48.929722221709596 ], [ -115.055370369242226, 48.929722221709596 ], [ -115.055370369242226, 48.92981481430229 ], [ -115.055462961835005, 48.92981481430229 ], [ -115.055462961835005, 48.930370369858444 ], [ -115.055555554427784, 48.930370369858444 ], [ -115.055555554427784, 48.930462962451138 ], [ -115.055648147020563, 48.930462962451138 ], [ -115.055648147020563, 48.930555555043831 ], [ -115.055740739613327, 48.930555555043831 ], [ -115.055740739613327, 48.930648147636525 ], [ -115.055833332206106, 48.930648147636525 ], [ -115.055833332206106, 48.930740740229211 ], [ -115.056018517391664, 48.930740740229211 ], [ -115.056018517391664, 48.930833332821905 ], [ -115.056111109984428, 48.930833332821905 ], [ -115.056111109984428, 48.930925925414599 ], [ -115.056203702577207, 48.930925925414599 ], [ -115.056203702577207, 48.931018518007292 ], [ -115.056296295169986, 48.931018518007292 ], [ -115.056296295169986, 48.931111110599986 ], [ -115.056388887762765, 48.931111110599986 ], [ -115.056388887762765, 48.931203703192672 ], [ -115.056666665541087, 48.931203703192672 ], [ -115.056666665541087, 48.931296295785366 ], [ -115.05731481369051, 48.931296295785366 ], [ -115.05731481369051, 48.931203703192672 ], [ -115.057499998876068, 48.931203703192672 ], [ -115.057499998876068, 48.931111110599986 ], [ -115.05777777665439, 48.931111110599986 ], [ -115.05777777665439, 48.931018518007292 ], [ -115.057870369247169, 48.931018518007292 ], [ -115.057870369247169, 48.930925925414599 ], [ -115.058055554432713, 48.930925925414599 ], [ -115.058055554432713, 48.930740740229211 ], [ -115.058148147025491, 48.930740740229211 ], [ -115.058148147025491, 48.930648147636525 ], [ -115.05824073961827, 48.930648147636525 ], [ -115.05824073961827, 48.930277777265751 ], [ -115.058148147025491, 48.930277777265751 ] ], [ [ -114.745555553815805, 48.98898148103261 ], [ -114.745462961223041, 48.98898148103261 ], [ -114.745462961223041, 48.989074073625304 ], [ -114.745555553815805, 48.989074073625304 ], [ -114.745555553815805, 48.98898148103261 ] ], [ [ -114.886111109648837, 48.986203703251846 ], [ -114.886388887427159, 48.986203703251846 ], [ -114.886388887427159, 48.986111110659152 ], [ -114.886574072612717, 48.986111110659152 ], [ -114.886574072612717, 48.986018518066459 ], [ -114.886851850391039, 48.986018518066459 ], [ -114.886851850391039, 48.985925925473765 ], [ -114.887129628169362, 48.985925925473765 ], [ -114.887129628169362, 48.985833332881072 ], [ -114.887222220762141, 48.985833332881072 ], [ -114.887222220762141, 48.985740740288385 ], [ -114.887407405947684, 48.985740740288385 ], [ -114.887407405947684, 48.984814814361457 ], [ -114.887314813354919, 48.984814814361457 ], [ -114.887314813354919, 48.98472222176877 ], [ -114.887222220762141, 48.98472222176877 ], [ -114.887222220762141, 48.984444443990689 ], [ -114.886851850391039, 48.984444443990689 ], [ -114.886851850391039, 48.984351851397996 ], [ -114.886296294834381, 48.984351851397996 ], [ -114.886296294834381, 48.984444443990689 ], [ -114.886111109648837, 48.984444443990689 ], [ -114.886111109648837, 48.984537036583383 ], [ -114.886018517056058, 48.984537036583383 ], [ -114.886018517056058, 48.984629629176077 ], [ -114.88592592446328, 48.984629629176077 ], [ -114.88592592446328, 48.98472222176877 ], [ -114.885740739277736, 48.98472222176877 ], [ -114.885740739277736, 48.984814814361457 ], [ -114.885462961499414, 48.984814814361457 ], [ -114.885462961499414, 48.985370369917611 ], [ -114.885370368906635, 48.985370369917611 ], [ -114.885370368906635, 48.985462962510304 ], [ -114.885277776313856, 48.985462962510304 ], [ -114.885277776313856, 48.985555555102998 ], [ -114.885185183721077, 48.985555555102998 ], [ -114.885185183721077, 48.985648147695692 ], [ -114.885092591128313, 48.985648147695692 ], [ -114.885092591128313, 48.985740740288385 ], [ -114.884999998535534, 48.985740740288385 ], [ -114.884999998535534, 48.985925925473765 ], [ -114.885092591128313, 48.985925925473765 ], [ -114.885092591128313, 48.986111110659152 ], [ -114.885185183721077, 48.986111110659152 ], [ -114.885185183721077, 48.986203703251846 ], [ -114.885277776313856, 48.986203703251846 ], [ -114.885277776313856, 48.986296295844532 ], [ -114.886111109648837, 48.986296295844532 ], [ -114.886111109648837, 48.986203703251846 ] ], [ [ -114.733611109347791, 48.98064814769031 ], [ -114.733703701940556, 48.98064814769031 ], [ -114.733703701940556, 48.980462962504923 ], [ -114.733518516755012, 48.980462962504923 ], [ -114.733518516755012, 48.980740740283004 ], [ -114.733611109347791, 48.980740740283004 ], [ -114.733611109347791, 48.98064814769031 ] ], [ [ -114.733888887126113, 48.980370369912237 ], [ -114.733796294533335, 48.980370369912237 ], [ -114.733796294533335, 48.980462962504923 ], [ -114.733888887126113, 48.980462962504923 ], [ -114.733888887126113, 48.980370369912237 ] ], [ [ -115.050648147010691, 48.961481481003027 ], [ -115.050555554417912, 48.961481481003027 ], [ -115.050555554417912, 48.961388888410333 ], [ -115.050462961825133, 48.961388888410333 ], [ -115.050462961825133, 48.961203703224946 ], [ -115.050277776639589, 48.961203703224946 ], [ -115.050277776639589, 48.961111110632253 ], [ -115.050185184046811, 48.961111110632253 ], [ -115.050185184046811, 48.961018518039566 ], [ -115.050092591454032, 48.961018518039566 ], [ -115.050092591454032, 48.960925925446872 ], [ -115.049907406268488, 48.960925925446872 ], [ -115.049907406268488, 48.960833332854179 ], [ -115.04981481367571, 48.960833332854179 ], [ -115.04981481367571, 48.960740740261485 ], [ -115.049537035897387, 48.960740740261485 ], [ -115.049537035897387, 48.960648147668792 ], [ -115.04935185071183, 48.960648147668792 ], [ -115.04935185071183, 48.960555555076105 ], [ -115.049074072933507, 48.960555555076105 ], [ -115.049074072933507, 48.960462962483412 ], [ -115.048981480340728, 48.960462962483412 ], [ -115.048981480340728, 48.960370369890718 ], [ -115.048703702562406, 48.960370369890718 ], [ -115.048703702562406, 48.960277777298025 ], [ -115.048611109969627, 48.960277777298025 ], [ -115.048611109969627, 48.960185184705331 ], [ -115.048333332191305, 48.960185184705331 ], [ -115.048333332191305, 48.960092592112645 ], [ -115.048055554412969, 48.960092592112645 ], [ -115.048055554412969, 48.959999999519951 ], [ -115.047870369227425, 48.959999999519951 ], [ -115.047870369227425, 48.959907406927258 ], [ -115.047592591449103, 48.959907406927258 ], [ -115.047592591449103, 48.959814814334564 ], [ -115.046944443299665, 48.959814814334564 ], [ -115.046944443299665, 48.959999999519951 ], [ -115.047037035892444, 48.959999999519951 ], [ -115.047037035892444, 48.960092592112645 ], [ -115.047222221078002, 48.960092592112645 ], [ -115.047222221078002, 48.960185184705331 ], [ -115.047314813670766, 48.960185184705331 ], [ -115.047314813670766, 48.960277777298025 ], [ -115.047499998856324, 48.960277777298025 ], [ -115.047499998856324, 48.960370369890718 ], [ -115.047592591449103, 48.960370369890718 ], [ -115.047592591449103, 48.960462962483412 ], [ -115.047777776634646, 48.960462962483412 ], [ -115.047777776634646, 48.960555555076105 ], [ -115.047870369227425, 48.960555555076105 ], [ -115.047870369227425, 48.960648147668792 ], [ -115.047962961820204, 48.960648147668792 ], [ -115.047962961820204, 48.960740740261485 ], [ -115.048055554412969, 48.960740740261485 ], [ -115.048055554412969, 48.960833332854179 ], [ -115.048148147005747, 48.960833332854179 ], [ -115.048148147005747, 48.960925925446872 ], [ -115.048240739598526, 48.960925925446872 ], [ -115.048240739598526, 48.961018518039566 ], [ -115.048333332191305, 48.961018518039566 ], [ -115.048333332191305, 48.961111110632253 ], [ -115.04842592478407, 48.961111110632253 ], [ -115.04842592478407, 48.961203703224946 ], [ -115.048518517376849, 48.961203703224946 ], [ -115.048518517376849, 48.96129629581764 ], [ -115.048703702562406, 48.96129629581764 ], [ -115.048703702562406, 48.961388888410333 ], [ -115.048796295155171, 48.961388888410333 ], [ -115.048796295155171, 48.961481481003027 ], [ -115.049166665526286, 48.961481481003027 ], [ -115.049166665526286, 48.961388888410333 ], [ -115.049999998861253, 48.961388888410333 ], [ -115.049999998861253, 48.961481481003027 ], [ -115.050185184046811, 48.961481481003027 ], [ -115.050185184046811, 48.96157407359572 ], [ -115.050648147010691, 48.96157407359572 ], [ -115.050648147010691, 48.961481481003027 ] ], [ [ -115.055277776649447, 48.960648147668792 ], [ -115.055185184056683, 48.960648147668792 ], [ -115.055185184056683, 48.960740740261485 ], [ -115.055277776649447, 48.960740740261485 ], [ -115.055277776649447, 48.960648147668792 ] ], [ [ -115.046388887743021, 48.959351851371103 ], [ -115.046296295150242, 48.959351851371103 ], [ -115.046296295150242, 48.959444443963797 ], [ -115.046388887743021, 48.959444443963797 ], [ -115.046388887743021, 48.959351851371103 ] ], [ [ -115.040092591434288, 48.951851851363038 ], [ -115.039999998841523, 48.951851851363038 ], [ -115.039999998841523, 48.951944443955725 ], [ -115.040092591434288, 48.951944443955725 ], [ -115.040092591434288, 48.951851851363038 ] ], [ [ -114.733425924162233, 48.948055555062659 ], [ -114.733518516755012, 48.948055555062659 ], [ -114.733518516755012, 48.947962962469965 ], [ -114.733703701940556, 48.947962962469965 ], [ -114.733703701940556, 48.947870369877272 ], [ -114.733981479718892, 48.947870369877272 ], [ -114.733981479718892, 48.947777777284578 ], [ -114.734166664904436, 48.947777777284578 ], [ -114.734166664904436, 48.947499999506505 ], [ -114.734259257497214, 48.947499999506505 ], [ -114.734259257497214, 48.947222221728424 ], [ -114.734351850089993, 48.947222221728424 ], [ -114.734351850089993, 48.947129629135731 ], [ -114.734444442682758, 48.947129629135731 ], [ -114.734444442682758, 48.94648148098689 ], [ -114.734259257497214, 48.94648148098689 ], [ -114.734259257497214, 48.946388888394196 ], [ -114.734166664904436, 48.946388888394196 ], [ -114.734166664904436, 48.946203703208809 ], [ -114.733981479718892, 48.946203703208809 ], [ -114.733981479718892, 48.946111110616123 ], [ -114.733888887126113, 48.946111110616123 ], [ -114.733888887126113, 48.946018518023429 ], [ -114.733796294533335, 48.946018518023429 ], [ -114.733796294533335, 48.945925925430736 ], [ -114.733333331569455, 48.945925925430736 ], [ -114.733333331569455, 48.945833332838042 ], [ -114.733148146383911, 48.945833332838042 ], [ -114.733148146383911, 48.946018518023429 ], [ -114.733055553791132, 48.946018518023429 ], [ -114.733055553791132, 48.946111110616123 ], [ -114.732962961198353, 48.946111110616123 ], [ -114.732962961198353, 48.946203703208809 ], [ -114.73277777601281, 48.946203703208809 ], [ -114.73277777601281, 48.946296295801503 ], [ -114.732685183420031, 48.946296295801503 ], [ -114.732685183420031, 48.946388888394196 ], [ -114.732499998234488, 48.946388888394196 ], [ -114.732499998234488, 48.946574073579583 ], [ -114.732407405641709, 48.946574073579583 ], [ -114.732407405641709, 48.94666666617227 ], [ -114.73231481304893, 48.94666666617227 ], [ -114.73231481304893, 48.946851851357657 ], [ -114.732222220456151, 48.946851851357657 ], [ -114.732222220456151, 48.94694444395035 ], [ -114.732037035270608, 48.94694444395035 ], [ -114.732037035270608, 48.947129629135731 ], [ -114.731944442677829, 48.947129629135731 ], [ -114.731944442677829, 48.947222221728424 ], [ -114.73185185008505, 48.947222221728424 ], [ -114.73185185008505, 48.947685184691885 ], [ -114.732129627863372, 48.947685184691885 ], [ -114.732129627863372, 48.947777777284578 ], [ -114.732592590827252, 48.947777777284578 ], [ -114.732592590827252, 48.947870369877272 ], [ -114.732870368605589, 48.947870369877272 ], [ -114.732870368605589, 48.947962962469965 ], [ -114.732962961198353, 48.947962962469965 ], [ -114.732962961198353, 48.948055555062659 ], [ -114.73324073897669, 48.948055555062659 ], [ -114.73324073897669, 48.948148147655345 ], [ -114.733425924162233, 48.948148147655345 ], [ -114.733425924162233, 48.948055555062659 ] ], [ [ -115.039259258099307, 48.945925925430736 ], [ -115.039351850692086, 48.945925925430736 ], [ -115.039351850692086, 48.945648147652655 ], [ -115.039259258099307, 48.945648147652655 ], [ -115.039259258099307, 48.945462962467275 ], [ -115.039166665506542, 48.945462962467275 ], [ -115.039166665506542, 48.945370369874581 ], [ -115.039074072913763, 48.945370369874581 ], [ -115.039074072913763, 48.945185184689194 ], [ -115.038981480320984, 48.945185184689194 ], [ -115.038981480320984, 48.945092592096508 ], [ -115.038888887728206, 48.945092592096508 ], [ -115.038888887728206, 48.944999999503814 ], [ -115.038796295135441, 48.944999999503814 ], [ -115.038796295135441, 48.944814814318427 ], [ -115.038703702542662, 48.944814814318427 ], [ -115.038703702542662, 48.944537036540353 ], [ -115.038611109949883, 48.944537036540353 ], [ -115.038611109949883, 48.94444444394766 ], [ -115.038518517357105, 48.94444444394766 ], [ -115.038518517357105, 48.944351851354966 ], [ -115.03842592476434, 48.944351851354966 ], [ -115.03842592476434, 48.944166666169586 ], [ -115.038333332171561, 48.944166666169586 ], [ -115.038333332171561, 48.943981480984199 ], [ -115.038240739578782, 48.943981480984199 ], [ -115.038240739578782, 48.943888888391506 ], [ -115.038148146986003, 48.943888888391506 ], [ -115.038148146986003, 48.943703703206126 ], [ -115.038055554393239, 48.943703703206126 ], [ -115.038055554393239, 48.943333332835351 ], [ -115.03796296180046, 48.943333332835351 ], [ -115.03796296180046, 48.943055555057278 ], [ -115.037777776614902, 48.943055555057278 ], [ -115.037777776614902, 48.942962962464584 ], [ -115.037685184022138, 48.942962962464584 ], [ -115.037685184022138, 48.942592592093817 ], [ -115.03749999883658, 48.942592592093817 ], [ -115.03749999883658, 48.942499999501123 ], [ -115.037407406243801, 48.942499999501123 ], [ -115.037407406243801, 48.942314814315736 ], [ -115.037222221058258, 48.942314814315736 ], [ -115.037222221058258, 48.94222222172305 ], [ -115.037129628465479, 48.94222222172305 ], [ -115.037129628465479, 48.942129629130356 ], [ -115.0370370358727, 48.942129629130356 ], [ -115.0370370358727, 48.941944443944969 ], [ -115.036944443279936, 48.941944443944969 ], [ -115.036944443279936, 48.941666666166896 ], [ -115.036851850687157, 48.941666666166896 ], [ -115.036851850687157, 48.941574073574202 ], [ -115.036666665501599, 48.941574073574202 ], [ -115.036666665501599, 48.942685184686511 ], [ -115.036759258094378, 48.942685184686511 ], [ -115.036759258094378, 48.942777777279197 ], [ -115.037222221058258, 48.942777777279197 ], [ -115.037222221058258, 48.942870369871891 ], [ -115.037407406243801, 48.942870369871891 ], [ -115.037407406243801, 48.942962962464584 ], [ -115.03749999883658, 48.942962962464584 ], [ -115.03749999883658, 48.943055555057278 ], [ -115.037407406243801, 48.943055555057278 ], [ -115.037407406243801, 48.943425925428045 ], [ -115.037314813651037, 48.943425925428045 ], [ -115.037314813651037, 48.943611110613432 ], [ -115.037222221058258, 48.943611110613432 ], [ -115.037222221058258, 48.943703703206126 ], [ -115.037129628465479, 48.943703703206126 ], [ -115.037129628465479, 48.944074073576893 ], [ -115.0370370358727, 48.944074073576893 ], [ -115.0370370358727, 48.944351851354966 ], [ -115.037129628465479, 48.944351851354966 ], [ -115.037129628465479, 48.944999999503814 ], [ -115.037222221058258, 48.944999999503814 ], [ -115.037222221058258, 48.945185184689194 ], [ -115.037314813651037, 48.945185184689194 ], [ -115.037314813651037, 48.945277777281888 ], [ -115.037407406243801, 48.945277777281888 ], [ -115.037407406243801, 48.945462962467275 ], [ -115.03749999883658, 48.945462962467275 ], [ -115.03749999883658, 48.945648147652655 ], [ -115.037685184022138, 48.945648147652655 ], [ -115.037685184022138, 48.945740740245348 ], [ -115.037777776614902, 48.945740740245348 ], [ -115.037777776614902, 48.945833332838042 ], [ -115.03796296180046, 48.945833332838042 ], [ -115.03796296180046, 48.945925925430736 ], [ -115.03842592476434, 48.945925925430736 ], [ -115.03842592476434, 48.946018518023429 ], [ -115.039259258099307, 48.946018518023429 ], [ -115.039259258099307, 48.945925925430736 ] ], [ [ -114.89055555410205, 48.942685184686511 ], [ -114.89101851706593, 48.942685184686511 ], [ -114.89101851706593, 48.942592592093817 ], [ -114.891111109658709, 48.942592592093817 ], [ -114.891111109658709, 48.942499999501123 ], [ -114.891203702251488, 48.942499999501123 ], [ -114.891203702251488, 48.94240740690843 ], [ -114.891296294844253, 48.94240740690843 ], [ -114.891296294844253, 48.942314814315736 ], [ -114.891388887437031, 48.942314814315736 ], [ -114.891388887437031, 48.94222222172305 ], [ -114.891574072622589, 48.94222222172305 ], [ -114.891574072622589, 48.942037036537663 ], [ -114.891666665215354, 48.942037036537663 ], [ -114.891666665215354, 48.941944443944969 ], [ -114.891759257808133, 48.941944443944969 ], [ -114.891759257808133, 48.941851851352276 ], [ -114.891851850400911, 48.941851851352276 ], [ -114.891851850400911, 48.941666666166896 ], [ -114.89194444299369, 48.941666666166896 ], [ -114.89194444299369, 48.941574073574202 ], [ -114.892129628179234, 48.941574073574202 ], [ -114.892129628179234, 48.941481480981508 ], [ -114.892222220772013, 48.941481480981508 ], [ -114.892222220772013, 48.941388888388815 ], [ -114.892314813364791, 48.941388888388815 ], [ -114.892314813364791, 48.941296295796121 ], [ -114.892407405957556, 48.941296295796121 ], [ -114.892407405957556, 48.941203703203435 ], [ -114.892499998550335, 48.941203703203435 ], [ -114.892499998550335, 48.941111110610741 ], [ -114.892685183735892, 48.941111110610741 ], [ -114.892685183735892, 48.940648147647281 ], [ -114.892407405957556, 48.940648147647281 ], [ -114.892407405957556, 48.940555555054587 ], [ -114.892129628179234, 48.940555555054587 ], [ -114.892129628179234, 48.940462962461893 ], [ -114.892037035586455, 48.940462962461893 ], [ -114.892037035586455, 48.9403703698692 ], [ -114.891851850400911, 48.9403703698692 ], [ -114.891851850400911, 48.940277777276513 ], [ -114.891759257808133, 48.940277777276513 ], [ -114.891759257808133, 48.94018518468382 ], [ -114.891666665215354, 48.94018518468382 ], [ -114.891666665215354, 48.940092592091126 ], [ -114.891574072622589, 48.940092592091126 ], [ -114.891574072622589, 48.939999999498433 ], [ -114.890833331880387, 48.939999999498433 ], [ -114.890833331880387, 48.940092592091126 ], [ -114.889814813359848, 48.940092592091126 ], [ -114.889814813359848, 48.939999999498433 ], [ -114.889722220767069, 48.939999999498433 ], [ -114.889722220767069, 48.939907406905739 ], [ -114.889444442988747, 48.939907406905739 ], [ -114.889444442988747, 48.939814814313053 ], [ -114.889166665210425, 48.939814814313053 ], [ -114.889166665210425, 48.939907406905739 ], [ -114.889074072617646, 48.939907406905739 ], [ -114.889074072617646, 48.939999999498433 ], [ -114.888796294839324, 48.939999999498433 ], [ -114.888796294839324, 48.940092592091126 ], [ -114.888611109653766, 48.940092592091126 ], [ -114.888611109653766, 48.94018518468382 ], [ -114.888518517061001, 48.94018518468382 ], [ -114.888518517061001, 48.940277777276513 ], [ -114.888333331875444, 48.940277777276513 ], [ -114.888333331875444, 48.9403703698692 ], [ -114.887962961504343, 48.9403703698692 ], [ -114.887962961504343, 48.940462962461893 ], [ -114.887777776318799, 48.940462962461893 ], [ -114.887777776318799, 48.940555555054587 ], [ -114.88768518372602, 48.940555555054587 ], [ -114.88768518372602, 48.940648147647281 ], [ -114.887222220762141, 48.940648147647281 ], [ -114.887222220762141, 48.940740740239974 ], [ -114.887129628169362, 48.940740740239974 ], [ -114.887129628169362, 48.940833332832661 ], [ -114.887037035576583, 48.940833332832661 ], [ -114.887037035576583, 48.941574073574202 ], [ -114.88768518372602, 48.941574073574202 ], [ -114.88768518372602, 48.941666666166896 ], [ -114.887962961504343, 48.941666666166896 ], [ -114.887962961504343, 48.941759258759589 ], [ -114.8881481466899, 48.941759258759589 ], [ -114.8881481466899, 48.941851851352276 ], [ -114.888240739282665, 48.941851851352276 ], [ -114.888240739282665, 48.941944443944969 ], [ -114.888333331875444, 48.941944443944969 ], [ -114.888333331875444, 48.942037036537663 ], [ -114.888425924468223, 48.942037036537663 ], [ -114.888425924468223, 48.942129629130356 ], [ -114.888518517061001, 48.942129629130356 ], [ -114.888518517061001, 48.94222222172305 ], [ -114.888703702246545, 48.94222222172305 ], [ -114.888703702246545, 48.942314814315736 ], [ -114.888796294839324, 48.942314814315736 ], [ -114.888796294839324, 48.94240740690843 ], [ -114.889351850395968, 48.94240740690843 ], [ -114.889351850395968, 48.942499999501123 ], [ -114.889629628174305, 48.942499999501123 ], [ -114.889629628174305, 48.942592592093817 ], [ -114.889907405952627, 48.942592592093817 ], [ -114.889907405952627, 48.942685184686511 ], [ -114.890185183730949, 48.942685184686511 ], [ -114.890185183730949, 48.942777777279197 ], [ -114.89055555410205, 48.942777777279197 ], [ -114.89055555410205, 48.942685184686511 ] ], [ [ -115.057499998876068, 48.938055555051896 ], [ -115.057407406283289, 48.938055555051896 ], [ -115.057407406283289, 48.937592592088436 ], [ -115.05731481369051, 48.937592592088436 ], [ -115.05731481369051, 48.937129629124975 ], [ -115.057222221097732, 48.937129629124975 ], [ -115.057222221097732, 48.937037036532281 ], [ -115.057129628504967, 48.937037036532281 ], [ -115.057129628504967, 48.936851851346901 ], [ -115.057222221097732, 48.936851851346901 ], [ -115.057222221097732, 48.936388888383441 ], [ -115.057129628504967, 48.936388888383441 ], [ -115.057129628504967, 48.936296295790747 ], [ -115.057037035912188, 48.936296295790747 ], [ -115.057037035912188, 48.935555555049206 ], [ -115.056944443319409, 48.935555555049206 ], [ -115.056944443319409, 48.934722221714978 ], [ -115.05685185072663, 48.934722221714978 ], [ -115.05685185072663, 48.93407407356613 ], [ -115.056759258133866, 48.93407407356613 ], [ -115.056759258133866, 48.93388888838075 ], [ -115.056666665541087, 48.93388888838075 ], [ -115.056666665541087, 48.933796295788056 ], [ -115.056203702577207, 48.933796295788056 ], [ -115.056203702577207, 48.93407407356613 ], [ -115.056111109984428, 48.93407407356613 ], [ -115.056111109984428, 48.934259258751517 ], [ -115.056018517391664, 48.934259258751517 ], [ -115.056018517391664, 48.934351851344211 ], [ -115.056111109984428, 48.934351851344211 ], [ -115.056111109984428, 48.934999999493058 ], [ -115.056018517391664, 48.934999999493058 ], [ -115.056018517391664, 48.937407406903056 ], [ -115.055925924798885, 48.937407406903056 ], [ -115.055925924798885, 48.937592592088436 ], [ -115.056018517391664, 48.937592592088436 ], [ -115.056018517391664, 48.937685184681129 ], [ -115.056203702577207, 48.937685184681129 ], [ -115.056203702577207, 48.937777777273823 ], [ -115.056574072948308, 48.937777777273823 ], [ -115.056574072948308, 48.937870369866516 ], [ -115.05685185072663, 48.937870369866516 ], [ -115.05685185072663, 48.937962962459203 ], [ -115.056944443319409, 48.937962962459203 ], [ -115.056944443319409, 48.938055555051896 ], [ -115.057037035912188, 48.938055555051896 ], [ -115.057037035912188, 48.93814814764459 ], [ -115.057222221097732, 48.93814814764459 ], [ -115.057222221097732, 48.938240740237283 ], [ -115.057499998876068, 48.938240740237283 ], [ -115.057499998876068, 48.938055555051896 ] ], [ [ -114.877499998520719, 48.935370369863826 ], [ -114.877407405927954, 48.935370369863826 ], [ -114.877407405927954, 48.935462962456519 ], [ -114.877499998520719, 48.935462962456519 ], [ -114.877499998520719, 48.935370369863826 ] ], [ [ -114.878518517041257, 48.934351851344211 ], [ -114.878611109634036, 48.934351851344211 ], [ -114.878611109634036, 48.934259258751517 ], [ -114.878703702226801, 48.934259258751517 ], [ -114.878703702226801, 48.934166666158823 ], [ -114.87879629481958, 48.934166666158823 ], [ -114.87879629481958, 48.93407407356613 ], [ -114.878888887412359, 48.93407407356613 ], [ -114.878888887412359, 48.933981480973443 ], [ -114.878981480005137, 48.933981480973443 ], [ -114.878981480005137, 48.933796295788056 ], [ -114.879074072597902, 48.933796295788056 ], [ -114.879074072597902, 48.933703703195363 ], [ -114.879166665190681, 48.933703703195363 ], [ -114.879166665190681, 48.933611110602669 ], [ -114.879351850376239, 48.933611110602669 ], [ -114.879351850376239, 48.933518518009983 ], [ -114.879444442969003, 48.933518518009983 ], [ -114.879444442969003, 48.933425925417289 ], [ -114.879629628154561, 48.933425925417289 ], [ -114.879629628154561, 48.933333332824596 ], [ -114.87972222074734, 48.933333332824596 ], [ -114.87972222074734, 48.933240740231902 ], [ -114.879907405932883, 48.933240740231902 ], [ -114.879907405932883, 48.933055555046522 ], [ -114.879629628154561, 48.933055555046522 ], [ -114.879629628154561, 48.932962962453828 ], [ -114.879537035561782, 48.932962962453828 ], [ -114.879537035561782, 48.932870369861135 ], [ -114.879351850376239, 48.932870369861135 ], [ -114.879351850376239, 48.932777777268441 ], [ -114.87925925778346, 48.932777777268441 ], [ -114.87925925778346, 48.932499999490368 ], [ -114.879166665190681, 48.932499999490368 ], [ -114.879166665190681, 48.932407406897674 ], [ -114.878981480005137, 48.932407406897674 ], [ -114.878981480005137, 48.932314814304981 ], [ -114.878611109634036, 48.932314814304981 ], [ -114.878611109634036, 48.932222221712287 ], [ -114.878425924448479, 48.932222221712287 ], [ -114.878425924448479, 48.932129629119594 ], [ -114.8783333318557, 48.932129629119594 ], [ -114.8783333318557, 48.932037036526907 ], [ -114.878240739262935, 48.932037036526907 ], [ -114.878240739262935, 48.932870369861135 ], [ -114.878055554077378, 48.932870369861135 ], [ -114.878055554077378, 48.932962962453828 ], [ -114.877962961484599, 48.932962962453828 ], [ -114.877962961484599, 48.933333332824596 ], [ -114.87787036889182, 48.933333332824596 ], [ -114.87787036889182, 48.933518518009983 ], [ -114.877962961484599, 48.933518518009983 ], [ -114.877962961484599, 48.933425925417289 ], [ -114.878148146670156, 48.933425925417289 ], [ -114.878148146670156, 48.933333332824596 ], [ -114.8783333318557, 48.933333332824596 ], [ -114.8783333318557, 48.933425925417289 ], [ -114.878425924448479, 48.933425925417289 ], [ -114.878425924448479, 48.934722221714978 ], [ -114.878518517041257, 48.934722221714978 ], [ -114.878518517041257, 48.934351851344211 ] ], [ [ -114.877777776299055, 48.933703703195363 ], [ -114.87787036889182, 48.933703703195363 ], [ -114.87787036889182, 48.933611110602669 ], [ -114.877685183706276, 48.933611110602669 ], [ -114.877685183706276, 48.933703703195363 ], [ -114.877592591113498, 48.933703703195363 ], [ -114.877592591113498, 48.933796295788056 ], [ -114.877777776299055, 48.933796295788056 ], [ -114.877777776299055, 48.933703703195363 ] ], [ [ -114.875833331850771, 48.933333332824596 ], [ -114.875740739257992, 48.933333332824596 ], [ -114.875740739257992, 48.933425925417289 ], [ -114.875833331850771, 48.933425925417289 ], [ -114.875833331850771, 48.933333332824596 ] ], [ [ -114.875833331850771, 48.932499999490368 ], [ -114.875740739257992, 48.932499999490368 ], [ -114.875740739257992, 48.932407406897674 ], [ -114.875648146665213, 48.932407406897674 ], [ -114.875648146665213, 48.933055555046522 ], [ -114.875833331850771, 48.933055555046522 ], [ -114.875833331850771, 48.932499999490368 ] ], [ [ -114.8783333318557, 48.931111110599986 ], [ -114.8783333318557, 48.931759258748826 ], [ -114.878425924448479, 48.931759258748826 ], [ -114.878425924448479, 48.93185185134152 ], [ -114.878611109634036, 48.93185185134152 ], [ -114.878611109634036, 48.931944443934213 ], [ -114.878703702226801, 48.931944443934213 ], [ -114.878703702226801, 48.932037036526907 ], [ -114.879166665190681, 48.932037036526907 ], [ -114.879166665190681, 48.932129629119594 ], [ -114.879351850376239, 48.932129629119594 ], [ -114.879351850376239, 48.932222221712287 ], [ -114.879444442969003, 48.932222221712287 ], [ -114.879444442969003, 48.932314814304981 ], [ -114.879537035561782, 48.932314814304981 ], [ -114.879537035561782, 48.932407406897674 ], [ -114.879629628154561, 48.932407406897674 ], [ -114.879629628154561, 48.932685184675748 ], [ -114.879814813340104, 48.932685184675748 ], [ -114.879814813340104, 48.932777777268441 ], [ -114.880092591118441, 48.932777777268441 ], [ -114.880092591118441, 48.932870369861135 ], [ -114.880370368896763, 48.932870369861135 ], [ -114.880370368896763, 48.932592592083061 ], [ -114.880277776303984, 48.932592592083061 ], [ -114.880277776303984, 48.932499999490368 ], [ -114.880185183711205, 48.932499999490368 ], [ -114.880185183711205, 48.932407406897674 ], [ -114.880092591118441, 48.932407406897674 ], [ -114.880092591118441, 48.932129629119594 ], [ -114.879999998525662, 48.932129629119594 ], [ -114.879999998525662, 48.931666666156133 ], [ -114.879907405932883, 48.931666666156133 ], [ -114.879907405932883, 48.931388888378059 ], [ -114.879814813340104, 48.931388888378059 ], [ -114.879814813340104, 48.931296295785366 ], [ -114.87972222074734, 48.931296295785366 ], [ -114.87972222074734, 48.930925925414599 ], [ -114.879814813340104, 48.930925925414599 ], [ -114.879814813340104, 48.930740740229211 ], [ -114.87972222074734, 48.930740740229211 ], [ -114.87972222074734, 48.930648147636525 ], [ -114.879629628154561, 48.930648147636525 ], [ -114.879629628154561, 48.930555555043831 ], [ -114.879537035561782, 48.930555555043831 ], [ -114.879537035561782, 48.930462962451138 ], [ -114.879444442969003, 48.930462962451138 ], [ -114.879444442969003, 48.930370369858444 ], [ -114.879351850376239, 48.930370369858444 ], [ -114.879351850376239, 48.930185184673057 ], [ -114.87925925778346, 48.930185184673057 ], [ -114.87925925778346, 48.929907406894984 ], [ -114.879351850376239, 48.929907406894984 ], [ -114.879351850376239, 48.92981481430229 ], [ -114.879537035561782, 48.92981481430229 ], [ -114.879537035561782, 48.929351851338829 ], [ -114.879629628154561, 48.929351851338829 ], [ -114.879629628154561, 48.929259258746136 ], [ -114.879907405932883, 48.929259258746136 ], [ -114.879907405932883, 48.929166666153449 ], [ -114.879999998525662, 48.929166666153449 ], [ -114.879999998525662, 48.928703703189989 ], [ -114.879814813340104, 48.928703703189989 ], [ -114.879814813340104, 48.928611110597295 ], [ -114.87972222074734, 48.928611110597295 ], [ -114.87972222074734, 48.928333332819214 ], [ -114.879814813340104, 48.928333332819214 ], [ -114.879814813340104, 48.928240740226528 ], [ -114.879999998525662, 48.928240740226528 ], [ -114.879999998525662, 48.92759259207768 ], [ -114.879907405932883, 48.92759259207768 ], [ -114.879907405932883, 48.927129629114219 ], [ -114.879629628154561, 48.927129629114219 ], [ -114.879629628154561, 48.927222221706913 ], [ -114.879166665190681, 48.927222221706913 ], [ -114.879166665190681, 48.927314814299599 ], [ -114.879074072597902, 48.927314814299599 ], [ -114.879074072597902, 48.927407406892293 ], [ -114.878518517041257, 48.927407406892293 ], [ -114.878518517041257, 48.927314814299599 ], [ -114.878425924448479, 48.927314814299599 ], [ -114.878425924448479, 48.92777777726306 ], [ -114.8783333318557, 48.92777777726306 ], [ -114.8783333318557, 48.927962962448447 ], [ -114.878240739262935, 48.927962962448447 ], [ -114.878240739262935, 48.928148147633834 ], [ -114.8783333318557, 48.928148147633834 ], [ -114.8783333318557, 48.928055555041141 ], [ -114.878425924448479, 48.928055555041141 ], [ -114.878425924448479, 48.930740740229211 ], [ -114.878240739262935, 48.930740740229211 ], [ -114.878240739262935, 48.930925925414599 ], [ -114.878148146670156, 48.930925925414599 ], [ -114.878148146670156, 48.931018518007292 ], [ -114.878240739262935, 48.931018518007292 ], [ -114.878240739262935, 48.931111110599986 ], [ -114.8783333318557, 48.931111110599986 ] ], [ [ -114.878148146670156, 48.930833332821905 ], [ -114.878055554077378, 48.930833332821905 ], [ -114.878055554077378, 48.930925925414599 ], [ -114.878148146670156, 48.930925925414599 ], [ -114.878148146670156, 48.930833332821905 ] ], [ [ -114.878148146670156, 48.931111110599986 ], [ -114.878148146670156, 48.931574073563446 ], [ -114.878240739262935, 48.931574073563446 ], [ -114.878240739262935, 48.931111110599986 ], [ -114.878148146670156, 48.931111110599986 ] ], [ [ -114.877685183706276, 48.932870369861135 ], [ -114.877777776299055, 48.932870369861135 ], [ -114.877777776299055, 48.932777777268441 ], [ -114.877685183706276, 48.932777777268441 ], [ -114.877685183706276, 48.932870369861135 ] ], [ [ -114.877685183706276, 48.932685184675748 ], [ -114.877777776299055, 48.932685184675748 ], [ -114.877777776299055, 48.932592592083061 ], [ -114.877685183706276, 48.932592592083061 ], [ -114.877685183706276, 48.932499999490368 ], [ -114.877407405927954, 48.932499999490368 ], [ -114.877407405927954, 48.932592592083061 ], [ -114.877499998520719, 48.932592592083061 ], [ -114.877499998520719, 48.932685184675748 ], [ -114.877592591113498, 48.932685184675748 ], [ -114.877592591113498, 48.932777777268441 ], [ -114.877685183706276, 48.932777777268441 ], [ -114.877685183706276, 48.932685184675748 ] ], [ [ -114.873703702216929, 48.930462962451138 ], [ -114.873611109624164, 48.930462962451138 ], [ -114.873611109624164, 48.930555555043831 ], [ -114.873518517031385, 48.930555555043831 ], [ -114.873518517031385, 48.932407406897674 ], [ -114.873611109624164, 48.932407406897674 ], [ -114.873611109624164, 48.932777777268441 ], [ -114.873703702216929, 48.932777777268441 ], [ -114.873703702216929, 48.930462962451138 ] ], [ [ -114.875833331850771, 48.932129629119594 ], [ -114.875740739257992, 48.932129629119594 ], [ -114.875740739257992, 48.932037036526907 ], [ -114.875648146665213, 48.932037036526907 ], [ -114.875648146665213, 48.932222221712287 ], [ -114.875740739257992, 48.932222221712287 ], [ -114.875740739257992, 48.932314814304981 ], [ -114.875833331850771, 48.932314814304981 ], [ -114.875833331850771, 48.932129629119594 ] ], [ [ -114.876388887407415, 48.932222221712287 ], [ -114.876481480000194, 48.932222221712287 ], [ -114.876481480000194, 48.931944443934213 ], [ -114.876388887407415, 48.931944443934213 ], [ -114.876388887407415, 48.932222221712287 ] ], [ [ -114.876388887407415, 48.93185185134152 ], [ -114.876203702221872, 48.93185185134152 ], [ -114.876203702221872, 48.931944443934213 ], [ -114.876388887407415, 48.931944443934213 ], [ -114.876388887407415, 48.93185185134152 ] ], [ [ -114.874259257773588, 48.931759258748826 ], [ -114.874351850366367, 48.931759258748826 ], [ -114.874351850366367, 48.932037036526907 ], [ -114.87453703555191, 48.932037036526907 ], [ -114.87453703555191, 48.93185185134152 ], [ -114.874444442959131, 48.93185185134152 ], [ -114.874444442959131, 48.931759258748826 ], [ -114.87453703555191, 48.931759258748826 ], [ -114.87453703555191, 48.931666666156133 ], [ -114.874444442959131, 48.931666666156133 ], [ -114.874444442959131, 48.931574073563446 ], [ -114.874259257773588, 48.931574073563446 ], [ -114.874259257773588, 48.931759258748826 ] ], [ [ -114.874259257773588, 48.931481480970753 ], [ -114.874166665180809, 48.931481480970753 ], [ -114.874166665180809, 48.931574073563446 ], [ -114.874259257773588, 48.931574073563446 ], [ -114.874259257773588, 48.931481480970753 ] ], [ [ -114.873888887402487, 48.93185185134152 ], [ -114.873888887402487, 48.931944443934213 ], [ -114.873981479995265, 48.931944443934213 ], [ -114.873981479995265, 48.93185185134152 ], [ -114.873888887402487, 48.93185185134152 ] ], [ [ -114.87407407258803, 48.93185185134152 ], [ -114.87407407258803, 48.931574073563446 ], [ -114.873981479995265, 48.931574073563446 ], [ -114.873981479995265, 48.93185185134152 ], [ -114.87407407258803, 48.93185185134152 ] ], [ [ -114.873981479995265, 48.931481480970753 ], [ -114.873888887402487, 48.931481480970753 ], [ -114.873888887402487, 48.931574073563446 ], [ -114.873981479995265, 48.931574073563446 ], [ -114.873981479995265, 48.931481480970753 ] ], [ [ -114.876203702221872, 48.931574073563446 ], [ -114.876111109629093, 48.931574073563446 ], [ -114.876111109629093, 48.931666666156133 ], [ -114.876203702221872, 48.931666666156133 ], [ -114.876203702221872, 48.931574073563446 ] ], [ [ -114.874444442959131, 48.931481480970753 ], [ -114.87453703555191, 48.931481480970753 ], [ -114.87453703555191, 48.931388888378059 ], [ -114.874444442959131, 48.931388888378059 ], [ -114.874444442959131, 48.931481480970753 ] ], [ [ -114.874444442959131, 48.931296295785366 ], [ -114.874351850366367, 48.931296295785366 ], [ -114.874351850366367, 48.931388888378059 ], [ -114.874444442959131, 48.931388888378059 ], [ -114.874444442959131, 48.931296295785366 ] ], [ [ -114.874166665180809, 48.931296295785366 ], [ -114.87407407258803, 48.931296295785366 ], [ -114.87407407258803, 48.931388888378059 ], [ -114.874166665180809, 48.931388888378059 ], [ -114.874166665180809, 48.931296295785366 ] ], [ [ -114.877499998520719, 48.931203703192672 ], [ -114.877407405927954, 48.931203703192672 ], [ -114.877407405927954, 48.931296295785366 ], [ -114.877499998520719, 48.931296295785366 ], [ -114.877499998520719, 48.931203703192672 ] ], [ [ -114.874629628144689, 48.931203703192672 ], [ -114.87453703555191, 48.931203703192672 ], [ -114.87453703555191, 48.931296295785366 ], [ -114.874629628144689, 48.931296295785366 ], [ -114.874629628144689, 48.931203703192672 ] ], [ [ -115.04083333217649, 48.922685184664992 ], [ -115.040740739583725, 48.922685184664992 ], [ -115.040740739583725, 48.922777777257686 ], [ -115.04083333217649, 48.922777777257686 ], [ -115.04083333217649, 48.922685184664992 ] ], [ [ -115.041018517362048, 48.922592592072299 ], [ -115.040925924769269, 48.922592592072299 ], [ -115.040925924769269, 48.922685184664992 ], [ -115.041018517362048, 48.922685184664992 ], [ -115.041018517362048, 48.922592592072299 ] ], [ [ -115.030555554378424, 48.919999999476921 ], [ -115.030648146971203, 48.919999999476921 ], [ -115.030648146971203, 48.919907406884228 ], [ -115.031018517342304, 48.919907406884228 ], [ -115.031018517342304, 48.919814814291534 ], [ -115.031481480306184, 48.919814814291534 ], [ -115.031481480306184, 48.919722221698841 ], [ -115.031851850677285, 48.919722221698841 ], [ -115.031851850677285, 48.919629629106147 ], [ -115.032407406233929, 48.919629629106147 ], [ -115.032407406233929, 48.919537036513461 ], [ -115.03277777660503, 48.919537036513461 ], [ -115.03277777660503, 48.919444443920767 ], [ -115.032870369197809, 48.919444443920767 ], [ -115.032870369197809, 48.919074073549993 ], [ -115.032592591419487, 48.919074073549993 ], [ -115.032592591419487, 48.919166666142686 ], [ -115.032499998826708, 48.919166666142686 ], [ -115.032499998826708, 48.91925925873538 ], [ -115.032407406233929, 48.91925925873538 ], [ -115.032407406233929, 48.919351851328074 ], [ -115.032314813641165, 48.919351851328074 ], [ -115.032314813641165, 48.919444443920767 ], [ -115.032037035862828, 48.919444443920767 ], [ -115.032037035862828, 48.919537036513461 ], [ -115.031574072898962, 48.919537036513461 ], [ -115.031574072898962, 48.919444443920767 ], [ -115.031296295120626, 48.919444443920767 ], [ -115.031296295120626, 48.919351851328074 ], [ -115.031203702527861, 48.919351851328074 ], [ -115.031203702527861, 48.91925925873538 ], [ -115.030648146971203, 48.91925925873538 ], [ -115.030648146971203, 48.919166666142686 ], [ -115.029074072894019, 48.919166666142686 ], [ -115.029074072894019, 48.919351851328074 ], [ -115.029166665486798, 48.919351851328074 ], [ -115.029166665486798, 48.919444443920767 ], [ -115.029259258079577, 48.919444443920767 ], [ -115.029259258079577, 48.919537036513461 ], [ -115.02944444326512, 48.919537036513461 ], [ -115.02944444326512, 48.919629629106147 ], [ -115.029537035857899, 48.919629629106147 ], [ -115.029537035857899, 48.919722221698841 ], [ -115.029629628450678, 48.919722221698841 ], [ -115.029629628450678, 48.919814814291534 ], [ -115.029814813636222, 48.919814814291534 ], [ -115.029814813636222, 48.919907406884228 ], [ -115.030092591414558, 48.919907406884228 ], [ -115.030092591414558, 48.919999999476921 ], [ -115.030185184007323, 48.919999999476921 ], [ -115.030185184007323, 48.920092592069608 ], [ -115.030555554378424, 48.920092592069608 ], [ -115.030555554378424, 48.919999999476921 ] ], [ [ -114.839629628075599, 48.918981480957306 ], [ -114.83953703548282, 48.918981480957306 ], [ -114.83953703548282, 48.919074073549993 ], [ -114.839629628075599, 48.919074073549993 ], [ -114.839629628075599, 48.918981480957306 ] ], [ [ -114.839907405853921, 48.918888888364613 ], [ -114.839814813261142, 48.918888888364613 ], [ -114.839814813261142, 48.918981480957306 ], [ -114.839907405853921, 48.918981480957306 ], [ -114.839907405853921, 48.918888888364613 ] ], [ [ -114.97083333203831, 48.916759258732689 ], [ -114.970925924631089, 48.916759258732689 ], [ -114.970925924631089, 48.916666666139996 ], [ -114.97083333203831, 48.916666666139996 ], [ -114.97083333203831, 48.916759258732689 ] ], [ [ -114.97083333203831, 48.916574073547309 ], [ -114.970740739445532, 48.916574073547309 ], [ -114.970740739445532, 48.916666666139996 ], [ -114.97083333203831, 48.916666666139996 ], [ -114.97083333203831, 48.916574073547309 ] ], [ [ -114.970648146852753, 48.916481480954616 ], [ -114.970462961667209, 48.916481480954616 ], [ -114.970462961667209, 48.916574073547309 ], [ -114.970648146852753, 48.916574073547309 ], [ -114.970648146852753, 48.916481480954616 ] ], [ [ -115.038981480320984, 48.909351851317318 ], [ -115.039166665506542, 48.909351851317318 ], [ -115.039166665506542, 48.909259258724624 ], [ -115.03842592476434, 48.909259258724624 ], [ -115.03842592476434, 48.909166666131931 ], [ -115.038333332171561, 48.909166666131931 ], [ -115.038333332171561, 48.907777777241549 ], [ -115.03842592476434, 48.907777777241549 ], [ -115.03842592476434, 48.907222221685394 ], [ -115.038518517357105, 48.907222221685394 ], [ -115.038518517357105, 48.906851851314627 ], [ -115.038240739578782, 48.906851851314627 ], [ -115.038240739578782, 48.906759258721934 ], [ -115.037870369207681, 48.906759258721934 ], [ -115.037870369207681, 48.90666666612924 ], [ -115.037407406243801, 48.90666666612924 ], [ -115.037407406243801, 48.906574073536547 ], [ -115.037314813651037, 48.906574073536547 ], [ -115.037314813651037, 48.90648148094386 ], [ -115.037222221058258, 48.90648148094386 ], [ -115.037222221058258, 48.906111110573086 ], [ -115.037314813651037, 48.906111110573086 ], [ -115.037314813651037, 48.906018517980399 ], [ -115.038333332171561, 48.906018517980399 ], [ -115.038333332171561, 48.906111110573086 ], [ -115.038796295135441, 48.906111110573086 ], [ -115.038796295135441, 48.906203703165779 ], [ -115.039074072913763, 48.906203703165779 ], [ -115.039074072913763, 48.906296295758473 ], [ -115.039629628470422, 48.906296295758473 ], [ -115.039629628470422, 48.906388888351167 ], [ -115.039722221063187, 48.906388888351167 ], [ -115.039722221063187, 48.90648148094386 ], [ -115.039907406248744, 48.90648148094386 ], [ -115.039907406248744, 48.906574073536547 ], [ -115.040092591434288, 48.906574073536547 ], [ -115.040092591434288, 48.90648148094386 ], [ -115.039999998841523, 48.90648148094386 ], [ -115.039999998841523, 48.906388888351167 ], [ -115.039907406248744, 48.906388888351167 ], [ -115.039907406248744, 48.906296295758473 ], [ -115.039814813655966, 48.906296295758473 ], [ -115.039814813655966, 48.906203703165779 ], [ -115.039722221063187, 48.906203703165779 ], [ -115.039722221063187, 48.906111110573086 ], [ -115.039629628470422, 48.906111110573086 ], [ -115.039629628470422, 48.906018517980399 ], [ -115.039351850692086, 48.906018517980399 ], [ -115.039351850692086, 48.905925925387706 ], [ -115.039259258099307, 48.905925925387706 ], [ -115.039259258099307, 48.905740740202319 ], [ -115.039074072913763, 48.905740740202319 ], [ -115.039074072913763, 48.905648147609625 ], [ -115.038981480320984, 48.905648147609625 ], [ -115.038981480320984, 48.905462962424245 ], [ -115.038888887728206, 48.905462962424245 ], [ -115.038888887728206, 48.905185184646164 ], [ -115.038148146986003, 48.905185184646164 ], [ -115.038148146986003, 48.905092592053471 ], [ -115.037592591429359, 48.905092592053471 ], [ -115.037592591429359, 48.904999999460784 ], [ -115.03749999883658, 48.904999999460784 ], [ -115.03749999883658, 48.904907406868091 ], [ -115.0370370358727, 48.904907406868091 ], [ -115.0370370358727, 48.905092592053471 ], [ -115.036944443279936, 48.905092592053471 ], [ -115.036944443279936, 48.905185184646164 ], [ -115.036851850687157, 48.905185184646164 ], [ -115.036851850687157, 48.905370369831552 ], [ -115.036759258094378, 48.905370369831552 ], [ -115.036759258094378, 48.905648147609625 ], [ -115.036851850687157, 48.905648147609625 ], [ -115.036851850687157, 48.906296295758473 ], [ -115.036759258094378, 48.906296295758473 ], [ -115.036759258094378, 48.906388888351167 ], [ -115.036574072908834, 48.906388888351167 ], [ -115.036574072908834, 48.90648148094386 ], [ -115.036481480316056, 48.90648148094386 ], [ -115.036481480316056, 48.906574073536547 ], [ -115.036388887723277, 48.906574073536547 ], [ -115.036388887723277, 48.90666666612924 ], [ -115.036481480316056, 48.90666666612924 ], [ -115.036481480316056, 48.906759258721934 ], [ -115.036574072908834, 48.906759258721934 ], [ -115.036574072908834, 48.907037036500007 ], [ -115.036666665501599, 48.907037036500007 ], [ -115.036666665501599, 48.907314814278088 ], [ -115.036759258094378, 48.907314814278088 ], [ -115.036759258094378, 48.907407406870782 ], [ -115.036851850687157, 48.907407406870782 ], [ -115.036851850687157, 48.907499999463468 ], [ -115.036944443279936, 48.907499999463468 ], [ -115.036944443279936, 48.907592592056162 ], [ -115.037129628465479, 48.907592592056162 ], [ -115.037129628465479, 48.907685184648855 ], [ -115.037222221058258, 48.907685184648855 ], [ -115.037222221058258, 48.907777777241549 ], [ -115.037314813651037, 48.907777777241549 ], [ -115.037314813651037, 48.907962962426929 ], [ -115.037407406243801, 48.907962962426929 ], [ -115.037407406243801, 48.908055555019622 ], [ -115.03749999883658, 48.908055555019622 ], [ -115.03749999883658, 48.908333332797703 ], [ -115.037592591429359, 48.908333332797703 ], [ -115.037592591429359, 48.908611110575777 ], [ -115.037685184022138, 48.908611110575777 ], [ -115.037685184022138, 48.909444443910004 ], [ -115.038981480320984, 48.909444443910004 ], [ -115.038981480320984, 48.909351851317318 ] ], [ [ -114.868981479985393, 48.908055555019622 ], [ -114.869074072578172, 48.908055555019622 ], [ -114.869074072578172, 48.907962962426929 ], [ -114.868981479985393, 48.907962962426929 ], [ -114.868981479985393, 48.907870369834242 ], [ -114.868888887392615, 48.907870369834242 ], [ -114.868888887392615, 48.907962962426929 ], [ -114.868796294799836, 48.907962962426929 ], [ -114.868796294799836, 48.907870369834242 ], [ -114.868611109614292, 48.907870369834242 ], [ -114.868611109614292, 48.907777777241549 ], [ -114.868425924428735, 48.907777777241549 ], [ -114.868425924428735, 48.907870369834242 ], [ -114.868518517021514, 48.907870369834242 ], [ -114.868518517021514, 48.907962962426929 ], [ -114.868611109614292, 48.907962962426929 ], [ -114.868611109614292, 48.908055555019622 ], [ -114.868796294799836, 48.908055555019622 ], [ -114.868796294799836, 48.908148147612316 ], [ -114.868981479985393, 48.908148147612316 ], [ -114.868981479985393, 48.908055555019622 ] ], [ [ -115.040092591434288, 48.907870369834242 ], [ -115.040277776619845, 48.907870369834242 ], [ -115.040277776619845, 48.907777777241549 ], [ -115.040555554398168, 48.907777777241549 ], [ -115.040555554398168, 48.907592592056162 ], [ -115.040185184027067, 48.907592592056162 ], [ -115.040185184027067, 48.907499999463468 ], [ -115.039814813655966, 48.907499999463468 ], [ -115.039814813655966, 48.907962962426929 ], [ -115.040092591434288, 48.907962962426929 ], [ -115.040092591434288, 48.907870369834242 ] ], [ [ -114.96527777647178, 48.906851851314627 ], [ -114.964999998693457, 48.906851851314627 ], [ -114.964999998693457, 48.906944443907321 ], [ -114.96527777647178, 48.906944443907321 ], [ -114.96527777647178, 48.906851851314627 ] ], [ [ -114.988425924665634, 48.90462962909001 ], [ -114.988333332072855, 48.90462962909001 ], [ -114.988333332072855, 48.904722221682704 ], [ -114.988425924665634, 48.904722221682704 ], [ -114.988425924665634, 48.90462962909001 ] ], [ [ -114.988333332072855, 48.904537036497324 ], [ -114.988425924665634, 48.904537036497324 ], [ -114.988425924665634, 48.90444444390463 ], [ -114.988333332072855, 48.90444444390463 ], [ -114.988333332072855, 48.904537036497324 ] ], [ [ -114.988333332072855, 48.904351851311937 ], [ -114.988240739480077, 48.904351851311937 ], [ -114.988240739480077, 48.90444444390463 ], [ -114.988333332072855, 48.90444444390463 ], [ -114.988333332072855, 48.904351851311937 ] ], [ [ -115.042314813660894, 48.900648147604251 ], [ -115.042129628475351, 48.900648147604251 ], [ -115.042129628475351, 48.900555555011557 ], [ -115.041851850697029, 48.900555555011557 ], [ -115.041851850697029, 48.900462962418864 ], [ -115.04175925810425, 48.900462962418864 ], [ -115.04175925810425, 48.900555555011557 ], [ -115.041388887733149, 48.900555555011557 ], [ -115.041388887733149, 48.900648147604251 ], [ -115.041851850697029, 48.900648147604251 ], [ -115.041851850697029, 48.900740740196937 ], [ -115.042314813660894, 48.900740740196937 ], [ -115.042314813660894, 48.900648147604251 ] ], [ [ -115.04129629514037, 48.900462962418864 ], [ -115.041203702547591, 48.900462962418864 ], [ -115.041203702547591, 48.900555555011557 ], [ -115.04129629514037, 48.900555555011557 ], [ -115.04129629514037, 48.900462962418864 ] ], [ [ -115.01675925805489, 48.896388888340404 ], [ -115.016851850647669, 48.896388888340404 ], [ -115.016851850647669, 48.896296295747717 ], [ -115.016944443240448, 48.896296295747717 ], [ -115.016944443240448, 48.896203703155024 ], [ -115.017129628425991, 48.896203703155024 ], [ -115.017129628425991, 48.89611111056233 ], [ -115.016574072869346, 48.89611111056233 ], [ -115.016574072869346, 48.896203703155024 ], [ -115.016481480276568, 48.896203703155024 ], [ -115.016481480276568, 48.896296295747717 ], [ -115.016388887683789, 48.896296295747717 ], [ -115.016388887683789, 48.896388888340404 ], [ -115.016574072869346, 48.896388888340404 ], [ -115.016574072869346, 48.896481480933097 ], [ -115.016666665462125, 48.896481480933097 ], [ -115.016666665462125, 48.896574073525791 ], [ -115.01675925805489, 48.896574073525791 ], [ -115.01675925805489, 48.896388888340404 ] ], [ [ -115.052129628495095, 48.896018517969637 ], [ -115.052037035902316, 48.896018517969637 ], [ -115.052037035902316, 48.89611111056233 ], [ -115.052129628495095, 48.89611111056233 ], [ -115.052129628495095, 48.896018517969637 ] ], [ [ -114.951851850519361, 48.891111110556949 ], [ -114.951666665333804, 48.891111110556949 ], [ -114.951666665333804, 48.891203703149642 ], [ -114.951851850519361, 48.891203703149642 ], [ -114.951851850519361, 48.891111110556949 ] ], [ [ -115.021574072879218, 48.890370369815415 ], [ -115.02148148028644, 48.890370369815415 ], [ -115.02148148028644, 48.889259258703106 ], [ -115.021574072879218, 48.889259258703106 ], [ -115.021574072879218, 48.889166666110413 ], [ -115.022314813621421, 48.889166666110413 ], [ -115.022314813621421, 48.888981480925032 ], [ -115.022222221028642, 48.888981480925032 ], [ -115.022222221028642, 48.888888888332339 ], [ -115.021851850657541, 48.888888888332339 ], [ -115.021851850657541, 48.888796295739645 ], [ -115.021759258064762, 48.888796295739645 ], [ -115.021759258064762, 48.888611110554265 ], [ -115.021666665471997, 48.888611110554265 ], [ -115.021666665471997, 48.888518517961572 ], [ -115.02148148028644, 48.888518517961572 ], [ -115.02148148028644, 48.888425925368878 ], [ -115.021388887693661, 48.888425925368878 ], [ -115.021388887693661, 48.888333332776185 ], [ -115.021111109915338, 48.888333332776185 ], [ -115.021111109915338, 48.888240740183491 ], [ -115.020925924729795, 48.888240740183491 ], [ -115.020925924729795, 48.888148147590798 ], [ -115.020833332137016, 48.888148147590798 ], [ -115.020833332137016, 48.888055554998111 ], [ -115.020740739544237, 48.888055554998111 ], [ -115.020740739544237, 48.887962962405417 ], [ -115.020555554358694, 48.887962962405417 ], [ -115.020555554358694, 48.887870369812724 ], [ -115.020462961765915, 48.887870369812724 ], [ -115.020462961765915, 48.88777777722003 ], [ -115.020277776580357, 48.88777777722003 ], [ -115.020277776580357, 48.887685184627337 ], [ -115.019999998802035, 48.887685184627337 ], [ -115.019999998802035, 48.88759259203465 ], [ -115.019907406209256, 48.88759259203465 ], [ -115.019907406209256, 48.887499999441957 ], [ -115.019722221023713, 48.887499999441957 ], [ -115.019722221023713, 48.887407406849263 ], [ -115.019629628430934, 48.887407406849263 ], [ -115.019629628430934, 48.88731481425657 ], [ -115.019537035838155, 48.88731481425657 ], [ -115.019537035838155, 48.887222221663876 ], [ -115.019351850652612, 48.887222221663876 ], [ -115.019351850652612, 48.88712962907119 ], [ -115.019259258059833, 48.88712962907119 ], [ -115.019259258059833, 48.887037036478496 ], [ -115.019074072874275, 48.887037036478496 ], [ -115.019074072874275, 48.886944443885803 ], [ -115.018981480281511, 48.886944443885803 ], [ -115.018981480281511, 48.886851851293109 ], [ -115.018796295095953, 48.886851851293109 ], [ -115.018796295095953, 48.886759258700415 ], [ -115.018703702503174, 48.886759258700415 ], [ -115.018703702503174, 48.886666666107729 ], [ -115.01861110991041, 48.886666666107729 ], [ -115.01861110991041, 48.886481480922342 ], [ -115.018425924724852, 48.886481480922342 ], [ -115.018425924724852, 48.886388888329648 ], [ -115.018333332132073, 48.886388888329648 ], [ -115.018333332132073, 48.886203703144268 ], [ -115.018240739539308, 48.886203703144268 ], [ -115.018240739539308, 48.886018517958881 ], [ -115.01814814694653, 48.886018517958881 ], [ -115.01814814694653, 48.885925925366188 ], [ -115.018055554353751, 48.885925925366188 ], [ -115.018055554353751, 48.885648147588114 ], [ -115.01814814694653, 48.885648147588114 ], [ -115.01814814694653, 48.88509259203196 ], [ -115.018240739539308, 48.88509259203196 ], [ -115.018240739539308, 48.884444443883112 ], [ -115.01814814694653, 48.884444443883112 ], [ -115.01814814694653, 48.884259258697732 ], [ -115.018055554353751, 48.884259258697732 ], [ -115.018055554353751, 48.884074073512345 ], [ -115.017962961760972, 48.884074073512345 ], [ -115.017962961760972, 48.883981480919651 ], [ -115.017870369168207, 48.883981480919651 ], [ -115.017870369168207, 48.883703703141578 ], [ -115.017777776575429, 48.883703703141578 ], [ -115.017777776575429, 48.88351851795619 ], [ -115.01768518398265, 48.88351851795619 ], [ -115.01768518398265, 48.883333332770803 ], [ -115.017592591389871, 48.883333332770803 ], [ -115.017592591389871, 48.883240740178117 ], [ -115.017499998797106, 48.883240740178117 ], [ -115.017499998797106, 48.882962962400036 ], [ -115.017407406204327, 48.882962962400036 ], [ -115.017407406204327, 48.882870369807343 ], [ -115.017314813611549, 48.882870369807343 ], [ -115.017314813611549, 48.882777777214656 ], [ -115.01722222101877, 48.882777777214656 ], [ -115.01722222101877, 48.882685184621963 ], [ -115.016944443240448, 48.882685184621963 ], [ -115.016944443240448, 48.882777777214656 ], [ -115.016851850647669, 48.882777777214656 ], [ -115.016851850647669, 48.882870369807343 ], [ -115.01675925805489, 48.882870369807343 ], [ -115.01675925805489, 48.883796295734271 ], [ -115.016666665462125, 48.883796295734271 ], [ -115.016666665462125, 48.883888888326958 ], [ -115.016574072869346, 48.883888888326958 ], [ -115.016574072869346, 48.884074073512345 ], [ -115.016481480276568, 48.884074073512345 ], [ -115.016481480276568, 48.884166666105038 ], [ -115.016388887683789, 48.884166666105038 ], [ -115.016388887683789, 48.884537036475805 ], [ -115.016296295091024, 48.884537036475805 ], [ -115.016296295091024, 48.884814814253879 ], [ -115.016388887683789, 48.884814814253879 ], [ -115.016388887683789, 48.886296295736955 ], [ -115.016481480276568, 48.886296295736955 ], [ -115.016481480276568, 48.886481480922342 ], [ -115.016666665462125, 48.886481480922342 ], [ -115.016666665462125, 48.886574073515035 ], [ -115.016944443240448, 48.886574073515035 ], [ -115.016944443240448, 48.886666666107729 ], [ -115.017037035833226, 48.886666666107729 ], [ -115.017037035833226, 48.886759258700415 ], [ -115.017129628425991, 48.886759258700415 ], [ -115.017129628425991, 48.886851851293109 ], [ -115.017314813611549, 48.886851851293109 ], [ -115.017314813611549, 48.886944443885803 ], [ -115.017499998797106, 48.886944443885803 ], [ -115.017499998797106, 48.887037036478496 ], [ -115.01768518398265, 48.887037036478496 ], [ -115.01768518398265, 48.88712962907119 ], [ -115.017870369168207, 48.88712962907119 ], [ -115.017870369168207, 48.887222221663876 ], [ -115.017962961760972, 48.887222221663876 ], [ -115.017962961760972, 48.88731481425657 ], [ -115.018055554353751, 48.88731481425657 ], [ -115.018055554353751, 48.887407406849263 ], [ -115.01814814694653, 48.887407406849263 ], [ -115.01814814694653, 48.887499999441957 ], [ -115.018240739539308, 48.887499999441957 ], [ -115.018240739539308, 48.88759259203465 ], [ -115.018333332132073, 48.88759259203465 ], [ -115.018333332132073, 48.887685184627337 ], [ -115.018425924724852, 48.887685184627337 ], [ -115.018425924724852, 48.88777777722003 ], [ -115.018518517317631, 48.88777777722003 ], [ -115.018518517317631, 48.887962962405417 ], [ -115.01861110991041, 48.887962962405417 ], [ -115.01861110991041, 48.888055554998111 ], [ -115.018703702503174, 48.888055554998111 ], [ -115.018703702503174, 48.888148147590798 ], [ -115.018796295095953, 48.888148147590798 ], [ -115.018796295095953, 48.888240740183491 ], [ -115.018888887688732, 48.888240740183491 ], [ -115.018888887688732, 48.888333332776185 ], [ -115.019074072874275, 48.888333332776185 ], [ -115.019074072874275, 48.888425925368878 ], [ -115.019166665467054, 48.888425925368878 ], [ -115.019166665467054, 48.888703703146952 ], [ -115.019259258059833, 48.888703703146952 ], [ -115.019259258059833, 48.888796295739645 ], [ -115.019351850652612, 48.888796295739645 ], [ -115.019351850652612, 48.888888888332339 ], [ -115.019444443245376, 48.888888888332339 ], [ -115.019444443245376, 48.888981480925032 ], [ -115.019537035838155, 48.888981480925032 ], [ -115.019537035838155, 48.889166666110413 ], [ -115.019722221023713, 48.889166666110413 ], [ -115.019722221023713, 48.889259258703106 ], [ -115.019814813616478, 48.889259258703106 ], [ -115.019814813616478, 48.889537036481187 ], [ -115.019722221023713, 48.889537036481187 ], [ -115.019722221023713, 48.889722221666567 ], [ -115.019629628430934, 48.889722221666567 ], [ -115.019629628430934, 48.890185184630027 ], [ -115.019814813616478, 48.890185184630027 ], [ -115.019814813616478, 48.890277777222721 ], [ -115.020185183987579, 48.890277777222721 ], [ -115.020185183987579, 48.890370369815415 ], [ -115.020462961765915, 48.890370369815415 ], [ -115.020462961765915, 48.890462962408108 ], [ -115.020648146951459, 48.890462962408108 ], [ -115.020648146951459, 48.890555555000802 ], [ -115.02101851732256, 48.890555555000802 ], [ -115.02101851732256, 48.890462962408108 ], [ -115.021388887693661, 48.890462962408108 ], [ -115.021388887693661, 48.890555555000802 ], [ -115.021574072879218, 48.890555555000802 ], [ -115.021574072879218, 48.890370369815415 ] ], [ [ -114.967314813512843, 48.889444443888493 ], [ -114.967222220920064, 48.889444443888493 ], [ -114.967222220920064, 48.889537036481187 ], [ -114.967314813512843, 48.889537036481187 ], [ -114.967314813512843, 48.889444443888493 ] ], [ [ -115.04935185071183, 48.889074073517726 ], [ -115.04935185071183, 48.889166666110413 ], [ -115.049074072933507, 48.889166666110413 ], [ -115.049074072933507, 48.889259258703106 ], [ -115.048518517376849, 48.889259258703106 ], [ -115.048518517376849, 48.8893518512958 ], [ -115.048981480340728, 48.8893518512958 ], [ -115.048981480340728, 48.889444443888493 ], [ -115.049166665526286, 48.889444443888493 ], [ -115.049166665526286, 48.8893518512958 ], [ -115.04935185071183, 48.8893518512958 ], [ -115.04935185071183, 48.889259258703106 ], [ -115.049537035897387, 48.889259258703106 ], [ -115.049537035897387, 48.889166666110413 ], [ -115.049629628490152, 48.889166666110413 ], [ -115.049629628490152, 48.889074073517726 ], [ -115.04935185071183, 48.889074073517726 ] ], [ [ -115.049722221082931, 48.889074073517726 ], [ -115.049722221082931, 48.888981480925032 ], [ -115.049629628490152, 48.888981480925032 ], [ -115.049629628490152, 48.889074073517726 ], [ -115.049722221082931, 48.889074073517726 ] ], [ [ -115.049907406268488, 48.888888888332339 ], [ -115.04981481367571, 48.888888888332339 ], [ -115.04981481367571, 48.888981480925032 ], [ -115.049907406268488, 48.888981480925032 ], [ -115.049907406268488, 48.888888888332339 ] ], [ [ -115.031111109935082, 48.885185184624653 ], [ -115.031203702527861, 48.885185184624653 ], [ -115.031203702527861, 48.88509259203196 ], [ -115.031388887713405, 48.88509259203196 ], [ -115.031388887713405, 48.884907406846573 ], [ -115.031481480306184, 48.884907406846573 ], [ -115.031481480306184, 48.884814814253879 ], [ -115.031666665491727, 48.884814814253879 ], [ -115.031666665491727, 48.884629629068499 ], [ -115.031574072898962, 48.884629629068499 ], [ -115.031574072898962, 48.884537036475805 ], [ -115.031481480306184, 48.884537036475805 ], [ -115.031481480306184, 48.884351851290418 ], [ -115.031388887713405, 48.884351851290418 ], [ -115.031388887713405, 48.884166666105038 ], [ -115.031481480306184, 48.884166666105038 ], [ -115.031481480306184, 48.884074073512345 ], [ -115.031574072898962, 48.884074073512345 ], [ -115.031574072898962, 48.883981480919651 ], [ -115.031481480306184, 48.883981480919651 ], [ -115.031481480306184, 48.883888888326958 ], [ -115.031388887713405, 48.883888888326958 ], [ -115.031388887713405, 48.883796295734271 ], [ -115.031203702527861, 48.883796295734271 ], [ -115.031203702527861, 48.883703703141578 ], [ -115.031111109935082, 48.883703703141578 ], [ -115.031111109935082, 48.883611110548884 ], [ -115.031018517342304, 48.883611110548884 ], [ -115.031018517342304, 48.88351851795619 ], [ -115.030925924749525, 48.88351851795619 ], [ -115.030925924749525, 48.883425925363497 ], [ -115.03083333215676, 48.883425925363497 ], [ -115.03083333215676, 48.883240740178117 ], [ -115.030740739563981, 48.883240740178117 ], [ -115.030740739563981, 48.883148147585423 ], [ -115.030648146971203, 48.883148147585423 ], [ -115.030648146971203, 48.88305555499273 ], [ -115.030555554378424, 48.88305555499273 ], [ -115.030555554378424, 48.882962962400036 ], [ -115.030462961785659, 48.882962962400036 ], [ -115.030462961785659, 48.882870369807343 ], [ -115.030277776600101, 48.882870369807343 ], [ -115.030277776600101, 48.882777777214656 ], [ -115.030185184007323, 48.882777777214656 ], [ -115.030185184007323, 48.882685184621963 ], [ -115.030092591414558, 48.882685184621963 ], [ -115.030092591414558, 48.882592592029269 ], [ -115.029999998821779, 48.882592592029269 ], [ -115.029999998821779, 48.882407406843882 ], [ -115.029907406229, 48.882407406843882 ], [ -115.029907406229, 48.882314814251195 ], [ -115.029814813636222, 48.882314814251195 ], [ -115.029814813636222, 48.882222221658502 ], [ -115.029629628450678, 48.882222221658502 ], [ -115.029629628450678, 48.882129629065808 ], [ -115.029537035857899, 48.882129629065808 ], [ -115.029537035857899, 48.881944443880421 ], [ -115.029351850672342, 48.881944443880421 ], [ -115.029351850672342, 48.881851851287735 ], [ -115.029259258079577, 48.881851851287735 ], [ -115.029259258079577, 48.881759258695041 ], [ -115.029166665486798, 48.881759258695041 ], [ -115.029166665486798, 48.881666666102348 ], [ -115.02898148030124, 48.881666666102348 ], [ -115.02898148030124, 48.881574073509654 ], [ -115.028888887708476, 48.881574073509654 ], [ -115.028888887708476, 48.88148148091696 ], [ -115.028703702522918, 48.88148148091696 ], [ -115.028703702522918, 48.881388888324267 ], [ -115.028611109930139, 48.881388888324267 ], [ -115.028611109930139, 48.88129629573158 ], [ -115.028518517337375, 48.88129629573158 ], [ -115.028518517337375, 48.881203703138887 ], [ -115.028333332151817, 48.881203703138887 ], [ -115.028333332151817, 48.881111110546193 ], [ -115.027962961780716, 48.881111110546193 ], [ -115.027962961780716, 48.8810185179535 ], [ -115.027870369187937, 48.8810185179535 ], [ -115.027870369187937, 48.880925925360806 ], [ -115.027777776595173, 48.880925925360806 ], [ -115.027777776595173, 48.88083333276812 ], [ -115.027685184002394, 48.88083333276812 ], [ -115.027685184002394, 48.880740740175426 ], [ -115.027499998816836, 48.880740740175426 ], [ -115.027499998816836, 48.880648147582733 ], [ -115.027407406224071, 48.880648147582733 ], [ -115.027407406224071, 48.880555554990039 ], [ -115.027222221038514, 48.880555554990039 ], [ -115.027222221038514, 48.880462962397345 ], [ -115.027129628445735, 48.880462962397345 ], [ -115.027129628445735, 48.880370369804659 ], [ -115.02703703585297, 48.880370369804659 ], [ -115.02703703585297, 48.880277777211965 ], [ -115.026851850667413, 48.880277777211965 ], [ -115.026851850667413, 48.880185184619272 ], [ -115.026481480296312, 48.880185184619272 ], [ -115.026481480296312, 48.880092592026578 ], [ -115.026296295110754, 48.880092592026578 ], [ -115.026296295110754, 48.879999999433885 ], [ -115.026203702517989, 48.879999999433885 ], [ -115.026203702517989, 48.879907406841198 ], [ -115.026018517332432, 48.879907406841198 ], [ -115.026018517332432, 48.879814814248505 ], [ -115.025925924739653, 48.879814814248505 ], [ -115.025925924739653, 48.879999999433885 ], [ -115.026018517332432, 48.879999999433885 ], [ -115.026018517332432, 48.880092592026578 ], [ -115.026203702517989, 48.880092592026578 ], [ -115.026203702517989, 48.880185184619272 ], [ -115.026296295110754, 48.880185184619272 ], [ -115.026296295110754, 48.880370369804659 ], [ -115.026481480296312, 48.880370369804659 ], [ -115.026481480296312, 48.880462962397345 ], [ -115.02657407288909, 48.880462962397345 ], [ -115.02657407288909, 48.880648147582733 ], [ -115.026666665481855, 48.880648147582733 ], [ -115.026666665481855, 48.880740740175426 ], [ -115.026759258074634, 48.880740740175426 ], [ -115.026759258074634, 48.88083333276812 ], [ -115.026944443260192, 48.88083333276812 ], [ -115.026944443260192, 48.880925925360806 ], [ -115.027129628445735, 48.880925925360806 ], [ -115.027129628445735, 48.8810185179535 ], [ -115.027222221038514, 48.8810185179535 ], [ -115.027222221038514, 48.881111110546193 ], [ -115.027407406224071, 48.881111110546193 ], [ -115.027407406224071, 48.881203703138887 ], [ -115.027499998816836, 48.881203703138887 ], [ -115.027499998816836, 48.88148148091696 ], [ -115.027407406224071, 48.88148148091696 ], [ -115.027407406224071, 48.881851851287735 ], [ -115.027499998816836, 48.881851851287735 ], [ -115.027499998816836, 48.881944443880421 ], [ -115.027592591409615, 48.881944443880421 ], [ -115.027592591409615, 48.882037036473115 ], [ -115.028148146966274, 48.882037036473115 ], [ -115.028148146966274, 48.882129629065808 ], [ -115.028425924744596, 48.882129629065808 ], [ -115.028425924744596, 48.882222221658502 ], [ -115.028518517337375, 48.882222221658502 ], [ -115.028518517337375, 48.882314814251195 ], [ -115.028703702522918, 48.882314814251195 ], [ -115.028703702522918, 48.882407406843882 ], [ -115.028796295115697, 48.882407406843882 ], [ -115.028796295115697, 48.882592592029269 ], [ -115.02898148030124, 48.882592592029269 ], [ -115.02898148030124, 48.882685184621963 ], [ -115.029074072894019, 48.882685184621963 ], [ -115.029074072894019, 48.882777777214656 ], [ -115.029166665486798, 48.882777777214656 ], [ -115.029166665486798, 48.882962962400036 ], [ -115.029259258079577, 48.882962962400036 ], [ -115.029259258079577, 48.88305555499273 ], [ -115.029166665486798, 48.88305555499273 ], [ -115.029166665486798, 48.883148147585423 ], [ -115.029074072894019, 48.883148147585423 ], [ -115.029074072894019, 48.883240740178117 ], [ -115.028888887708476, 48.883240740178117 ], [ -115.028888887708476, 48.88351851795619 ], [ -115.029074072894019, 48.88351851795619 ], [ -115.029074072894019, 48.883611110548884 ], [ -115.029259258079577, 48.883611110548884 ], [ -115.029259258079577, 48.883333332770803 ], [ -115.029351850672342, 48.883333332770803 ], [ -115.029351850672342, 48.883240740178117 ], [ -115.029629628450678, 48.883240740178117 ], [ -115.029629628450678, 48.883333332770803 ], [ -115.029722221043443, 48.883333332770803 ], [ -115.029722221043443, 48.883425925363497 ], [ -115.029907406229, 48.883425925363497 ], [ -115.029907406229, 48.88351851795619 ], [ -115.029999998821779, 48.88351851795619 ], [ -115.029999998821779, 48.883611110548884 ], [ -115.030092591414558, 48.883611110548884 ], [ -115.030092591414558, 48.883796295734271 ], [ -115.030277776600101, 48.883796295734271 ], [ -115.030277776600101, 48.883888888326958 ], [ -115.03037036919288, 48.883888888326958 ], [ -115.03037036919288, 48.883981480919651 ], [ -115.030462961785659, 48.883981480919651 ], [ -115.030462961785659, 48.884074073512345 ], [ -115.030555554378424, 48.884074073512345 ], [ -115.030555554378424, 48.884166666105038 ], [ -115.030648146971203, 48.884166666105038 ], [ -115.030648146971203, 48.884259258697732 ], [ -115.030740739563981, 48.884259258697732 ], [ -115.030740739563981, 48.884537036475805 ], [ -115.03083333215676, 48.884537036475805 ], [ -115.03083333215676, 48.884722221661193 ], [ -115.030740739563981, 48.884722221661193 ], [ -115.030740739563981, 48.884814814253879 ], [ -115.030462961785659, 48.884814814253879 ], [ -115.030462961785659, 48.884999999439266 ], [ -115.030648146971203, 48.884999999439266 ], [ -115.030648146971203, 48.88509259203196 ], [ -115.030740739563981, 48.88509259203196 ], [ -115.030740739563981, 48.88527777721734 ], [ -115.031111109935082, 48.88527777721734 ], [ -115.031111109935082, 48.885185184624653 ] ], [ [ -114.983888887619642, 48.879722221655811 ], [ -114.984074072805186, 48.879722221655811 ], [ -114.984074072805186, 48.879629629063118 ], [ -114.984166665397964, 48.879629629063118 ], [ -114.984166665397964, 48.879537036470424 ], [ -114.984259257990743, 48.879537036470424 ], [ -114.984259257990743, 48.879444443877738 ], [ -114.984351850583508, 48.879444443877738 ], [ -114.984351850583508, 48.879166666099657 ], [ -114.984444443176287, 48.879166666099657 ], [ -114.984444443176287, 48.879074073506963 ], [ -114.984537035769065, 48.879074073506963 ], [ -114.984537035769065, 48.878703703136196 ], [ -114.984629628361844, 48.878703703136196 ], [ -114.984629628361844, 48.878611110543503 ], [ -114.984722220954609, 48.878611110543503 ], [ -114.984722220954609, 48.878518517950809 ], [ -114.984629628361844, 48.878518517950809 ], [ -114.984629628361844, 48.878425925358123 ], [ -114.984537035769065, 48.878425925358123 ], [ -114.984537035769065, 48.878055554987348 ], [ -114.983703702434084, 48.878055554987348 ], [ -114.983703702434084, 48.877962962394662 ], [ -114.983333332062983, 48.877962962394662 ], [ -114.983333332062983, 48.877870369801968 ], [ -114.982870369099103, 48.877870369801968 ], [ -114.982870369099103, 48.877777777209275 ], [ -114.982592591320781, 48.877777777209275 ], [ -114.982592591320781, 48.877685184616581 ], [ -114.982499998728002, 48.877685184616581 ], [ -114.982499998728002, 48.877592592023888 ], [ -114.982129628356901, 48.877592592023888 ], [ -114.982129628356901, 48.877499999431201 ], [ -114.981666665393021, 48.877499999431201 ], [ -114.981666665393021, 48.877407406838508 ], [ -114.980648146872497, 48.877407406838508 ], [ -114.980648146872497, 48.877870369801968 ], [ -114.980740739465276, 48.877870369801968 ], [ -114.980740739465276, 48.877962962394662 ], [ -114.980833332058054, 48.877962962394662 ], [ -114.980833332058054, 48.878425925358123 ], [ -114.980740739465276, 48.878425925358123 ], [ -114.980740739465276, 48.878518517950809 ], [ -114.980648146872497, 48.878518517950809 ], [ -114.980648146872497, 48.87879629572889 ], [ -114.980833332058054, 48.87879629572889 ], [ -114.980833332058054, 48.878888888321583 ], [ -114.980925924650819, 48.878888888321583 ], [ -114.980925924650819, 48.87898148091427 ], [ -114.981018517243598, 48.87898148091427 ], [ -114.981018517243598, 48.879074073506963 ], [ -114.981203702429156, 48.879074073506963 ], [ -114.981203702429156, 48.879166666099657 ], [ -114.981388887614699, 48.879166666099657 ], [ -114.981388887614699, 48.87925925869235 ], [ -114.981574072800257, 48.87925925869235 ], [ -114.981574072800257, 48.879351851285044 ], [ -114.9817592579858, 48.879351851285044 ], [ -114.9817592579858, 48.879444443877738 ], [ -114.981851850578579, 48.879444443877738 ], [ -114.981851850578579, 48.879537036470424 ], [ -114.982129628356901, 48.879537036470424 ], [ -114.982129628356901, 48.879629629063118 ], [ -114.982407406135223, 48.879629629063118 ], [ -114.982407406135223, 48.879722221655811 ], [ -114.982777776506339, 48.879722221655811 ], [ -114.982777776506339, 48.879814814248505 ], [ -114.983888887619642, 48.879814814248505 ], [ -114.983888887619642, 48.879722221655811 ] ], [ [ -114.990092591335582, 48.879444443877738 ], [ -114.99027777652114, 48.879444443877738 ], [ -114.99027777652114, 48.879351851285044 ], [ -114.990462961706683, 48.879351851285044 ], [ -114.990462961706683, 48.87925925869235 ], [ -114.989999998742817, 48.87925925869235 ], [ -114.989999998742817, 48.879351851285044 ], [ -114.989907406150039, 48.879351851285044 ], [ -114.989907406150039, 48.879444443877738 ], [ -114.98981481355726, 48.879444443877738 ], [ -114.98981481355726, 48.879537036470424 ], [ -114.990092591335582, 48.879537036470424 ], [ -114.990092591335582, 48.879444443877738 ] ], [ [ -114.984814813547388, 48.877870369801968 ], [ -114.985185183918489, 48.877870369801968 ], [ -114.985185183918489, 48.877777777209275 ], [ -114.985462961696811, 48.877777777209275 ], [ -114.985462961696811, 48.877685184616581 ], [ -114.985648146882369, 48.877685184616581 ], [ -114.985648146882369, 48.877592592023888 ], [ -114.985740739475148, 48.877592592023888 ], [ -114.985740739475148, 48.877499999431201 ], [ -114.985833332067926, 48.877499999431201 ], [ -114.985833332067926, 48.877407406838508 ], [ -114.985648146882369, 48.877407406838508 ], [ -114.985648146882369, 48.877314814245814 ], [ -114.984999998732945, 48.877314814245814 ], [ -114.984999998732945, 48.877407406838508 ], [ -114.984907406140167, 48.877407406838508 ], [ -114.984907406140167, 48.877592592023888 ], [ -114.984814813547388, 48.877592592023888 ], [ -114.984814813547388, 48.877777777209275 ], [ -114.984722220954609, 48.877777777209275 ], [ -114.984722220954609, 48.877962962394662 ], [ -114.984814813547388, 48.877962962394662 ], [ -114.984814813547388, 48.877870369801968 ] ], [ [ -114.954629628302612, 48.872685184611207 ], [ -114.955833332008694, 48.872685184611207 ], [ -114.955833332008694, 48.872592592018513 ], [ -114.955925924601473, 48.872592592018513 ], [ -114.955925924601473, 48.87249999942582 ], [ -114.956018517194252, 48.87249999942582 ], [ -114.956018517194252, 48.872222221647739 ], [ -114.956111109787017, 48.872222221647739 ], [ -114.956111109787017, 48.872129629055053 ], [ -114.956203702379796, 48.872129629055053 ], [ -114.956203702379796, 48.871851851276972 ], [ -114.956296294972574, 48.871851851276972 ], [ -114.956296294972574, 48.871203703128131 ], [ -114.956388887565353, 48.871203703128131 ], [ -114.956388887565353, 48.871111110535438 ], [ -114.956481480158118, 48.871111110535438 ], [ -114.956481480158118, 48.870092592015823 ], [ -114.956574072750897, 48.870092592015823 ], [ -114.956574072750897, 48.869999999423129 ], [ -114.956666665343676, 48.869999999423129 ], [ -114.956666665343676, 48.869907406830436 ], [ -114.956759257936454, 48.869907406830436 ], [ -114.956759257936454, 48.869814814237742 ], [ -114.956851850529219, 48.869814814237742 ], [ -114.956851850529219, 48.869722221645056 ], [ -114.956944443121998, 48.869722221645056 ], [ -114.956944443121998, 48.869629629052362 ], [ -114.957037035714777, 48.869629629052362 ], [ -114.957037035714777, 48.869537036459668 ], [ -114.957222220900334, 48.869537036459668 ], [ -114.957222220900334, 48.869444443866975 ], [ -114.957314813493099, 48.869444443866975 ], [ -114.957314813493099, 48.869351851274281 ], [ -114.957499998678657, 48.869351851274281 ], [ -114.957499998678657, 48.869259258681595 ], [ -114.957592591271435, 48.869259258681595 ], [ -114.957592591271435, 48.869166666088901 ], [ -114.957870369049758, 48.869166666088901 ], [ -114.957870369049758, 48.869074073496208 ], [ -114.958055554235301, 48.869074073496208 ], [ -114.958055554235301, 48.868981480903514 ], [ -114.958333332013638, 48.868981480903514 ], [ -114.958333332013638, 48.868888888310821 ], [ -114.958518517199181, 48.868888888310821 ], [ -114.958518517199181, 48.86842592534736 ], [ -114.958425924606402, 48.86842592534736 ], [ -114.958425924606402, 48.868333332754673 ], [ -114.958333332013638, 48.868333332754673 ], [ -114.958333332013638, 48.868055554976593 ], [ -114.958240739420859, 48.868055554976593 ], [ -114.958240739420859, 48.867685184605826 ], [ -114.95814814682808, 48.867685184605826 ], [ -114.95814814682808, 48.867407406827745 ], [ -114.958055554235301, 48.867407406827745 ], [ -114.958055554235301, 48.867314814235058 ], [ -114.957962961642536, 48.867314814235058 ], [ -114.957962961642536, 48.866944443864284 ], [ -114.957870369049758, 48.866944443864284 ], [ -114.957870369049758, 48.866388888308137 ], [ -114.957777776456979, 48.866388888308137 ], [ -114.957777776456979, 48.865925925344669 ], [ -114.9576851838642, 48.865925925344669 ], [ -114.9576851838642, 48.864907406825061 ], [ -114.957777776456979, 48.864907406825061 ], [ -114.957777776456979, 48.864814814232368 ], [ -114.957870369049758, 48.864814814232368 ], [ -114.957870369049758, 48.864722221639674 ], [ -114.957777776456979, 48.864722221639674 ], [ -114.957777776456979, 48.864629629046981 ], [ -114.9576851838642, 48.864629629046981 ], [ -114.9576851838642, 48.864444443861601 ], [ -114.957592591271435, 48.864444443861601 ], [ -114.957592591271435, 48.864351851268907 ], [ -114.957499998678657, 48.864351851268907 ], [ -114.957499998678657, 48.864259258676213 ], [ -114.957407406085878, 48.864259258676213 ], [ -114.957407406085878, 48.86416666608352 ], [ -114.957314813493099, 48.86416666608352 ], [ -114.957314813493099, 48.864074073490826 ], [ -114.957129628307555, 48.864074073490826 ], [ -114.957129628307555, 48.86398148089814 ], [ -114.956851850529219, 48.86398148089814 ], [ -114.956851850529219, 48.863888888305446 ], [ -114.956759257936454, 48.863888888305446 ], [ -114.956759257936454, 48.863796295712753 ], [ -114.956574072750897, 48.863796295712753 ], [ -114.956574072750897, 48.863703703120059 ], [ -114.956203702379796, 48.863703703120059 ], [ -114.956203702379796, 48.863611110527366 ], [ -114.956018517194252, 48.863611110527366 ], [ -114.956018517194252, 48.863518517934672 ], [ -114.955833332008694, 48.863518517934672 ], [ -114.955833332008694, 48.863425925341986 ], [ -114.955648146823151, 48.863425925341986 ], [ -114.955648146823151, 48.863333332749292 ], [ -114.955370369044815, 48.863333332749292 ], [ -114.955370369044815, 48.863240740156598 ], [ -114.954999998673713, 48.863240740156598 ], [ -114.954999998673713, 48.863148147563905 ], [ -114.954629628302612, 48.863148147563905 ], [ -114.954629628302612, 48.863055554971211 ], [ -114.954166665338747, 48.863055554971211 ], [ -114.954166665338747, 48.862962962378525 ], [ -114.953796294967631, 48.862962962378525 ], [ -114.953796294967631, 48.862870369785831 ], [ -114.953518517189309, 48.862870369785831 ], [ -114.953518517189309, 48.862777777193138 ], [ -114.953055554225429, 48.862777777193138 ], [ -114.953055554225429, 48.862685184600444 ], [ -114.952685183854328, 48.862685184600444 ], [ -114.952685183854328, 48.862592592007751 ], [ -114.952407406076006, 48.862592592007751 ], [ -114.952407406076006, 48.862499999415064 ], [ -114.952314813483227, 48.862499999415064 ], [ -114.952314813483227, 48.862407406822371 ], [ -114.952129628297683, 48.862407406822371 ], [ -114.952129628297683, 48.862314814229677 ], [ -114.952037035704905, 48.862314814229677 ], [ -114.952037035704905, 48.862222221636983 ], [ -114.951851850519361, 48.862222221636983 ], [ -114.951851850519361, 48.86212962904429 ], [ -114.951759257926582, 48.86212962904429 ], [ -114.951759257926582, 48.862037036451603 ], [ -114.951666665333804, 48.862037036451603 ], [ -114.951666665333804, 48.86194444385891 ], [ -114.95148148014826, 48.86194444385891 ], [ -114.95148148014826, 48.861851851266216 ], [ -114.951388887555481, 48.861851851266216 ], [ -114.951388887555481, 48.861574073488143 ], [ -114.951296294962702, 48.861574073488143 ], [ -114.951296294962702, 48.861203703117368 ], [ -114.951203702369924, 48.861203703117368 ], [ -114.951203702369924, 48.860648147561214 ], [ -114.951111109777159, 48.860648147561214 ], [ -114.951111109777159, 48.860555554968528 ], [ -114.95101851718438, 48.860555554968528 ], [ -114.95101851718438, 48.860370369783141 ], [ -114.950925924591601, 48.860370369783141 ], [ -114.950925924591601, 48.860185184597754 ], [ -114.950740739406044, 48.860185184597754 ], [ -114.950740739406044, 48.860092592005067 ], [ -114.950648146813279, 48.860092592005067 ], [ -114.950648146813279, 48.85990740681968 ], [ -114.950462961627721, 48.85990740681968 ], [ -114.950462961627721, 48.859814814226986 ], [ -114.950370369034943, 48.859814814226986 ], [ -114.950370369034943, 48.859629629041606 ], [ -114.950185183849399, 48.859629629041606 ], [ -114.950185183849399, 48.859537036448913 ], [ -114.95009259125662, 48.859537036448913 ], [ -114.95009259125662, 48.859444443856219 ], [ -114.949814813478298, 48.859444443856219 ], [ -114.949814813478298, 48.859351851263526 ], [ -114.949722220885519, 48.859351851263526 ], [ -114.949722220885519, 48.859259258670832 ], [ -114.949537035699976, 48.859259258670832 ], [ -114.949537035699976, 48.859166666078139 ], [ -114.949444443107197, 48.859166666078139 ], [ -114.949444443107197, 48.859074073485452 ], [ -114.949259257921639, 48.859074073485452 ], [ -114.949259257921639, 48.858981480892758 ], [ -114.949074072736096, 48.858981480892758 ], [ -114.949074072736096, 48.858888888300065 ], [ -114.948796294957774, 48.858888888300065 ], [ -114.948796294957774, 48.858796295707371 ], [ -114.948333331993894, 48.858796295707371 ], [ -114.948333331993894, 48.858703703114678 ], [ -114.948055554215571, 48.858703703114678 ], [ -114.948055554215571, 48.858796295707371 ], [ -114.94675925791671, 48.858796295707371 ], [ -114.94675925791671, 48.858703703114678 ], [ -114.946481480138388, 48.858703703114678 ], [ -114.946481480138388, 48.858611110521991 ], [ -114.946203702360052, 48.858611110521991 ], [ -114.946203702360052, 48.858518517929298 ], [ -114.946018517174508, 48.858518517929298 ], [ -114.946018517174508, 48.858425925336604 ], [ -114.945740739396186, 48.858425925336604 ], [ -114.945740739396186, 48.858333332743911 ], [ -114.945648146803407, 48.858333332743911 ], [ -114.945648146803407, 48.858240740151217 ], [ -114.945555554210628, 48.858240740151217 ], [ -114.945555554210628, 48.858148147558531 ], [ -114.945370369025085, 48.858148147558531 ], [ -114.945370369025085, 48.858055554965837 ], [ -114.945092591246748, 48.858055554965837 ], [ -114.945092591246748, 48.857962962373144 ], [ -114.944999998653984, 48.857962962373144 ], [ -114.944999998653984, 48.85787036978045 ], [ -114.944814813468426, 48.85787036978045 ], [ -114.944814813468426, 48.857777777187756 ], [ -114.944722220875647, 48.857777777187756 ], [ -114.944722220875647, 48.85768518459507 ], [ -114.944629628282883, 48.85768518459507 ], [ -114.944629628282883, 48.857499999409683 ], [ -114.944537035690104, 48.857499999409683 ], [ -114.944537035690104, 48.857314814224296 ], [ -114.944351850504546, 48.857314814224296 ], [ -114.944351850504546, 48.857222221631609 ], [ -114.944166665319003, 48.857222221631609 ], [ -114.944166665319003, 48.857129629038916 ], [ -114.943333331984022, 48.857129629038916 ], [ -114.943333331984022, 48.857222221631609 ], [ -114.943055554205699, 48.857222221631609 ], [ -114.943055554205699, 48.857314814224296 ], [ -114.942777776427363, 48.857314814224296 ], [ -114.942777776427363, 48.857407406816989 ], [ -114.942592591241819, 48.857407406816989 ], [ -114.942592591241819, 48.857499999409683 ], [ -114.942314813463497, 48.857499999409683 ], [ -114.942314813463497, 48.857592592002376 ], [ -114.942037035685161, 48.857592592002376 ], [ -114.942037035685161, 48.857777777187756 ], [ -114.941944443092396, 48.857777777187756 ], [ -114.941944443092396, 48.858055554965837 ], [ -114.941851850499617, 48.858055554965837 ], [ -114.941851850499617, 48.858148147558531 ], [ -114.941759257906838, 48.858148147558531 ], [ -114.941759257906838, 48.858240740151217 ], [ -114.94166666531406, 48.858240740151217 ], [ -114.94166666531406, 48.858425925336604 ], [ -114.941574072721295, 48.858425925336604 ], [ -114.941574072721295, 48.858518517929298 ], [ -114.941481480128516, 48.858518517929298 ], [ -114.941481480128516, 48.858611110521991 ], [ -114.941388887535737, 48.858611110521991 ], [ -114.941388887535737, 48.858796295707371 ], [ -114.941296294942958, 48.858796295707371 ], [ -114.941296294942958, 48.858888888300065 ], [ -114.94120370235018, 48.858888888300065 ], [ -114.94120370235018, 48.859537036448913 ], [ -114.941296294942958, 48.859537036448913 ], [ -114.941296294942958, 48.859814814226986 ], [ -114.941388887535737, 48.859814814226986 ], [ -114.941388887535737, 48.85990740681968 ], [ -114.941481480128516, 48.85990740681968 ], [ -114.941481480128516, 48.860092592005067 ], [ -114.941388887535737, 48.860092592005067 ], [ -114.941388887535737, 48.860277777190447 ], [ -114.941481480128516, 48.860277777190447 ], [ -114.941481480128516, 48.860370369783141 ], [ -114.941574072721295, 48.860370369783141 ], [ -114.941574072721295, 48.860740740153908 ], [ -114.94166666531406, 48.860740740153908 ], [ -114.94166666531406, 48.861203703117368 ], [ -114.941759257906838, 48.861203703117368 ], [ -114.941759257906838, 48.863055554971211 ], [ -114.941851850499617, 48.863055554971211 ], [ -114.941851850499617, 48.863148147563905 ], [ -114.941944443092396, 48.863148147563905 ], [ -114.941944443092396, 48.863240740156598 ], [ -114.942037035685161, 48.863240740156598 ], [ -114.942037035685161, 48.863333332749292 ], [ -114.942129628277939, 48.863333332749292 ], [ -114.942129628277939, 48.863611110527366 ], [ -114.942222220870718, 48.863611110527366 ], [ -114.942222220870718, 48.863796295712753 ], [ -114.942314813463497, 48.863796295712753 ], [ -114.942314813463497, 48.863888888305446 ], [ -114.942407406056262, 48.863888888305446 ], [ -114.942407406056262, 48.86398148089814 ], [ -114.942499998649041, 48.86398148089814 ], [ -114.942499998649041, 48.864074073490826 ], [ -114.942592591241819, 48.864074073490826 ], [ -114.942592591241819, 48.86416666608352 ], [ -114.942685183834598, 48.86416666608352 ], [ -114.942685183834598, 48.864259258676213 ], [ -114.942777776427363, 48.864259258676213 ], [ -114.942777776427363, 48.864351851268907 ], [ -114.94296296161292, 48.864351851268907 ], [ -114.94296296161292, 48.864444443861601 ], [ -114.943055554205699, 48.864444443861601 ], [ -114.943055554205699, 48.864629629046981 ], [ -114.943240739391243, 48.864629629046981 ], [ -114.943240739391243, 48.864722221639674 ], [ -114.943333331984022, 48.864722221639674 ], [ -114.943333331984022, 48.864907406825061 ], [ -114.9434259245768, 48.864907406825061 ], [ -114.9434259245768, 48.865092592010441 ], [ -114.943611109762344, 48.865092592010441 ], [ -114.943611109762344, 48.865185184603135 ], [ -114.943703702355123, 48.865185184603135 ], [ -114.943703702355123, 48.865370369788522 ], [ -114.943796294947902, 48.865370369788522 ], [ -114.943796294947902, 48.865462962381208 ], [ -114.943888887540666, 48.865462962381208 ], [ -114.943888887540666, 48.865555554973902 ], [ -114.943981480133445, 48.865555554973902 ], [ -114.943981480133445, 48.865648147566596 ], [ -114.944074072726224, 48.865648147566596 ], [ -114.944074072726224, 48.865833332751983 ], [ -114.944259257911767, 48.865833332751983 ], [ -114.944259257911767, 48.865925925344669 ], [ -114.944351850504546, 48.865925925344669 ], [ -114.944351850504546, 48.866111110530056 ], [ -114.944537035690104, 48.866111110530056 ], [ -114.944537035690104, 48.86620370312275 ], [ -114.944629628282883, 48.86620370312275 ], [ -114.944629628282883, 48.866296295715443 ], [ -114.945277776432306, 48.866296295715443 ], [ -114.945277776432306, 48.86620370312275 ], [ -114.945370369025085, 48.86620370312275 ], [ -114.945370369025085, 48.866111110530056 ], [ -114.945462961617849, 48.866111110530056 ], [ -114.945462961617849, 48.866018517937363 ], [ -114.945555554210628, 48.866018517937363 ], [ -114.945555554210628, 48.865925925344669 ], [ -114.945648146803407, 48.865925925344669 ], [ -114.945648146803407, 48.865462962381208 ], [ -114.945740739396186, 48.865462962381208 ], [ -114.945740739396186, 48.865370369788522 ], [ -114.946203702360052, 48.865370369788522 ], [ -114.946203702360052, 48.865277777195828 ], [ -114.946851850509489, 48.865277777195828 ], [ -114.946851850509489, 48.865370369788522 ], [ -114.947129628287811, 48.865370369788522 ], [ -114.947129628287811, 48.865462962381208 ], [ -114.947407406066134, 48.865462962381208 ], [ -114.947407406066134, 48.865555554973902 ], [ -114.94768518384447, 48.865555554973902 ], [ -114.94768518384447, 48.865648147566596 ], [ -114.947962961622792, 48.865648147566596 ], [ -114.947962961622792, 48.865740740159289 ], [ -114.948055554215571, 48.865740740159289 ], [ -114.948055554215571, 48.865833332751983 ], [ -114.948148146808336, 48.865833332751983 ], [ -114.948148146808336, 48.865925925344669 ], [ -114.948333331993894, 48.865925925344669 ], [ -114.948333331993894, 48.866018517937363 ], [ -114.948425924586672, 48.866018517937363 ], [ -114.948425924586672, 48.866111110530056 ], [ -114.948518517179437, 48.866111110530056 ], [ -114.948518517179437, 48.86620370312275 ], [ -114.948611109772216, 48.86620370312275 ], [ -114.948611109772216, 48.866296295715443 ], [ -114.948703702364995, 48.866296295715443 ], [ -114.948703702364995, 48.866388888308137 ], [ -114.948888887550538, 48.866388888308137 ], [ -114.948888887550538, 48.866481480900823 ], [ -114.948981480143317, 48.866481480900823 ], [ -114.948981480143317, 48.866666666086211 ], [ -114.949074072736096, 48.866666666086211 ], [ -114.949074072736096, 48.866759258678904 ], [ -114.949259257921639, 48.866759258678904 ], [ -114.949259257921639, 48.866851851271598 ], [ -114.949351850514418, 48.866851851271598 ], [ -114.949351850514418, 48.866944443864284 ], [ -114.949537035699976, 48.866944443864284 ], [ -114.949537035699976, 48.867037036456978 ], [ -114.94962962829274, 48.867037036456978 ], [ -114.94962962829274, 48.867314814235058 ], [ -114.949722220885519, 48.867314814235058 ], [ -114.949722220885519, 48.867499999420438 ], [ -114.949907406071077, 48.867499999420438 ], [ -114.949907406071077, 48.867592592013132 ], [ -114.949999998663841, 48.867592592013132 ], [ -114.949999998663841, 48.867685184605826 ], [ -114.950185183849399, 48.867685184605826 ], [ -114.950185183849399, 48.867777777198519 ], [ -114.950277776442178, 48.867777777198519 ], [ -114.950277776442178, 48.86824074016198 ], [ -114.950370369034943, 48.86824074016198 ], [ -114.950370369034943, 48.868703703125441 ], [ -114.950462961627721, 48.868703703125441 ], [ -114.950462961627721, 48.869814814237742 ], [ -114.9505555542205, 48.869814814237742 ], [ -114.9505555542205, 48.870277777201203 ], [ -114.950648146813279, 48.870277777201203 ], [ -114.950648146813279, 48.870370369793896 ], [ -114.950740739406044, 48.870370369793896 ], [ -114.950740739406044, 48.87046296238659 ], [ -114.950648146813279, 48.87046296238659 ], [ -114.950648146813279, 48.870833332757357 ], [ -114.950740739406044, 48.870833332757357 ], [ -114.950740739406044, 48.870925925350051 ], [ -114.950833331998822, 48.870925925350051 ], [ -114.950833331998822, 48.871111110535438 ], [ -114.95101851718438, 48.871111110535438 ], [ -114.95101851718438, 48.871203703128131 ], [ -114.951111109777159, 48.871203703128131 ], [ -114.951111109777159, 48.871296295720818 ], [ -114.951203702369924, 48.871296295720818 ], [ -114.951203702369924, 48.871481480906205 ], [ -114.951296294962702, 48.871481480906205 ], [ -114.951296294962702, 48.871666666091592 ], [ -114.951388887555481, 48.871666666091592 ], [ -114.951388887555481, 48.871759258684278 ], [ -114.95148148014826, 48.871759258684278 ], [ -114.95148148014826, 48.872037036462359 ], [ -114.951666665333804, 48.872037036462359 ], [ -114.951666665333804, 48.872129629055053 ], [ -114.951759257926582, 48.872129629055053 ], [ -114.951759257926582, 48.872314814240433 ], [ -114.951851850519361, 48.872314814240433 ], [ -114.951851850519361, 48.872685184611207 ], [ -114.952870369039886, 48.872685184611207 ], [ -114.952870369039886, 48.872777777203893 ], [ -114.953148146818208, 48.872777777203893 ], [ -114.953148146818208, 48.872685184611207 ], [ -114.953981480153189, 48.872685184611207 ], [ -114.953981480153189, 48.872777777203893 ], [ -114.954629628302612, 48.872777777203893 ], [ -114.954629628302612, 48.872685184611207 ] ], [ [ -114.942777776427363, 48.871388888313511 ], [ -114.942685183834598, 48.871388888313511 ], [ -114.942685183834598, 48.871296295720818 ], [ -114.94166666531406, 48.871296295720818 ], [ -114.94166666531406, 48.871203703128131 ], [ -114.941388887535737, 48.871203703128131 ], [ -114.941388887535737, 48.871111110535438 ], [ -114.941296294942958, 48.871111110535438 ], [ -114.941296294942958, 48.871203703128131 ], [ -114.94120370235018, 48.871203703128131 ], [ -114.94120370235018, 48.871296295720818 ], [ -114.941296294942958, 48.871296295720818 ], [ -114.941296294942958, 48.871481480906205 ], [ -114.94166666531406, 48.871481480906205 ], [ -114.94166666531406, 48.871574073498898 ], [ -114.942222220870718, 48.871574073498898 ], [ -114.942222220870718, 48.871481480906205 ], [ -114.942499998649041, 48.871481480906205 ], [ -114.942499998649041, 48.871574073498898 ], [ -114.942777776427363, 48.871574073498898 ], [ -114.942777776427363, 48.871388888313511 ] ], [ [ -114.976666665383163, 48.870740740164671 ], [ -114.976759257975928, 48.870740740164671 ], [ -114.976759257975928, 48.870648147571977 ], [ -114.976944443161486, 48.870648147571977 ], [ -114.976944443161486, 48.870555554979283 ], [ -114.977037035754265, 48.870555554979283 ], [ -114.977037035754265, 48.87046296238659 ], [ -114.977222220939808, 48.87046296238659 ], [ -114.977222220939808, 48.870370369793896 ], [ -114.97749999871813, 48.870370369793896 ], [ -114.97749999871813, 48.870277777201203 ], [ -114.977592591310909, 48.870277777201203 ], [ -114.977592591310909, 48.870185184608516 ], [ -114.979537035759193, 48.870185184608516 ], [ -114.979537035759193, 48.870092592015823 ], [ -114.979907406130295, 48.870092592015823 ], [ -114.979907406130295, 48.869999999423129 ], [ -114.980462961686953, 48.869999999423129 ], [ -114.980462961686953, 48.869907406830436 ], [ -114.980925924650819, 48.869907406830436 ], [ -114.980925924650819, 48.869814814237742 ], [ -114.9817592579858, 48.869814814237742 ], [ -114.9817592579858, 48.869722221645056 ], [ -114.981851850578579, 48.869722221645056 ], [ -114.981851850578579, 48.869629629052362 ], [ -114.981944443171358, 48.869629629052362 ], [ -114.981944443171358, 48.869537036459668 ], [ -114.981851850578579, 48.869537036459668 ], [ -114.981851850578579, 48.869444443866975 ], [ -114.981574072800257, 48.869444443866975 ], [ -114.981574072800257, 48.869351851274281 ], [ -114.98129629502192, 48.869351851274281 ], [ -114.98129629502192, 48.869259258681595 ], [ -114.981203702429156, 48.869259258681595 ], [ -114.981203702429156, 48.869166666088901 ], [ -114.980925924650819, 48.869166666088901 ], [ -114.980925924650819, 48.869074073496208 ], [ -114.980833332058054, 48.869074073496208 ], [ -114.980833332058054, 48.868981480903514 ], [ -114.980555554279718, 48.868981480903514 ], [ -114.980555554279718, 48.868888888310821 ], [ -114.980370369094175, 48.868888888310821 ], [ -114.980370369094175, 48.868796295718134 ], [ -114.980277776501396, 48.868796295718134 ], [ -114.980277776501396, 48.868703703125441 ], [ -114.979814813537516, 48.868703703125441 ], [ -114.979814813537516, 48.868796295718134 ], [ -114.978981480202535, 48.868796295718134 ], [ -114.978981480202535, 48.869259258681595 ], [ -114.97888888760977, 48.869259258681595 ], [ -114.97888888760977, 48.869351851274281 ], [ -114.977685183903688, 48.869351851274281 ], [ -114.977685183903688, 48.869259258681595 ], [ -114.976388887604827, 48.869259258681595 ], [ -114.976388887604827, 48.869166666088901 ], [ -114.975185183898745, 48.869166666088901 ], [ -114.975185183898745, 48.869629629052362 ], [ -114.97509259130598, 48.869629629052362 ], [ -114.97509259130598, 48.870185184608516 ], [ -114.975277776491524, 48.870185184608516 ], [ -114.975277776491524, 48.870277777201203 ], [ -114.975462961677081, 48.870277777201203 ], [ -114.975462961677081, 48.870370369793896 ], [ -114.975648146862625, 48.870370369793896 ], [ -114.975648146862625, 48.87046296238659 ], [ -114.975925924640947, 48.87046296238659 ], [ -114.975925924640947, 48.870555554979283 ], [ -114.976111109826505, 48.870555554979283 ], [ -114.976111109826505, 48.870648147571977 ], [ -114.976388887604827, 48.870648147571977 ], [ -114.976388887604827, 48.870740740164671 ], [ -114.976481480197606, 48.870740740164671 ], [ -114.976481480197606, 48.870833332757357 ], [ -114.976666665383163, 48.870833332757357 ], [ -114.976666665383163, 48.870740740164671 ] ], [ [ -114.93879629493803, 48.870092592015823 ], [ -114.938888887530808, 48.870092592015823 ], [ -114.938888887530808, 48.869999999423129 ], [ -114.938981480123573, 48.869999999423129 ], [ -114.938981480123573, 48.869444443866975 ], [ -114.938888887530808, 48.869444443866975 ], [ -114.938888887530808, 48.869351851274281 ], [ -114.93879629493803, 48.869351851274281 ], [ -114.93879629493803, 48.868888888310821 ], [ -114.938888887530808, 48.868888888310821 ], [ -114.938888887530808, 48.868611110532747 ], [ -114.938981480123573, 48.868611110532747 ], [ -114.938981480123573, 48.868333332754673 ], [ -114.938888887530808, 48.868333332754673 ], [ -114.938888887530808, 48.86842592534736 ], [ -114.938425924566928, 48.86842592534736 ], [ -114.938425924566928, 48.868333332754673 ], [ -114.938240739381371, 48.868333332754673 ], [ -114.938240739381371, 48.86824074016198 ], [ -114.93787036901027, 48.86824074016198 ], [ -114.93787036901027, 48.868148147569286 ], [ -114.937777776417491, 48.868148147569286 ], [ -114.937777776417491, 48.868055554976593 ], [ -114.937592591231947, 48.868055554976593 ], [ -114.937592591231947, 48.867962962383899 ], [ -114.937499998639169, 48.867962962383899 ], [ -114.937499998639169, 48.867870369791206 ], [ -114.937314813453625, 48.867870369791206 ], [ -114.937314813453625, 48.867777777198519 ], [ -114.937222220860846, 48.867777777198519 ], [ -114.937222220860846, 48.867685184605826 ], [ -114.936944443082524, 48.867685184605826 ], [ -114.936944443082524, 48.867592592013132 ], [ -114.936666665304188, 48.867592592013132 ], [ -114.936666665304188, 48.867499999420438 ], [ -114.936111109747543, 48.867499999420438 ], [ -114.936111109747543, 48.867592592013132 ], [ -114.935833331969221, 48.867592592013132 ], [ -114.935833331969221, 48.867685184605826 ], [ -114.935555554190884, 48.867685184605826 ], [ -114.935555554190884, 48.867777777198519 ], [ -114.935277776412562, 48.867777777198519 ], [ -114.935277776412562, 48.867870369791206 ], [ -114.935185183819783, 48.867870369791206 ], [ -114.935185183819783, 48.867962962383899 ], [ -114.93499999863424, 48.867962962383899 ], [ -114.93499999863424, 48.868055554976593 ], [ -114.935185183819783, 48.868055554976593 ], [ -114.935185183819783, 48.868148147569286 ], [ -114.935370369005341, 48.868148147569286 ], [ -114.935370369005341, 48.86824074016198 ], [ -114.93546296159812, 48.86824074016198 ], [ -114.93546296159812, 48.868333332754673 ], [ -114.935648146783663, 48.868333332754673 ], [ -114.935648146783663, 48.86842592534736 ], [ -114.935833331969221, 48.86842592534736 ], [ -114.935833331969221, 48.868518517940053 ], [ -114.936203702340322, 48.868518517940053 ], [ -114.936203702340322, 48.86842592534736 ], [ -114.936666665304188, 48.86842592534736 ], [ -114.936666665304188, 48.868518517940053 ], [ -114.937037035675289, 48.868518517940053 ], [ -114.937037035675289, 48.868611110532747 ], [ -114.937129628268067, 48.868611110532747 ], [ -114.937129628268067, 48.868703703125441 ], [ -114.93740740604639, 48.868703703125441 ], [ -114.93740740604639, 48.868796295718134 ], [ -114.937499998639169, 48.868796295718134 ], [ -114.937499998639169, 48.868981480903514 ], [ -114.937685183824726, 48.868981480903514 ], [ -114.937685183824726, 48.869074073496208 ], [ -114.937777776417491, 48.869074073496208 ], [ -114.937777776417491, 48.869166666088901 ], [ -114.93787036901027, 48.869166666088901 ], [ -114.93787036901027, 48.869259258681595 ], [ -114.937962961603048, 48.869259258681595 ], [ -114.937962961603048, 48.869537036459668 ], [ -114.938055554195827, 48.869537036459668 ], [ -114.938055554195827, 48.869814814237742 ], [ -114.938148146788606, 48.869814814237742 ], [ -114.938148146788606, 48.869907406830436 ], [ -114.938240739381371, 48.869907406830436 ], [ -114.938240739381371, 48.869999999423129 ], [ -114.93833333197415, 48.869999999423129 ], [ -114.93833333197415, 48.870092592015823 ], [ -114.938611109752472, 48.870092592015823 ], [ -114.938611109752472, 48.870185184608516 ], [ -114.93879629493803, 48.870185184608516 ], [ -114.93879629493803, 48.870092592015823 ] ], [ [ -114.996388887644315, 48.865370369788522 ], [ -114.996481480237094, 48.865370369788522 ], [ -114.996481480237094, 48.865277777195828 ], [ -114.99694444320096, 48.865277777195828 ], [ -114.99694444320096, 48.865185184603135 ], [ -114.997314813572061, 48.865185184603135 ], [ -114.997314813572061, 48.865092592010441 ], [ -114.997962961721498, 48.865092592010441 ], [ -114.997962961721498, 48.865185184603135 ], [ -114.9987037024637, 48.865185184603135 ], [ -114.9987037024637, 48.863240740156598 ], [ -114.998611109870922, 48.863240740156598 ], [ -114.998611109870922, 48.863333332749292 ], [ -114.998518517278143, 48.863333332749292 ], [ -114.998518517278143, 48.863425925341986 ], [ -114.99694444320096, 48.863425925341986 ], [ -114.99694444320096, 48.863518517934672 ], [ -114.996851850608195, 48.863518517934672 ], [ -114.996851850608195, 48.863611110527366 ], [ -114.996759258015416, 48.863611110527366 ], [ -114.996759258015416, 48.863703703120059 ], [ -114.996666665422637, 48.863703703120059 ], [ -114.996666665422637, 48.863888888305446 ], [ -114.996574072829858, 48.863888888305446 ], [ -114.996574072829858, 48.86398148089814 ], [ -114.996388887644315, 48.86398148089814 ], [ -114.996388887644315, 48.864074073490826 ], [ -114.996296295051536, 48.864074073490826 ], [ -114.996296295051536, 48.86416666608352 ], [ -114.996203702458757, 48.86416666608352 ], [ -114.996203702458757, 48.864629629046981 ], [ -114.996111109865993, 48.864629629046981 ], [ -114.996111109865993, 48.864722221639674 ], [ -114.996018517273214, 48.864722221639674 ], [ -114.996018517273214, 48.864999999417748 ], [ -114.995925924680435, 48.864999999417748 ], [ -114.995925924680435, 48.865277777195828 ], [ -114.996018517273214, 48.865277777195828 ], [ -114.996018517273214, 48.865370369788522 ], [ -114.996111109865993, 48.865370369788522 ], [ -114.996111109865993, 48.865462962381208 ], [ -114.996388887644315, 48.865462962381208 ], [ -114.996388887644315, 48.865370369788522 ] ], [ [ -114.931018517144892, 48.859166666078139 ], [ -114.931111109737671, 48.859166666078139 ], [ -114.931111109737671, 48.858148147558531 ], [ -114.93120370233045, 48.858148147558531 ], [ -114.93120370233045, 48.857962962373144 ], [ -114.931296294923214, 48.857962962373144 ], [ -114.931296294923214, 48.85787036978045 ], [ -114.931388887515993, 48.85787036978045 ], [ -114.931388887515993, 48.85768518459507 ], [ -114.931481480108772, 48.85768518459507 ], [ -114.931481480108772, 48.857592592002376 ], [ -114.931666665294316, 48.857592592002376 ], [ -114.931666665294316, 48.857407406816989 ], [ -114.931759257887094, 48.857407406816989 ], [ -114.931759257887094, 48.857314814224296 ], [ -114.931851850479873, 48.857314814224296 ], [ -114.931851850479873, 48.857129629038916 ], [ -114.931759257887094, 48.857129629038916 ], [ -114.931759257887094, 48.857037036446222 ], [ -114.931666665294316, 48.857037036446222 ], [ -114.931666665294316, 48.856944443853529 ], [ -114.931574072701551, 48.856944443853529 ], [ -114.931574072701551, 48.856574073482761 ], [ -114.931111109737671, 48.856574073482761 ], [ -114.931111109737671, 48.856481480890068 ], [ -114.930833331959349, 48.856481480890068 ], [ -114.930833331959349, 48.856574073482761 ], [ -114.930462961588248, 48.856574073482761 ], [ -114.930462961588248, 48.856666666075455 ], [ -114.93027777640269, 48.856666666075455 ], [ -114.93027777640269, 48.856759258668141 ], [ -114.930185183809911, 48.856759258668141 ], [ -114.930185183809911, 48.856851851260835 ], [ -114.929722220846045, 48.856851851260835 ], [ -114.929722220846045, 48.856944443853529 ], [ -114.929629628253267, 48.856944443853529 ], [ -114.929629628253267, 48.857037036446222 ], [ -114.929444443067709, 48.857037036446222 ], [ -114.929444443067709, 48.857129629038916 ], [ -114.929351850474944, 48.857129629038916 ], [ -114.929351850474944, 48.857222221631609 ], [ -114.929259257882165, 48.857222221631609 ], [ -114.929259257882165, 48.857314814224296 ], [ -114.929166665289387, 48.857314814224296 ], [ -114.929166665289387, 48.857407406816989 ], [ -114.929074072696608, 48.857407406816989 ], [ -114.929074072696608, 48.857499999409683 ], [ -114.928981480103843, 48.857499999409683 ], [ -114.928981480103843, 48.857592592002376 ], [ -114.928888887511064, 48.857592592002376 ], [ -114.928888887511064, 48.857777777187756 ], [ -114.928796294918286, 48.857777777187756 ], [ -114.928796294918286, 48.85787036978045 ], [ -114.928703702325507, 48.85787036978045 ], [ -114.928703702325507, 48.858055554965837 ], [ -114.928611109732728, 48.858055554965837 ], [ -114.928611109732728, 48.858148147558531 ], [ -114.928518517139963, 48.858148147558531 ], [ -114.928518517139963, 48.859166666078139 ], [ -114.928703702325507, 48.859166666078139 ], [ -114.928703702325507, 48.859259258670832 ], [ -114.928796294918286, 48.859259258670832 ], [ -114.928796294918286, 48.859351851263526 ], [ -114.928888887511064, 48.859351851263526 ], [ -114.928888887511064, 48.859444443856219 ], [ -114.929074072696608, 48.859444443856219 ], [ -114.929074072696608, 48.859537036448913 ], [ -114.929259257882165, 48.859537036448913 ], [ -114.929259257882165, 48.859629629041606 ], [ -114.929351850474944, 48.859629629041606 ], [ -114.929351850474944, 48.859722221634293 ], [ -114.929537035660488, 48.859722221634293 ], [ -114.929537035660488, 48.859814814226986 ], [ -114.929629628253267, 48.859814814226986 ], [ -114.929629628253267, 48.85990740681968 ], [ -114.929722220846045, 48.85990740681968 ], [ -114.929722220846045, 48.859999999412373 ], [ -114.929907406031589, 48.859999999412373 ], [ -114.929907406031589, 48.860092592005067 ], [ -114.929999998624368, 48.860092592005067 ], [ -114.929999998624368, 48.860185184597754 ], [ -114.931018517144892, 48.860185184597754 ], [ -114.931018517144892, 48.859166666078139 ] ], [ [ -114.952222220890462, 48.857499999409683 ], [ -114.952314813483227, 48.857499999409683 ], [ -114.952314813483227, 48.857407406816989 ], [ -114.952499998668785, 48.857407406816989 ], [ -114.952499998668785, 48.857314814224296 ], [ -114.952592591261563, 48.857314814224296 ], [ -114.952592591261563, 48.857222221631609 ], [ -114.952777776447107, 48.857222221631609 ], [ -114.952777776447107, 48.857129629038916 ], [ -114.952870369039886, 48.857129629038916 ], [ -114.952870369039886, 48.857037036446222 ], [ -114.953055554225429, 48.857037036446222 ], [ -114.953055554225429, 48.856944443853529 ], [ -114.953148146818208, 48.856944443853529 ], [ -114.953148146818208, 48.856851851260835 ], [ -114.953240739410987, 48.856851851260835 ], [ -114.953240739410987, 48.856296295704681 ], [ -114.953148146818208, 48.856296295704681 ], [ -114.953148146818208, 48.856203703111994 ], [ -114.953055554225429, 48.856203703111994 ], [ -114.953055554225429, 48.856111110519301 ], [ -114.952962961632664, 48.856111110519301 ], [ -114.952962961632664, 48.856018517926607 ], [ -114.952407406076006, 48.856018517926607 ], [ -114.952407406076006, 48.856203703111994 ], [ -114.952314813483227, 48.856203703111994 ], [ -114.952314813483227, 48.856296295704681 ], [ -114.952222220890462, 48.856296295704681 ], [ -114.952222220890462, 48.856388888297374 ], [ -114.952129628297683, 48.856388888297374 ], [ -114.952129628297683, 48.856481480890068 ], [ -114.952037035704905, 48.856481480890068 ], [ -114.952037035704905, 48.856574073482761 ], [ -114.951851850519361, 48.856574073482761 ], [ -114.951851850519361, 48.856666666075455 ], [ -114.951666665333804, 48.856666666075455 ], [ -114.951666665333804, 48.856759258668141 ], [ -114.951574072741025, 48.856759258668141 ], [ -114.951574072741025, 48.856851851260835 ], [ -114.95101851718438, 48.856851851260835 ], [ -114.95101851718438, 48.856759258668141 ], [ -114.950833331998822, 48.856759258668141 ], [ -114.950833331998822, 48.857037036446222 ], [ -114.95101851718438, 48.857037036446222 ], [ -114.95101851718438, 48.857129629038916 ], [ -114.951111109777159, 48.857129629038916 ], [ -114.951111109777159, 48.857222221631609 ], [ -114.951574072741025, 48.857222221631609 ], [ -114.951574072741025, 48.857314814224296 ], [ -114.951666665333804, 48.857314814224296 ], [ -114.951666665333804, 48.857407406816989 ], [ -114.951759257926582, 48.857407406816989 ], [ -114.951759257926582, 48.857499999409683 ], [ -114.951851850519361, 48.857499999409683 ], [ -114.951851850519361, 48.857592592002376 ], [ -114.952222220890462, 48.857592592002376 ], [ -114.952222220890462, 48.857499999409683 ] ], [ [ -114.95907407275584, 48.834351851236633 ], [ -114.958981480163061, 48.834351851236633 ], [ -114.958981480163061, 48.834444443829327 ], [ -114.95907407275584, 48.834444443829327 ], [ -114.95907407275584, 48.834351851236633 ] ], [ [ -114.930092591217146, 48.827222221599335 ], [ -114.929166665289387, 48.827222221599335 ], [ -114.929166665289387, 48.827314814192022 ], [ -114.929444443067709, 48.827314814192022 ], [ -114.929444443067709, 48.827407406784715 ], [ -114.929537035660488, 48.827407406784715 ], [ -114.929537035660488, 48.827314814192022 ], [ -114.929722220846045, 48.827314814192022 ], [ -114.929722220846045, 48.827407406784715 ], [ -114.92981481343881, 48.827407406784715 ], [ -114.92981481343881, 48.827314814192022 ], [ -114.929907406031589, 48.827314814192022 ], [ -114.929907406031589, 48.827407406784715 ], [ -114.930092591217146, 48.827407406784715 ], [ -114.930092591217146, 48.827222221599335 ] ], [ [ -114.945555554210628, 48.826481480857794 ], [ -114.945462961617849, 48.826481480857794 ], [ -114.945462961617849, 48.826574073450487 ], [ -114.945555554210628, 48.826574073450487 ], [ -114.945555554210628, 48.826481480857794 ] ], [ [ -114.900277776343472, 48.825648147523566 ], [ -114.900370368936251, 48.825648147523566 ], [ -114.900370368936251, 48.825555554930872 ], [ -114.900555554121794, 48.825555554930872 ], [ -114.900555554121794, 48.825462962338179 ], [ -114.901018517085674, 48.825462962338179 ], [ -114.901018517085674, 48.825555554930872 ], [ -114.901111109678453, 48.825555554930872 ], [ -114.901111109678453, 48.825462962338179 ], [ -114.901388887456775, 48.825462962338179 ], [ -114.901388887456775, 48.825370369745485 ], [ -114.901296294863997, 48.825370369745485 ], [ -114.901296294863997, 48.825277777152799 ], [ -114.901203702271218, 48.825277777152799 ], [ -114.901203702271218, 48.825185184560105 ], [ -114.901018517085674, 48.825185184560105 ], [ -114.901018517085674, 48.825092591967412 ], [ -114.900925924492896, 48.825092591967412 ], [ -114.900925924492896, 48.824999999374718 ], [ -114.900833331900117, 48.824999999374718 ], [ -114.900833331900117, 48.824907406782025 ], [ -114.900740739307352, 48.824907406782025 ], [ -114.900740739307352, 48.824814814189338 ], [ -114.900648146714573, 48.824814814189338 ], [ -114.900648146714573, 48.824722221596645 ], [ -114.900462961529016, 48.824722221596645 ], [ -114.900462961529016, 48.824814814189338 ], [ -114.900370368936251, 48.824814814189338 ], [ -114.900370368936251, 48.824907406782025 ], [ -114.900277776343472, 48.824907406782025 ], [ -114.900277776343472, 48.825092591967412 ], [ -114.900370368936251, 48.825092591967412 ], [ -114.900370368936251, 48.825370369745485 ], [ -114.900277776343472, 48.825370369745485 ], [ -114.900277776343472, 48.825462962338179 ], [ -114.900185183750693, 48.825462962338179 ], [ -114.900185183750693, 48.825555554930872 ], [ -114.900092591157915, 48.825555554930872 ], [ -114.900092591157915, 48.825648147523566 ], [ -114.900185183750693, 48.825648147523566 ], [ -114.900185183750693, 48.82574074011626 ], [ -114.900277776343472, 48.82574074011626 ], [ -114.900277776343472, 48.825648147523566 ] ], [ [ -114.898425924487967, 48.824999999374718 ], [ -114.898333331895188, 48.824999999374718 ], [ -114.898333331895188, 48.824907406782025 ], [ -114.898240739302409, 48.824907406782025 ], [ -114.898240739302409, 48.824629629003951 ], [ -114.898333331895188, 48.824629629003951 ], [ -114.898333331895188, 48.824537036411257 ], [ -114.898425924487967, 48.824537036411257 ], [ -114.898425924487967, 48.824074073447797 ], [ -114.898240739302409, 48.824074073447797 ], [ -114.898240739302409, 48.823981480855103 ], [ -114.89814814670963, 48.823981480855103 ], [ -114.89814814670963, 48.82388888826241 ], [ -114.897777776338529, 48.82388888826241 ], [ -114.897777776338529, 48.823796295669723 ], [ -114.897592591152986, 48.823796295669723 ], [ -114.897592591152986, 48.82370370307703 ], [ -114.897499998560207, 48.82370370307703 ], [ -114.897499998560207, 48.823518517891642 ], [ -114.897314813374663, 48.823518517891642 ], [ -114.897314813374663, 48.823425925298949 ], [ -114.897222220781885, 48.823425925298949 ], [ -114.897222220781885, 48.823333332706262 ], [ -114.897129628189106, 48.823333332706262 ], [ -114.897129628189106, 48.823240740113569 ], [ -114.897037035596327, 48.823240740113569 ], [ -114.897037035596327, 48.823148147520875 ], [ -114.896944443003548, 48.823148147520875 ], [ -114.896944443003548, 48.822870369742802 ], [ -114.896851850410783, 48.822870369742802 ], [ -114.896851850410783, 48.822685184557415 ], [ -114.896574072632447, 48.822685184557415 ], [ -114.896574072632447, 48.822592591964721 ], [ -114.896481480039682, 48.822592591964721 ], [ -114.896481480039682, 48.822499999372027 ], [ -114.896203702261346, 48.822499999372027 ], [ -114.896203702261346, 48.822407406779341 ], [ -114.896018517075802, 48.822407406779341 ], [ -114.896018517075802, 48.822592591964721 ], [ -114.896111109668581, 48.822592591964721 ], [ -114.896111109668581, 48.822685184557415 ], [ -114.896203702261346, 48.822685184557415 ], [ -114.896203702261346, 48.822777777150108 ], [ -114.896296294854125, 48.822777777150108 ], [ -114.896296294854125, 48.822870369742802 ], [ -114.896388887446903, 48.822870369742802 ], [ -114.896388887446903, 48.823055554928182 ], [ -114.896574072632447, 48.823055554928182 ], [ -114.896574072632447, 48.823148147520875 ], [ -114.896666665225226, 48.823148147520875 ], [ -114.896666665225226, 48.823333332706262 ], [ -114.896759257818005, 48.823333332706262 ], [ -114.896759257818005, 48.823518517891642 ], [ -114.896851850410783, 48.823518517891642 ], [ -114.896851850410783, 48.823611110484336 ], [ -114.896944443003548, 48.823611110484336 ], [ -114.896944443003548, 48.82370370307703 ], [ -114.897037035596327, 48.82370370307703 ], [ -114.897037035596327, 48.82388888826241 ], [ -114.897222220781885, 48.82388888826241 ], [ -114.897222220781885, 48.823981480855103 ], [ -114.897314813374663, 48.823981480855103 ], [ -114.897314813374663, 48.82416666604049 ], [ -114.897407405967428, 48.82416666604049 ], [ -114.897407405967428, 48.824444443818564 ], [ -114.897592591152986, 48.824444443818564 ], [ -114.897592591152986, 48.824537036411257 ], [ -114.897685183745764, 48.824537036411257 ], [ -114.897685183745764, 48.824722221596645 ], [ -114.897870368931308, 48.824722221596645 ], [ -114.897870368931308, 48.824814814189338 ], [ -114.897962961524087, 48.824814814189338 ], [ -114.897962961524087, 48.824907406782025 ], [ -114.898055554116866, 48.824907406782025 ], [ -114.898055554116866, 48.824999999374718 ], [ -114.898240739302409, 48.824999999374718 ], [ -114.898240739302409, 48.825092591967412 ], [ -114.898425924487967, 48.825092591967412 ], [ -114.898425924487967, 48.824999999374718 ] ], [ [ -114.889351850395968, 48.823148147520875 ], [ -114.889259257803204, 48.823148147520875 ], [ -114.889259257803204, 48.823240740113569 ], [ -114.889351850395968, 48.823240740113569 ], [ -114.889351850395968, 48.823148147520875 ] ], [ [ -114.906018517095546, 48.816018517883577 ], [ -114.906111109688311, 48.816018517883577 ], [ -114.906111109688311, 48.815925925290884 ], [ -114.905925924502768, 48.815925925290884 ], [ -114.905925924502768, 48.816111110476271 ], [ -114.906018517095546, 48.816111110476271 ], [ -114.906018517095546, 48.816018517883577 ] ], [ [ -114.945462961617849, 48.804259258611665 ], [ -114.945370369025085, 48.804259258611665 ], [ -114.945370369025085, 48.804351851204359 ], [ -114.945462961617849, 48.804351851204359 ], [ -114.945462961617849, 48.804259258611665 ] ], [ [ -114.903425924497839, 48.803333332684744 ], [ -114.90333333190506, 48.803333332684744 ], [ -114.90333333190506, 48.80324074009205 ], [ -114.903240739312281, 48.80324074009205 ], [ -114.903240739312281, 48.803148147499357 ], [ -114.902962961533959, 48.803148147499357 ], [ -114.902962961533959, 48.80305555490667 ], [ -114.90287036894118, 48.80305555490667 ], [ -114.90287036894118, 48.802962962313977 ], [ -114.902592591162858, 48.802962962313977 ], [ -114.902592591162858, 48.802870369721283 ], [ -114.9024074059773, 48.802870369721283 ], [ -114.9024074059773, 48.80277777712859 ], [ -114.902129628198978, 48.80277777712859 ], [ -114.902129628198978, 48.802685184535896 ], [ -114.902037035606199, 48.802685184535896 ], [ -114.902037035606199, 48.80259259194321 ], [ -114.901851850420655, 48.80259259194321 ], [ -114.901851850420655, 48.802499999350516 ], [ -114.901759257827877, 48.802499999350516 ], [ -114.901759257827877, 48.802407406757823 ], [ -114.901666665235098, 48.802407406757823 ], [ -114.901666665235098, 48.802314814165129 ], [ -114.901481480049554, 48.802314814165129 ], [ -114.901481480049554, 48.802222221572436 ], [ -114.901388887456775, 48.802222221572436 ], [ -114.901388887456775, 48.802129628979749 ], [ -114.901203702271218, 48.802129628979749 ], [ -114.901203702271218, 48.802037036387055 ], [ -114.901111109678453, 48.802037036387055 ], [ -114.901111109678453, 48.801944443794362 ], [ -114.900740739307352, 48.801944443794362 ], [ -114.900740739307352, 48.802499999350516 ], [ -114.900833331900117, 48.802499999350516 ], [ -114.900833331900117, 48.80259259194321 ], [ -114.900925924492896, 48.80259259194321 ], [ -114.900925924492896, 48.80277777712859 ], [ -114.901018517085674, 48.80277777712859 ], [ -114.901018517085674, 48.802870369721283 ], [ -114.901203702271218, 48.802870369721283 ], [ -114.901203702271218, 48.802962962313977 ], [ -114.901296294863997, 48.802962962313977 ], [ -114.901296294863997, 48.80305555490667 ], [ -114.901481480049554, 48.80305555490667 ], [ -114.901481480049554, 48.803148147499357 ], [ -114.901759257827877, 48.803148147499357 ], [ -114.901759257827877, 48.80324074009205 ], [ -114.902037035606199, 48.80324074009205 ], [ -114.902037035606199, 48.803333332684744 ], [ -114.902129628198978, 48.803333332684744 ], [ -114.902129628198978, 48.803425925277438 ], [ -114.9024074059773, 48.803425925277438 ], [ -114.9024074059773, 48.803518517870131 ], [ -114.902499998570079, 48.803518517870131 ], [ -114.902499998570079, 48.803611110462818 ], [ -114.902777776348401, 48.803611110462818 ], [ -114.902777776348401, 48.803703703055511 ], [ -114.903240739312281, 48.803703703055511 ], [ -114.903240739312281, 48.803796295648205 ], [ -114.903425924497839, 48.803796295648205 ], [ -114.903425924497839, 48.803333332684744 ] ], [ [ -114.90712962820885, 48.795185184527831 ], [ -114.907037035616071, 48.795185184527831 ], [ -114.907037035616071, 48.795277777120525 ], [ -114.90712962820885, 48.795277777120525 ], [ -114.90712962820885, 48.795185184527831 ] ], [ [ -114.882222220752269, 48.785092591924382 ], [ -114.882499998530591, 48.785092591924382 ], [ -114.882499998530591, 48.784722221553615 ], [ -114.882407405937826, 48.784722221553615 ], [ -114.882407405937826, 48.784629628960921 ], [ -114.882314813345047, 48.784629628960921 ], [ -114.882314813345047, 48.784537036368228 ], [ -114.882222220752269, 48.784537036368228 ], [ -114.882222220752269, 48.784351851182841 ], [ -114.88212962815949, 48.784351851182841 ], [ -114.88212962815949, 48.784166665997461 ], [ -114.882037035566725, 48.784166665997461 ], [ -114.882037035566725, 48.784074073404767 ], [ -114.881944442973946, 48.784074073404767 ], [ -114.881944442973946, 48.783981480812074 ], [ -114.881851850381167, 48.783981480812074 ], [ -114.881851850381167, 48.78388888821938 ], [ -114.881666665195624, 48.78388888821938 ], [ -114.881666665195624, 48.783796295626686 ], [ -114.881574072602845, 48.783796295626686 ], [ -114.881574072602845, 48.783703703034 ], [ -114.881296294824523, 48.783703703034 ], [ -114.881296294824523, 48.783611110441306 ], [ -114.881203702231744, 48.783611110441306 ], [ -114.881203702231744, 48.783518517848613 ], [ -114.881018517046186, 48.783518517848613 ], [ -114.881018517046186, 48.783425925255919 ], [ -114.880925924453408, 48.783425925255919 ], [ -114.880925924453408, 48.783240740070539 ], [ -114.880833331860643, 48.783240740070539 ], [ -114.880833331860643, 48.783055554885152 ], [ -114.880740739267864, 48.783055554885152 ], [ -114.880740739267864, 48.782870369699765 ], [ -114.880648146675085, 48.782870369699765 ], [ -114.880648146675085, 48.782777777107079 ], [ -114.880555554082306, 48.782777777107079 ], [ -114.880555554082306, 48.782222221550924 ], [ -114.880185183711205, 48.782222221550924 ], [ -114.880185183711205, 48.782129628958231 ], [ -114.87972222074734, 48.782129628958231 ], [ -114.87972222074734, 48.782222221550924 ], [ -114.879537035561782, 48.782222221550924 ], [ -114.879537035561782, 48.782592591921691 ], [ -114.879444442969003, 48.782592591921691 ], [ -114.879444442969003, 48.782685184514385 ], [ -114.879351850376239, 48.782685184514385 ], [ -114.879351850376239, 48.782777777107079 ], [ -114.879166665190681, 48.782777777107079 ], [ -114.879166665190681, 48.782870369699765 ], [ -114.878888887412359, 48.782870369699765 ], [ -114.878888887412359, 48.782962962292459 ], [ -114.87879629481958, 48.782962962292459 ], [ -114.87879629481958, 48.783240740070539 ], [ -114.878888887412359, 48.783240740070539 ], [ -114.878888887412359, 48.783333332663226 ], [ -114.878981480005137, 48.783333332663226 ], [ -114.878981480005137, 48.783425925255919 ], [ -114.879166665190681, 48.783425925255919 ], [ -114.879166665190681, 48.783518517848613 ], [ -114.87925925778346, 48.783518517848613 ], [ -114.87925925778346, 48.783611110441306 ], [ -114.879351850376239, 48.783611110441306 ], [ -114.879351850376239, 48.783703703034 ], [ -114.879537035561782, 48.783703703034 ], [ -114.879537035561782, 48.783796295626686 ], [ -114.879629628154561, 48.783796295626686 ], [ -114.879629628154561, 48.78388888821938 ], [ -114.879814813340104, 48.78388888821938 ], [ -114.879814813340104, 48.783981480812074 ], [ -114.880092591118441, 48.783981480812074 ], [ -114.880092591118441, 48.784074073404767 ], [ -114.880185183711205, 48.784074073404767 ], [ -114.880185183711205, 48.784166665997461 ], [ -114.880370368896763, 48.784166665997461 ], [ -114.880370368896763, 48.784259258590154 ], [ -114.880462961489542, 48.784259258590154 ], [ -114.880462961489542, 48.784351851182841 ], [ -114.880555554082306, 48.784351851182841 ], [ -114.880555554082306, 48.784444443775534 ], [ -114.880740739267864, 48.784444443775534 ], [ -114.880740739267864, 48.784537036368228 ], [ -114.880833331860643, 48.784537036368228 ], [ -114.880833331860643, 48.784629628960921 ], [ -114.881018517046186, 48.784629628960921 ], [ -114.881018517046186, 48.784722221553615 ], [ -114.881111109638965, 48.784722221553615 ], [ -114.881111109638965, 48.784814814146301 ], [ -114.881203702231744, 48.784814814146301 ], [ -114.881203702231744, 48.784999999331689 ], [ -114.881296294824523, 48.784999999331689 ], [ -114.881296294824523, 48.785092591924382 ], [ -114.881666665195624, 48.785092591924382 ], [ -114.881666665195624, 48.785185184517076 ], [ -114.882222220752269, 48.785185184517076 ], [ -114.882222220752269, 48.785092591924382 ] ], [ [ -114.898425924487967, 48.775740740062467 ], [ -114.898240739302409, 48.775740740062467 ], [ -114.898240739302409, 48.775833332655161 ], [ -114.897962961524087, 48.775833332655161 ], [ -114.897962961524087, 48.775925925247854 ], [ -114.897777776338529, 48.775925925247854 ], [ -114.897777776338529, 48.775833332655161 ], [ -114.897685183745764, 48.775833332655161 ], [ -114.897685183745764, 48.775740740062467 ], [ -114.897592591152986, 48.775740740062467 ], [ -114.897592591152986, 48.775462962284394 ], [ -114.897129628189106, 48.775462962284394 ], [ -114.897129628189106, 48.7753703696917 ], [ -114.896018517075802, 48.7753703696917 ], [ -114.896018517075802, 48.775462962284394 ], [ -114.896111109668581, 48.775462962284394 ], [ -114.896111109668581, 48.775555554877087 ], [ -114.896203702261346, 48.775555554877087 ], [ -114.896203702261346, 48.775833332655161 ], [ -114.896111109668581, 48.775833332655161 ], [ -114.896111109668581, 48.775925925247854 ], [ -114.895925924483024, 48.775925925247854 ], [ -114.895925924483024, 48.776018517840548 ], [ -114.895833331890245, 48.776018517840548 ], [ -114.895833331890245, 48.776111110433234 ], [ -114.896018517075802, 48.776111110433234 ], [ -114.896018517075802, 48.776018517840548 ], [ -114.896296294854125, 48.776018517840548 ], [ -114.896296294854125, 48.776111110433234 ], [ -114.896388887446903, 48.776111110433234 ], [ -114.896388887446903, 48.776388888211315 ], [ -114.896481480039682, 48.776388888211315 ], [ -114.896481480039682, 48.776481480804009 ], [ -114.897592591152986, 48.776481480804009 ], [ -114.897592591152986, 48.776388888211315 ], [ -114.897685183745764, 48.776388888211315 ], [ -114.897685183745764, 48.776296295618621 ], [ -114.897962961524087, 48.776296295618621 ], [ -114.897962961524087, 48.776388888211315 ], [ -114.898055554116866, 48.776388888211315 ], [ -114.898055554116866, 48.776666665989389 ], [ -114.898425924487967, 48.776666665989389 ], [ -114.898425924487967, 48.775740740062467 ] ], [ [ -114.895555554111922, 48.775277777099006 ], [ -114.895462961519144, 48.775277777099006 ], [ -114.895462961519144, 48.7753703696917 ], [ -114.895555554111922, 48.7753703696917 ], [ -114.895555554111922, 48.775277777099006 ] ], [ [ -114.896944443003548, 48.774537036357472 ], [ -114.896851850410783, 48.774537036357472 ], [ -114.896851850410783, 48.774629628950159 ], [ -114.896574072632447, 48.774629628950159 ], [ -114.896574072632447, 48.774722221542852 ], [ -114.896481480039682, 48.774722221542852 ], [ -114.896481480039682, 48.774629628950159 ], [ -114.896388887446903, 48.774629628950159 ], [ -114.896388887446903, 48.774814814135546 ], [ -114.896574072632447, 48.774814814135546 ], [ -114.896574072632447, 48.774907406728239 ], [ -114.896666665225226, 48.774907406728239 ], [ -114.896666665225226, 48.774814814135546 ], [ -114.896944443003548, 48.774814814135546 ], [ -114.896944443003548, 48.774722221542852 ], [ -114.897037035596327, 48.774722221542852 ], [ -114.897037035596327, 48.774629628950159 ], [ -114.897314813374663, 48.774629628950159 ], [ -114.897314813374663, 48.774537036357472 ], [ -114.897407405967428, 48.774537036357472 ], [ -114.897407405967428, 48.774444443764779 ], [ -114.897499998560207, 48.774444443764779 ], [ -114.897499998560207, 48.773981480801318 ], [ -114.897314813374663, 48.773981480801318 ], [ -114.897314813374663, 48.774074073394011 ], [ -114.897222220781885, 48.774074073394011 ], [ -114.897222220781885, 48.774166665986698 ], [ -114.897037035596327, 48.774166665986698 ], [ -114.897037035596327, 48.774351851172085 ], [ -114.896944443003548, 48.774351851172085 ], [ -114.896944443003548, 48.774537036357472 ] ], [ [ -114.896944443003548, 48.774259258579391 ], [ -114.896851850410783, 48.774259258579391 ], [ -114.896851850410783, 48.774351851172085 ], [ -114.896944443003548, 48.774351851172085 ], [ -114.896944443003548, 48.774259258579391 ] ], [ [ -114.837870368812858, 48.747314814105962 ], [ -114.837962961405637, 48.747314814105962 ], [ -114.837962961405637, 48.747222221513269 ], [ -114.838425924369517, 48.747222221513269 ], [ -114.838425924369517, 48.747129628920575 ], [ -114.838518516962296, 48.747129628920575 ], [ -114.838518516962296, 48.746481480771735 ], [ -114.838425924369517, 48.746481480771735 ], [ -114.838425924369517, 48.746018517808274 ], [ -114.838333331776738, 48.746018517808274 ], [ -114.838333331776738, 48.745833332622887 ], [ -114.838240739183959, 48.745833332622887 ], [ -114.838240739183959, 48.745740740030193 ], [ -114.838148146591195, 48.745740740030193 ], [ -114.838148146591195, 48.745555554844813 ], [ -114.838055553998416, 48.745555554844813 ], [ -114.838055553998416, 48.745370369659426 ], [ -114.837962961405637, 48.745370369659426 ], [ -114.837962961405637, 48.745277777066732 ], [ -114.837870368812858, 48.745277777066732 ], [ -114.837870368812858, 48.745185184474039 ], [ -114.837777776220094, 48.745185184474039 ], [ -114.837777776220094, 48.744999999288659 ], [ -114.837685183627315, 48.744999999288659 ], [ -114.837685183627315, 48.744907406695965 ], [ -114.837592591034536, 48.744907406695965 ], [ -114.837592591034536, 48.744814814103272 ], [ -114.837499998441757, 48.744814814103272 ], [ -114.837499998441757, 48.744629628917892 ], [ -114.837407405848992, 48.744629628917892 ], [ -114.837407405848992, 48.744444443732505 ], [ -114.837314813256214, 48.744444443732505 ], [ -114.837314813256214, 48.744351851139811 ], [ -114.837222220663435, 48.744351851139811 ], [ -114.837222220663435, 48.744259258547117 ], [ -114.837129628070656, 48.744259258547117 ], [ -114.837129628070656, 48.744074073361737 ], [ -114.837037035477891, 48.744074073361737 ], [ -114.837037035477891, 48.74388888817635 ], [ -114.836944442885112, 48.74388888817635 ], [ -114.836944442885112, 48.743796295583657 ], [ -114.836851850292334, 48.743796295583657 ], [ -114.836851850292334, 48.743703702990963 ], [ -114.836759257699555, 48.743703702990963 ], [ -114.836759257699555, 48.743518517805583 ], [ -114.836666665106776, 48.743518517805583 ], [ -114.836666665106776, 48.74342592521289 ], [ -114.836574072514011, 48.74342592521289 ], [ -114.836574072514011, 48.743333332620196 ], [ -114.836481479921233, 48.743333332620196 ], [ -114.836481479921233, 48.743148147434816 ], [ -114.836388887328454, 48.743148147434816 ], [ -114.836388887328454, 48.743055554842122 ], [ -114.83620370214291, 48.743055554842122 ], [ -114.83620370214291, 48.742962962249429 ], [ -114.836111109550131, 48.742962962249429 ], [ -114.836111109550131, 48.742777777064042 ], [ -114.836018516957353, 48.742777777064042 ], [ -114.836018516957353, 48.742685184471355 ], [ -114.835925924364574, 48.742685184471355 ], [ -114.835925924364574, 48.742592591878662 ], [ -114.835833331771809, 48.742592591878662 ], [ -114.835833331771809, 48.742407406693275 ], [ -114.83574073917903, 48.742407406693275 ], [ -114.83574073917903, 48.742222221507895 ], [ -114.835462961400708, 48.742222221507895 ], [ -114.835462961400708, 48.742129628915201 ], [ -114.834999998436828, 48.742129628915201 ], [ -114.834999998436828, 48.742037036322508 ], [ -114.834907405844049, 48.742037036322508 ], [ -114.834907405844049, 48.741944443729814 ], [ -114.83481481325127, 48.741944443729814 ], [ -114.83481481325127, 48.741759258544427 ], [ -114.834722220658506, 48.741759258544427 ], [ -114.834722220658506, 48.741574073359047 ], [ -114.834629628065727, 48.741574073359047 ], [ -114.834629628065727, 48.741481480766353 ], [ -114.834537035472948, 48.741481480766353 ], [ -114.834537035472948, 48.741296295580966 ], [ -114.834351850287405, 48.741296295580966 ], [ -114.834351850287405, 48.741481480766353 ], [ -114.834259257694626, 48.741481480766353 ], [ -114.834259257694626, 48.741574073359047 ], [ -114.834074072509068, 48.741574073359047 ], [ -114.834074072509068, 48.741759258544427 ], [ -114.833981479916304, 48.741759258544427 ], [ -114.833981479916304, 48.74185185113712 ], [ -114.833148146581323, 48.74185185113712 ], [ -114.833148146581323, 48.741944443729814 ], [ -114.833055553988544, 48.741944443729814 ], [ -114.833055553988544, 48.742037036322508 ], [ -114.833148146581323, 48.742037036322508 ], [ -114.833148146581323, 48.742129628915201 ], [ -114.833240739174087, 48.742129628915201 ], [ -114.833240739174087, 48.742685184471355 ], [ -114.833333331766866, 48.742685184471355 ], [ -114.833333331766866, 48.742962962249429 ], [ -114.833425924359645, 48.742962962249429 ], [ -114.833425924359645, 48.743055554842122 ], [ -114.833518516952424, 48.743055554842122 ], [ -114.833518516952424, 48.743148147434816 ], [ -114.833611109545203, 48.743148147434816 ], [ -114.833611109545203, 48.743333332620196 ], [ -114.833703702137967, 48.743333332620196 ], [ -114.833703702137967, 48.74342592521289 ], [ -114.833888887323525, 48.74342592521289 ], [ -114.833888887323525, 48.743518517805583 ], [ -114.833981479916304, 48.743518517805583 ], [ -114.833981479916304, 48.743703702990963 ], [ -114.834074072509068, 48.743703702990963 ], [ -114.834074072509068, 48.743796295583657 ], [ -114.834166665101847, 48.743796295583657 ], [ -114.834166665101847, 48.74388888817635 ], [ -114.834259257694626, 48.74388888817635 ], [ -114.834259257694626, 48.744074073361737 ], [ -114.834351850287405, 48.744074073361737 ], [ -114.834351850287405, 48.744259258547117 ], [ -114.834444442880169, 48.744259258547117 ], [ -114.834444442880169, 48.744351851139811 ], [ -114.834537035472948, 48.744351851139811 ], [ -114.834537035472948, 48.744444443732505 ], [ -114.834629628065727, 48.744444443732505 ], [ -114.834629628065727, 48.744629628917892 ], [ -114.834722220658506, 48.744629628917892 ], [ -114.834722220658506, 48.744722221510578 ], [ -114.83481481325127, 48.744722221510578 ], [ -114.83481481325127, 48.744814814103272 ], [ -114.834907405844049, 48.744814814103272 ], [ -114.834907405844049, 48.744999999288659 ], [ -114.834999998436828, 48.744999999288659 ], [ -114.834999998436828, 48.745185184474039 ], [ -114.835092591029607, 48.745185184474039 ], [ -114.835092591029607, 48.745277777066732 ], [ -114.835185183622372, 48.745277777066732 ], [ -114.835185183622372, 48.745370369659426 ], [ -114.83527777621515, 48.745370369659426 ], [ -114.83527777621515, 48.745555554844813 ], [ -114.835462961400708, 48.745555554844813 ], [ -114.835462961400708, 48.7456481474375 ], [ -114.835555553993473, 48.7456481474375 ], [ -114.835555553993473, 48.745833332622887 ], [ -114.835648146586252, 48.745833332622887 ], [ -114.835648146586252, 48.746018517808274 ], [ -114.83574073917903, 48.746018517808274 ], [ -114.83574073917903, 48.74611111040096 ], [ -114.835833331771809, 48.74611111040096 ], [ -114.835833331771809, 48.746203702993654 ], [ -114.835925924364574, 48.746203702993654 ], [ -114.835925924364574, 48.746388888179041 ], [ -114.836018516957353, 48.746388888179041 ], [ -114.836018516957353, 48.746574073364428 ], [ -114.836111109550131, 48.746574073364428 ], [ -114.836111109550131, 48.746666665957115 ], [ -114.83620370214291, 48.746666665957115 ], [ -114.83620370214291, 48.746759258549808 ], [ -114.836296294735675, 48.746759258549808 ], [ -114.836296294735675, 48.746944443735195 ], [ -114.836481479921233, 48.746944443735195 ], [ -114.836481479921233, 48.747037036327889 ], [ -114.836574072514011, 48.747037036327889 ], [ -114.836574072514011, 48.747222221513269 ], [ -114.836666665106776, 48.747222221513269 ], [ -114.836666665106776, 48.747314814105962 ], [ -114.836851850292334, 48.747314814105962 ], [ -114.836851850292334, 48.747222221513269 ], [ -114.836944442885112, 48.747222221513269 ], [ -114.836944442885112, 48.747129628920575 ], [ -114.837407405848992, 48.747129628920575 ], [ -114.837407405848992, 48.747222221513269 ], [ -114.837499998441757, 48.747222221513269 ], [ -114.837499998441757, 48.747314814105962 ], [ -114.837592591034536, 48.747314814105962 ], [ -114.837592591034536, 48.747407406698656 ], [ -114.837870368812858, 48.747407406698656 ], [ -114.837870368812858, 48.747314814105962 ] ], [ [ -114.838703702147839, 48.741018517802893 ], [ -114.83861110955506, 48.741018517802893 ], [ -114.83861110955506, 48.741111110395586 ], [ -114.838703702147839, 48.741111110395586 ], [ -114.838703702147839, 48.741018517802893 ] ], [ [ -114.837777776220094, 48.741018517802893 ], [ -114.837870368812858, 48.741018517802893 ], [ -114.837870368812858, 48.740925925210199 ], [ -114.837777776220094, 48.740925925210199 ], [ -114.837777776220094, 48.741018517802893 ] ], [ [ -114.837777776220094, 48.740833332617505 ], [ -114.837685183627315, 48.740833332617505 ], [ -114.837685183627315, 48.740925925210199 ], [ -114.837777776220094, 48.740925925210199 ], [ -114.837777776220094, 48.740833332617505 ] ], [ [ -114.837685183627315, 48.740740740024819 ], [ -114.837592591034536, 48.740740740024819 ], [ -114.837592591034536, 48.740555554839432 ], [ -114.837407405848992, 48.740555554839432 ], [ -114.837407405848992, 48.740462962246738 ], [ -114.837314813256214, 48.740462962246738 ], [ -114.837314813256214, 48.740277777061358 ], [ -114.837222220663435, 48.740277777061358 ], [ -114.837222220663435, 48.740185184468665 ], [ -114.837129628070656, 48.740185184468665 ], [ -114.837129628070656, 48.740092591875971 ], [ -114.837037035477891, 48.740092591875971 ], [ -114.837037035477891, 48.739907406690584 ], [ -114.836944442885112, 48.739907406690584 ], [ -114.836944442885112, 48.739722221505204 ], [ -114.836759257699555, 48.739722221505204 ], [ -114.836759257699555, 48.73962962891251 ], [ -114.836666665106776, 48.73962962891251 ], [ -114.836666665106776, 48.739444443727123 ], [ -114.836481479921233, 48.739444443727123 ], [ -114.836481479921233, 48.73935185113443 ], [ -114.836388887328454, 48.73935185113443 ], [ -114.836388887328454, 48.73916666594905 ], [ -114.836296294735675, 48.73916666594905 ], [ -114.836296294735675, 48.738981480763663 ], [ -114.83620370214291, 48.738981480763663 ], [ -114.83620370214291, 48.738796295578283 ], [ -114.836111109550131, 48.738796295578283 ], [ -114.836111109550131, 48.738703702985589 ], [ -114.836018516957353, 48.738703702985589 ], [ -114.836018516957353, 48.738518517800202 ], [ -114.835925924364574, 48.738518517800202 ], [ -114.835925924364574, 48.738425925207508 ], [ -114.835833331771809, 48.738425925207508 ], [ -114.835833331771809, 48.738333332614822 ], [ -114.83574073917903, 48.738333332614822 ], [ -114.83574073917903, 48.738148147429435 ], [ -114.835648146586252, 48.738148147429435 ], [ -114.835648146586252, 48.737962962244048 ], [ -114.835555553993473, 48.737962962244048 ], [ -114.835555553993473, 48.737870369651361 ], [ -114.834999998436828, 48.737870369651361 ], [ -114.834999998436828, 48.737777777058668 ], [ -114.83481481325127, 48.737777777058668 ], [ -114.83481481325127, 48.737685184465974 ], [ -114.834722220658506, 48.737685184465974 ], [ -114.834722220658506, 48.73759259187328 ], [ -114.834537035472948, 48.73759259187328 ], [ -114.834537035472948, 48.737499999280587 ], [ -114.834259257694626, 48.737499999280587 ], [ -114.834259257694626, 48.737407406687893 ], [ -114.834166665101847, 48.737407406687893 ], [ -114.834166665101847, 48.737314814095207 ], [ -114.834074072509068, 48.737314814095207 ], [ -114.834074072509068, 48.737222221502513 ], [ -114.833981479916304, 48.737222221502513 ], [ -114.833981479916304, 48.73712962890982 ], [ -114.833888887323525, 48.73712962890982 ], [ -114.833888887323525, 48.736944443724433 ], [ -114.833796294730746, 48.736944443724433 ], [ -114.833796294730746, 48.736851851131746 ], [ -114.833703702137967, 48.736851851131746 ], [ -114.833703702137967, 48.736759258539053 ], [ -114.833611109545203, 48.736759258539053 ], [ -114.833611109545203, 48.736666665946359 ], [ -114.833518516952424, 48.736666665946359 ], [ -114.833518516952424, 48.736388888168285 ], [ -114.833333331766866, 48.736388888168285 ], [ -114.833333331766866, 48.736759258539053 ], [ -114.833518516952424, 48.736759258539053 ], [ -114.833518516952424, 48.736851851131746 ], [ -114.833611109545203, 48.736851851131746 ], [ -114.833611109545203, 48.737037036317126 ], [ -114.833703702137967, 48.737037036317126 ], [ -114.833703702137967, 48.737222221502513 ], [ -114.833888887323525, 48.737222221502513 ], [ -114.833888887323525, 48.737314814095207 ], [ -114.833981479916304, 48.737314814095207 ], [ -114.833981479916304, 48.737499999280587 ], [ -114.834074072509068, 48.737499999280587 ], [ -114.834074072509068, 48.73759259187328 ], [ -114.834166665101847, 48.73759259187328 ], [ -114.834166665101847, 48.737685184465974 ], [ -114.834259257694626, 48.737685184465974 ], [ -114.834259257694626, 48.737777777058668 ], [ -114.834537035472948, 48.737777777058668 ], [ -114.834537035472948, 48.737870369651361 ], [ -114.834629628065727, 48.737870369651361 ], [ -114.834629628065727, 48.738055554836741 ], [ -114.83481481325127, 48.738055554836741 ], [ -114.83481481325127, 48.738148147429435 ], [ -114.834907405844049, 48.738148147429435 ], [ -114.834907405844049, 48.738240740022128 ], [ -114.835092591029607, 48.738240740022128 ], [ -114.835092591029607, 48.738333332614822 ], [ -114.835185183622372, 48.738333332614822 ], [ -114.835185183622372, 48.738518517800202 ], [ -114.83527777621515, 48.738518517800202 ], [ -114.83527777621515, 48.738611110392895 ], [ -114.835370368807929, 48.738611110392895 ], [ -114.835370368807929, 48.738703702985589 ], [ -114.835462961400708, 48.738703702985589 ], [ -114.835462961400708, 48.738796295578283 ], [ -114.835555553993473, 48.738796295578283 ], [ -114.835555553993473, 48.738888888170969 ], [ -114.835648146586252, 48.738888888170969 ], [ -114.835648146586252, 48.739444443727123 ], [ -114.83574073917903, 48.739444443727123 ], [ -114.83574073917903, 48.73962962891251 ], [ -114.835648146586252, 48.73962962891251 ], [ -114.835648146586252, 48.739722221505204 ], [ -114.835370368807929, 48.739722221505204 ], [ -114.835370368807929, 48.739907406690584 ], [ -114.835555553993473, 48.739907406690584 ], [ -114.835555553993473, 48.739999999283278 ], [ -114.835648146586252, 48.739999999283278 ], [ -114.835648146586252, 48.740092591875971 ], [ -114.835833331771809, 48.740092591875971 ], [ -114.835833331771809, 48.740185184468665 ], [ -114.835925924364574, 48.740185184468665 ], [ -114.835925924364574, 48.740277777061358 ], [ -114.836018516957353, 48.740277777061358 ], [ -114.836018516957353, 48.740370369654045 ], [ -114.83620370214291, 48.740370369654045 ], [ -114.83620370214291, 48.740462962246738 ], [ -114.836296294735675, 48.740462962246738 ], [ -114.836296294735675, 48.740555554839432 ], [ -114.836388887328454, 48.740555554839432 ], [ -114.836388887328454, 48.740648147432125 ], [ -114.836481479921233, 48.740648147432125 ], [ -114.836481479921233, 48.740740740024819 ], [ -114.836759257699555, 48.740740740024819 ], [ -114.836759257699555, 48.740833332617505 ], [ -114.836851850292334, 48.740833332617505 ], [ -114.836851850292334, 48.740925925210199 ], [ -114.836944442885112, 48.740925925210199 ], [ -114.836944442885112, 48.740833332617505 ], [ -114.837037035477891, 48.740833332617505 ], [ -114.837037035477891, 48.740740740024819 ], [ -114.837129628070656, 48.740740740024819 ], [ -114.837129628070656, 48.740648147432125 ], [ -114.837407405848992, 48.740648147432125 ], [ -114.837407405848992, 48.740740740024819 ], [ -114.837499998441757, 48.740740740024819 ], [ -114.837499998441757, 48.740833332617505 ], [ -114.837685183627315, 48.740833332617505 ], [ -114.837685183627315, 48.740740740024819 ] ], [ [ -114.838333331776738, 48.73962962891251 ], [ -114.838240739183959, 48.73962962891251 ], [ -114.838240739183959, 48.739537036319817 ], [ -114.838148146591195, 48.739537036319817 ], [ -114.838148146591195, 48.739074073356356 ], [ -114.838240739183959, 48.739074073356356 ], [ -114.838240739183959, 48.738518517800202 ], [ -114.838333331776738, 48.738518517800202 ], [ -114.838333331776738, 48.737962962244048 ], [ -114.838425924369517, 48.737962962244048 ], [ -114.838425924369517, 48.737777777058668 ], [ -114.838333331776738, 48.737777777058668 ], [ -114.838333331776738, 48.737685184465974 ], [ -114.838240739183959, 48.737685184465974 ], [ -114.838240739183959, 48.737314814095207 ], [ -114.838148146591195, 48.737314814095207 ], [ -114.838148146591195, 48.737037036317126 ], [ -114.838055553998416, 48.737037036317126 ], [ -114.838055553998416, 48.736851851131746 ], [ -114.837962961405637, 48.736851851131746 ], [ -114.837962961405637, 48.736759258539053 ], [ -114.837870368812858, 48.736759258539053 ], [ -114.837870368812858, 48.736481480760972 ], [ -114.837777776220094, 48.736481480760972 ], [ -114.837777776220094, 48.736203702982898 ], [ -114.837685183627315, 48.736203702982898 ], [ -114.837685183627315, 48.735925925204825 ], [ -114.837592591034536, 48.735925925204825 ], [ -114.837592591034536, 48.735833332612131 ], [ -114.837499998441757, 48.735833332612131 ], [ -114.837499998441757, 48.735648147426744 ], [ -114.837407405848992, 48.735648147426744 ], [ -114.837407405848992, 48.73537036964867 ], [ -114.837314813256214, 48.73537036964867 ], [ -114.837314813256214, 48.735277777055977 ], [ -114.837222220663435, 48.735277777055977 ], [ -114.837222220663435, 48.735185184463283 ], [ -114.837129628070656, 48.735185184463283 ], [ -114.837129628070656, 48.734999999277896 ], [ -114.837037035477891, 48.734999999277896 ], [ -114.837037035477891, 48.735740740019438 ], [ -114.836944442885112, 48.735740740019438 ], [ -114.836944442885112, 48.735833332612131 ], [ -114.836851850292334, 48.735833332612131 ], [ -114.836851850292334, 48.736018517797511 ], [ -114.836759257699555, 48.736018517797511 ], [ -114.836759257699555, 48.736296295575592 ], [ -114.836666665106776, 48.736296295575592 ], [ -114.836666665106776, 48.736388888168285 ], [ -114.836574072514011, 48.736388888168285 ], [ -114.836574072514011, 48.73759259187328 ], [ -114.836666665106776, 48.73759259187328 ], [ -114.836666665106776, 48.737870369651361 ], [ -114.836759257699555, 48.737870369651361 ], [ -114.836759257699555, 48.738055554836741 ], [ -114.836851850292334, 48.738055554836741 ], [ -114.836851850292334, 48.738148147429435 ], [ -114.836944442885112, 48.738148147429435 ], [ -114.836944442885112, 48.738518517800202 ], [ -114.837037035477891, 48.738518517800202 ], [ -114.837037035477891, 48.738796295578283 ], [ -114.837129628070656, 48.738796295578283 ], [ -114.837129628070656, 48.738888888170969 ], [ -114.837222220663435, 48.738888888170969 ], [ -114.837222220663435, 48.738981480763663 ], [ -114.837314813256214, 48.738981480763663 ], [ -114.837314813256214, 48.73916666594905 ], [ -114.837499998441757, 48.73916666594905 ], [ -114.837499998441757, 48.739259258541743 ], [ -114.837592591034536, 48.739259258541743 ], [ -114.837592591034536, 48.739444443727123 ], [ -114.837685183627315, 48.739444443727123 ], [ -114.837685183627315, 48.739537036319817 ], [ -114.837777776220094, 48.739537036319817 ], [ -114.837777776220094, 48.73962962891251 ], [ -114.837870368812858, 48.73962962891251 ], [ -114.837870368812858, 48.739722221505204 ], [ -114.837962961405637, 48.739722221505204 ], [ -114.837962961405637, 48.739814814097898 ], [ -114.838148146591195, 48.739814814097898 ], [ -114.838148146591195, 48.739907406690584 ], [ -114.838333331776738, 48.739907406690584 ], [ -114.838333331776738, 48.73962962891251 ] ], [ [ -114.860833331821155, 48.73935185113443 ], [ -114.861296294785035, 48.73935185113443 ], [ -114.861296294785035, 48.739259258541743 ], [ -114.861666665156136, 48.739259258541743 ], [ -114.861666665156136, 48.73916666594905 ], [ -114.861851850341679, 48.73916666594905 ], [ -114.861851850341679, 48.739074073356356 ], [ -114.861944442934458, 48.739074073356356 ], [ -114.861944442934458, 48.738981480763663 ], [ -114.862129628120016, 48.738981480763663 ], [ -114.862129628120016, 48.738888888170969 ], [ -114.862222220712795, 48.738888888170969 ], [ -114.862222220712795, 48.738796295578283 ], [ -114.862314813305559, 48.738796295578283 ], [ -114.862314813305559, 48.738703702985589 ], [ -114.862407405898338, 48.738703702985589 ], [ -114.862407405898338, 48.738611110392895 ], [ -114.862499998491117, 48.738611110392895 ], [ -114.862499998491117, 48.738518517800202 ], [ -114.86268518367666, 48.738518517800202 ], [ -114.86268518367666, 48.738425925207508 ], [ -114.862777776269439, 48.738425925207508 ], [ -114.862777776269439, 48.738333332614822 ], [ -114.862870368862218, 48.738333332614822 ], [ -114.862870368862218, 48.738240740022128 ], [ -114.862962961454997, 48.738240740022128 ], [ -114.862962961454997, 48.738055554836741 ], [ -114.863055554047762, 48.738055554836741 ], [ -114.863055554047762, 48.737962962244048 ], [ -114.863240739233319, 48.737962962244048 ], [ -114.863240739233319, 48.737777777058668 ], [ -114.863333331826098, 48.737777777058668 ], [ -114.863333331826098, 48.737685184465974 ], [ -114.863518517011642, 48.737685184465974 ], [ -114.863518517011642, 48.73759259187328 ], [ -114.86361110960442, 48.73759259187328 ], [ -114.86361110960442, 48.737499999280587 ], [ -114.863703702197199, 48.737499999280587 ], [ -114.863703702197199, 48.737407406687893 ], [ -114.863796294789964, 48.737407406687893 ], [ -114.863796294789964, 48.737314814095207 ], [ -114.863888887382743, 48.737314814095207 ], [ -114.863888887382743, 48.737222221502513 ], [ -114.863981479975521, 48.737222221502513 ], [ -114.863981479975521, 48.73712962890982 ], [ -114.8640740725683, 48.73712962890982 ], [ -114.8640740725683, 48.737037036317126 ], [ -114.864166665161065, 48.737037036317126 ], [ -114.864166665161065, 48.73555555483405 ], [ -114.864259257753844, 48.73555555483405 ], [ -114.864259257753844, 48.735462962241364 ], [ -114.864351850346623, 48.735462962241364 ], [ -114.864351850346623, 48.73537036964867 ], [ -114.864444442939401, 48.73537036964867 ], [ -114.864444442939401, 48.735277777055977 ], [ -114.864537035532166, 48.735277777055977 ], [ -114.864537035532166, 48.735185184463283 ], [ -114.864814813310502, 48.735185184463283 ], [ -114.864814813310502, 48.735277777055977 ], [ -114.865092591088825, 48.735277777055977 ], [ -114.865092591088825, 48.735185184463283 ], [ -114.865277776274382, 48.735185184463283 ], [ -114.865277776274382, 48.734999999277896 ], [ -114.865370368867147, 48.734999999277896 ], [ -114.865370368867147, 48.73490740668521 ], [ -114.864444442939401, 48.73490740668521 ], [ -114.864444442939401, 48.734814814092516 ], [ -114.863888887382743, 48.734814814092516 ], [ -114.863888887382743, 48.734722221499823 ], [ -114.863703702197199, 48.734722221499823 ], [ -114.863703702197199, 48.734629628907129 ], [ -114.863518517011642, 48.734629628907129 ], [ -114.863518517011642, 48.734537036314435 ], [ -114.863240739233319, 48.734537036314435 ], [ -114.863240739233319, 48.734444443721749 ], [ -114.862962961454997, 48.734444443721749 ], [ -114.862962961454997, 48.734351851129055 ], [ -114.862870368862218, 48.734351851129055 ], [ -114.862870368862218, 48.734259258536362 ], [ -114.862777776269439, 48.734259258536362 ], [ -114.862777776269439, 48.734166665943668 ], [ -114.86268518367666, 48.734166665943668 ], [ -114.86268518367666, 48.734074073350975 ], [ -114.862592591083896, 48.734074073350975 ], [ -114.862592591083896, 48.733981480758288 ], [ -114.862499998491117, 48.733981480758288 ], [ -114.862499998491117, 48.733888888165595 ], [ -114.862407405898338, 48.733888888165595 ], [ -114.862407405898338, 48.733796295572901 ], [ -114.862314813305559, 48.733796295572901 ], [ -114.862314813305559, 48.733703702980208 ], [ -114.862222220712795, 48.733703702980208 ], [ -114.862222220712795, 48.733611110387514 ], [ -114.862037035527237, 48.733611110387514 ], [ -114.862037035527237, 48.733518517794828 ], [ -114.861944442934458, 48.733518517794828 ], [ -114.861944442934458, 48.73333333260944 ], [ -114.861759257748915, 48.73333333260944 ], [ -114.861759257748915, 48.733240740016747 ], [ -114.861666665156136, 48.733240740016747 ], [ -114.861666665156136, 48.733148147424053 ], [ -114.861574072563357, 48.733148147424053 ], [ -114.861574072563357, 48.73305555483136 ], [ -114.861481479970578, 48.73305555483136 ], [ -114.861481479970578, 48.732962962238673 ], [ -114.861388887377814, 48.732962962238673 ], [ -114.861388887377814, 48.73287036964598 ], [ -114.861296294785035, 48.73287036964598 ], [ -114.861296294785035, 48.732777777053286 ], [ -114.861111109599477, 48.732777777053286 ], [ -114.861111109599477, 48.732685184460593 ], [ -114.861018517006713, 48.732685184460593 ], [ -114.861018517006713, 48.732592591867899 ], [ -114.860740739228376, 48.732592591867899 ], [ -114.860740739228376, 48.732499999275213 ], [ -114.860648146635612, 48.732499999275213 ], [ -114.860648146635612, 48.732407406682519 ], [ -114.860462961450054, 48.732407406682519 ], [ -114.860462961450054, 48.732314814089825 ], [ -114.860370368857275, 48.732314814089825 ], [ -114.860370368857275, 48.732222221497132 ], [ -114.860185183671732, 48.732222221497132 ], [ -114.860185183671732, 48.732129628904438 ], [ -114.860092591078953, 48.732129628904438 ], [ -114.860092591078953, 48.732037036311752 ], [ -114.859907405893409, 48.732037036311752 ], [ -114.859907405893409, 48.731944443719058 ], [ -114.859444442929529, 48.731944443719058 ], [ -114.859444442929529, 48.731851851126365 ], [ -114.858333331816226, 48.731851851126365 ], [ -114.858333331816226, 48.731944443719058 ], [ -114.857870368852346, 48.731944443719058 ], [ -114.857870368852346, 48.731851851126365 ], [ -114.857685183666788, 48.731851851126365 ], [ -114.857685183666788, 48.731759258533671 ], [ -114.857499998481245, 48.731759258533671 ], [ -114.857499998481245, 48.731666665940978 ], [ -114.857407405888466, 48.731666665940978 ], [ -114.857407405888466, 48.73111111038483 ], [ -114.857314813295687, 48.73111111038483 ], [ -114.857314813295687, 48.731018517792137 ], [ -114.857129628110144, 48.731018517792137 ], [ -114.857129628110144, 48.730925925199443 ], [ -114.856851850331822, 48.730925925199443 ], [ -114.856851850331822, 48.73083333260675 ], [ -114.856481479960721, 48.73083333260675 ], [ -114.856481479960721, 48.730740740014056 ], [ -114.856203702182384, 48.730740740014056 ], [ -114.856203702182384, 48.730648147421363 ], [ -114.855833331811283, 48.730648147421363 ], [ -114.855833331811283, 48.730555554828676 ], [ -114.855555554032961, 48.730555554828676 ], [ -114.855555554032961, 48.730462962235983 ], [ -114.855092591069081, 48.730462962235983 ], [ -114.855092591069081, 48.730370369643289 ], [ -114.854999998476302, 48.730370369643289 ], [ -114.854999998476302, 48.730277777050595 ], [ -114.853611109584676, 48.730277777050595 ], [ -114.853611109584676, 48.730370369643289 ], [ -114.853518516991898, 48.730370369643289 ], [ -114.853518516991898, 48.730462962235983 ], [ -114.853333331806354, 48.730462962235983 ], [ -114.853333331806354, 48.730555554828676 ], [ -114.852870368842474, 48.730555554828676 ], [ -114.852870368842474, 48.730648147421363 ], [ -114.852499998471373, 48.730648147421363 ], [ -114.852499998471373, 48.730740740014056 ], [ -114.852407405878594, 48.730740740014056 ], [ -114.852407405878594, 48.73083333260675 ], [ -114.852314813285815, 48.73083333260675 ], [ -114.852314813285815, 48.731481480755598 ], [ -114.852407405878594, 48.731481480755598 ], [ -114.852407405878594, 48.732407406682519 ], [ -114.852314813285815, 48.732407406682519 ], [ -114.852314813285815, 48.732499999275213 ], [ -114.852222220693051, 48.732499999275213 ], [ -114.852222220693051, 48.732592591867899 ], [ -114.852129628100272, 48.732592591867899 ], [ -114.852129628100272, 48.732962962238673 ], [ -114.852037035507493, 48.732962962238673 ], [ -114.852037035507493, 48.733240740016747 ], [ -114.852314813285815, 48.733240740016747 ], [ -114.852314813285815, 48.73333333260944 ], [ -114.852499998471373, 48.73333333260944 ], [ -114.852499998471373, 48.733425925202134 ], [ -114.852685183656931, 48.733425925202134 ], [ -114.852685183656931, 48.733518517794828 ], [ -114.852777776249695, 48.733518517794828 ], [ -114.852777776249695, 48.733611110387514 ], [ -114.852962961435253, 48.733611110387514 ], [ -114.852962961435253, 48.733703702980208 ], [ -114.853055554028032, 48.733703702980208 ], [ -114.853055554028032, 48.733888888165595 ], [ -114.853148146620796, 48.733888888165595 ], [ -114.853148146620796, 48.734166665943668 ], [ -114.853240739213575, 48.734166665943668 ], [ -114.853240739213575, 48.734351851129055 ], [ -114.853333331806354, 48.734351851129055 ], [ -114.853333331806354, 48.734444443721749 ], [ -114.853425924399133, 48.734444443721749 ], [ -114.853425924399133, 48.734629628907129 ], [ -114.853611109584676, 48.734629628907129 ], [ -114.853611109584676, 48.734722221499823 ], [ -114.853703702177455, 48.734722221499823 ], [ -114.853703702177455, 48.734814814092516 ], [ -114.853796294770234, 48.734814814092516 ], [ -114.853796294770234, 48.73490740668521 ], [ -114.854074072548556, 48.73490740668521 ], [ -114.854074072548556, 48.734999999277896 ], [ -114.8542592577341, 48.734999999277896 ], [ -114.8542592577341, 48.73509259187059 ], [ -114.854351850326879, 48.73509259187059 ], [ -114.854351850326879, 48.735185184463283 ], [ -114.854629628105201, 48.735185184463283 ], [ -114.854629628105201, 48.735277777055977 ], [ -114.85472222069798, 48.735277777055977 ], [ -114.85472222069798, 48.73537036964867 ], [ -114.854999998476302, 48.73537036964867 ], [ -114.854999998476302, 48.735462962241364 ], [ -114.85518518366186, 48.735462962241364 ], [ -114.85518518366186, 48.73555555483405 ], [ -114.855277776254638, 48.73555555483405 ], [ -114.855277776254638, 48.735648147426744 ], [ -114.855462961440182, 48.735648147426744 ], [ -114.855462961440182, 48.735740740019438 ], [ -114.855555554032961, 48.735740740019438 ], [ -114.855555554032961, 48.735833332612131 ], [ -114.855740739218504, 48.735833332612131 ], [ -114.855740739218504, 48.735925925204825 ], [ -114.855833331811283, 48.735925925204825 ], [ -114.855833331811283, 48.736018517797511 ], [ -114.855925924404062, 48.736018517797511 ], [ -114.855925924404062, 48.736111110390205 ], [ -114.856018516996841, 48.736111110390205 ], [ -114.856018516996841, 48.736296295575592 ], [ -114.856111109589619, 48.736296295575592 ], [ -114.856111109589619, 48.736388888168285 ], [ -114.856203702182384, 48.736388888168285 ], [ -114.856203702182384, 48.736481480760972 ], [ -114.856296294775163, 48.736481480760972 ], [ -114.856296294775163, 48.736574073353665 ], [ -114.856388887367942, 48.736574073353665 ], [ -114.856388887367942, 48.736666665946359 ], [ -114.856481479960721, 48.736666665946359 ], [ -114.856481479960721, 48.736851851131746 ], [ -114.856759257739043, 48.736851851131746 ], [ -114.856759257739043, 48.736944443724433 ], [ -114.857037035517365, 48.736944443724433 ], [ -114.857037035517365, 48.737037036317126 ], [ -114.857129628110144, 48.737037036317126 ], [ -114.857129628110144, 48.737222221502513 ], [ -114.857222220702923, 48.737222221502513 ], [ -114.857222220702923, 48.737407406687893 ], [ -114.857314813295687, 48.737407406687893 ], [ -114.857314813295687, 48.737499999280587 ], [ -114.857407405888466, 48.737499999280587 ], [ -114.857407405888466, 48.73759259187328 ], [ -114.857499998481245, 48.73759259187328 ], [ -114.857499998481245, 48.737777777058668 ], [ -114.857592591074024, 48.737777777058668 ], [ -114.857592591074024, 48.737870369651361 ], [ -114.857685183666788, 48.737870369651361 ], [ -114.857685183666788, 48.737962962244048 ], [ -114.857777776259567, 48.737962962244048 ], [ -114.857777776259567, 48.738240740022128 ], [ -114.857870368852346, 48.738240740022128 ], [ -114.857870368852346, 48.738518517800202 ], [ -114.857962961445125, 48.738518517800202 ], [ -114.857962961445125, 48.738611110392895 ], [ -114.858333331816226, 48.738611110392895 ], [ -114.858333331816226, 48.738703702985589 ], [ -114.858703702187327, 48.738703702985589 ], [ -114.858703702187327, 48.738796295578283 ], [ -114.859259257743972, 48.738796295578283 ], [ -114.859259257743972, 48.738888888170969 ], [ -114.859629628115073, 48.738888888170969 ], [ -114.859629628115073, 48.738981480763663 ], [ -114.85981481330063, 48.738981480763663 ], [ -114.85981481330063, 48.739074073356356 ], [ -114.859907405893409, 48.739074073356356 ], [ -114.859907405893409, 48.73916666594905 ], [ -114.859999998486174, 48.73916666594905 ], [ -114.859999998486174, 48.739259258541743 ], [ -114.860092591078953, 48.739259258541743 ], [ -114.860092591078953, 48.73935185113443 ], [ -114.860185183671732, 48.73935185113443 ], [ -114.860185183671732, 48.739444443727123 ], [ -114.860833331821155, 48.739444443727123 ], [ -114.860833331821155, 48.73935185113443 ] ], [ [ -114.838148146591195, 48.727777777047905 ], [ -114.837962961405637, 48.727777777047905 ], [ -114.837962961405637, 48.727685184455218 ], [ -114.837870368812858, 48.727685184455218 ], [ -114.837870368812858, 48.727592591862525 ], [ -114.837685183627315, 48.727592591862525 ], [ -114.837685183627315, 48.727499999269831 ], [ -114.837592591034536, 48.727499999269831 ], [ -114.837592591034536, 48.727314814084444 ], [ -114.837499998441757, 48.727314814084444 ], [ -114.837499998441757, 48.727129628899064 ], [ -114.837407405848992, 48.727129628899064 ], [ -114.837407405848992, 48.727037036306371 ], [ -114.837314813256214, 48.727037036306371 ], [ -114.837314813256214, 48.726851851120983 ], [ -114.837407405848992, 48.726851851120983 ], [ -114.837407405848992, 48.726759258528297 ], [ -114.837499998441757, 48.726759258528297 ], [ -114.837499998441757, 48.726666665935603 ], [ -114.837592591034536, 48.726666665935603 ], [ -114.837592591034536, 48.72657407334291 ], [ -114.837685183627315, 48.72657407334291 ], [ -114.837685183627315, 48.726296295564829 ], [ -114.837777776220094, 48.726296295564829 ], [ -114.837777776220094, 48.726111110379449 ], [ -114.837870368812858, 48.726111110379449 ], [ -114.837870368812858, 48.726018517786756 ], [ -114.837962961405637, 48.726018517786756 ], [ -114.837962961405637, 48.725925925194062 ], [ -114.838055553998416, 48.725925925194062 ], [ -114.838055553998416, 48.725740740008682 ], [ -114.838148146591195, 48.725740740008682 ], [ -114.838148146591195, 48.725648147415988 ], [ -114.838240739183959, 48.725648147415988 ], [ -114.838240739183959, 48.725277777045221 ], [ -114.838148146591195, 48.725277777045221 ], [ -114.838148146591195, 48.725185184452528 ], [ -114.838055553998416, 48.725185184452528 ], [ -114.838055553998416, 48.725092591859834 ], [ -114.837962961405637, 48.725092591859834 ], [ -114.837962961405637, 48.724907406674447 ], [ -114.837777776220094, 48.724907406674447 ], [ -114.837777776220094, 48.724814814081761 ], [ -114.837685183627315, 48.724814814081761 ], [ -114.837685183627315, 48.724629628896373 ], [ -114.837592591034536, 48.724629628896373 ], [ -114.837592591034536, 48.72453703630368 ], [ -114.837407405848992, 48.72453703630368 ], [ -114.837407405848992, 48.724444443710986 ], [ -114.837314813256214, 48.724444443710986 ], [ -114.837314813256214, 48.7243518511183 ], [ -114.837222220663435, 48.7243518511183 ], [ -114.837222220663435, 48.724259258525606 ], [ -114.837129628070656, 48.724259258525606 ], [ -114.837129628070656, 48.724166665932913 ], [ -114.837037035477891, 48.724166665932913 ], [ -114.837037035477891, 48.724074073340219 ], [ -114.836944442885112, 48.724074073340219 ], [ -114.836944442885112, 48.723981480747526 ], [ -114.836759257699555, 48.723981480747526 ], [ -114.836759257699555, 48.723888888154832 ], [ -114.836666665106776, 48.723888888154832 ], [ -114.836666665106776, 48.723796295562146 ], [ -114.836481479921233, 48.723796295562146 ], [ -114.836481479921233, 48.723703702969452 ], [ -114.836388887328454, 48.723703702969452 ], [ -114.836388887328454, 48.723611110376758 ], [ -114.836296294735675, 48.723611110376758 ], [ -114.836296294735675, 48.723518517784065 ], [ -114.835925924364574, 48.723518517784065 ], [ -114.835925924364574, 48.723425925191371 ], [ -114.835833331771809, 48.723425925191371 ], [ -114.835833331771809, 48.723333332598685 ], [ -114.83574073917903, 48.723333332598685 ], [ -114.83574073917903, 48.723148147413298 ], [ -114.835555553993473, 48.723148147413298 ], [ -114.835555553993473, 48.723518517784065 ], [ -114.835462961400708, 48.723518517784065 ], [ -114.835462961400708, 48.723611110376758 ], [ -114.835370368807929, 48.723611110376758 ], [ -114.835370368807929, 48.723796295562146 ], [ -114.83527777621515, 48.723796295562146 ], [ -114.83527777621515, 48.723888888154832 ], [ -114.835185183622372, 48.723888888154832 ], [ -114.835185183622372, 48.724074073340219 ], [ -114.83527777621515, 48.724074073340219 ], [ -114.83527777621515, 48.724166665932913 ], [ -114.835370368807929, 48.724166665932913 ], [ -114.835370368807929, 48.724444443710986 ], [ -114.835462961400708, 48.724444443710986 ], [ -114.835462961400708, 48.724629628896373 ], [ -114.835555553993473, 48.724629628896373 ], [ -114.835555553993473, 48.724814814081761 ], [ -114.835648146586252, 48.724814814081761 ], [ -114.835648146586252, 48.724907406674447 ], [ -114.83574073917903, 48.724907406674447 ], [ -114.83574073917903, 48.725092591859834 ], [ -114.835833331771809, 48.725092591859834 ], [ -114.835833331771809, 48.725277777045221 ], [ -114.835925924364574, 48.725277777045221 ], [ -114.835925924364574, 48.725370369637908 ], [ -114.836018516957353, 48.725370369637908 ], [ -114.836018516957353, 48.725555554823295 ], [ -114.836111109550131, 48.725555554823295 ], [ -114.836111109550131, 48.726481480750216 ], [ -114.836018516957353, 48.726481480750216 ], [ -114.836018516957353, 48.72657407334291 ], [ -114.835925924364574, 48.72657407334291 ], [ -114.835925924364574, 48.727222221491758 ], [ -114.836018516957353, 48.727222221491758 ], [ -114.836018516957353, 48.727499999269831 ], [ -114.836296294735675, 48.727499999269831 ], [ -114.836296294735675, 48.727592591862525 ], [ -114.836481479921233, 48.727592591862525 ], [ -114.836481479921233, 48.727685184455218 ], [ -114.836851850292334, 48.727685184455218 ], [ -114.836851850292334, 48.727777777047905 ], [ -114.837407405848992, 48.727777777047905 ], [ -114.837407405848992, 48.727870369640598 ], [ -114.838148146591195, 48.727870369640598 ], [ -114.838148146591195, 48.727777777047905 ] ] ] } }
]
}
